Loan_ID,Issue_Date,Borrower_City,Employment_Type,Annual_Income_INR,Loan_Purpose,Loan_Amount_INR,Funded_Amount_INR,Interest_Rate,Loan_Term_Months,Risk_Grade,Loan_Status,Total_Repayment_INR,Investor_Count,Income_Verification,Loan_Channel,Year
P2P101175,2024-09-11,Bengaluru,Salaried,20000.0,Debt Consolidation,262500.0,236400.0,11.69,12,A,Completed,276700.0,8,Verified,Web,2024
P2P101704,2024-02-29,Delhi,Salaried,71100.0,Vehicle,133300.0,126400.0,11.01,24,B,Active,52700.0,4,Verified,Web,2024
P2P101493,2022-09-11,Delhi,Salaried,56900.0,Wedding,149800.0,143500.0,10.6,36,B,Active,58500.0,4,Verified,Web,2022
P2P101908,2023-06-26,Kolkata,Business Owner,64200.0,Home Improvement,140600.0,133200.0,11.24,24,B,Completed,162600.0,3,Verified,Web,2023
P2P101759,2021-12-03,Jaipur,Salaried,57700.0,Home Improvement,240900.0,225600.0,11.95,60,B,Active,153500.0,5,Verified,Mobile App,2021
P2P100790,2025-10-27,Pune,Salaried,117000.0,Travel,175500.0,165700.0,12.37,12,B,Active,78600.0,4,Verified,Web,2025
P2P101438,2024-12-29,Mumbai,Business Owner,72500.0,Medical,286500.0,261900.0,11.92,24,B,Completed,337400.0,8,Verified,Mobile App,2024
P2P100899,2021-02-09,Delhi,Salaried,58600.0,Home Improvement,648900.0,627800.0,10.04,24,B,Completed,705700.0,16,Not Verified,Web,2021
P2P100631,2025-01-09,Delhi,Salaried,61500.0,Medical,223200.0,202100.0,8.98,12,A,Completed,239900.0,6,Verified,Mobile App,2025
P2P100168,2022-06-07,Lucknow,Salaried,40800.0,Debt Consolidation,152300.0,142600.0,8.64,48,A,Active,107800.0,5,Verified,Web,2022
P2P100948,2025-08-29,Mumbai,Self-employed,28400.0,Education,74000.0,66700.0,11.67,12,B,Completed,82600.0,2,Verified,Web,2025
P2P101925,2025-04-19,Lucknow,Salaried,45300.0,Travel,143000.0,137100.0,9.88,24,B,Active,113000.0,3,Verified,Mobile App,2025
P2P100641,2021-03-03,Kolkata,Freelancer,98700.0,Debt Consolidation,200200.0,183800.0,11.15,48,A,Completed,259600.0,6,Verified,Mobile App,2021
P2P101937,2022-12-19,Hyderabad,Self-employed,113800.0,Home Improvement,82700.0,77100.0,7.5,36,A,Active,41800.0,3,Not Verified,Web,2022
P2P101809,2022-05-09,Mumbai,Self-employed,35700.0,Debt Consolidation,139900.0,132200.0,16.27,48,D,Active,130900.0,3,Verified,Mobile App,2022
P2P100788,2023-08-27,Kolkata,Business Owner,81200.0,Debt Consolidation,151100.0,149600.0,9.87,36,A,Completed,172800.0,4,Not Verified,Web,2023
P2P100310,2022-12-22,Kolkata,Business Owner,84800.0,Home Improvement,321100.0,295900.0,10.49,24,B,Active,237200.0,6,Verified,Mobile App,2022
P2P101179,2025-03-09,Mumbai,Salaried,49700.0,Vehicle,321500.0,303900.0,14.76,36,D,Late,115400.0,9,Not Verified,Web,2025
P2P100147,2024-08-05,Hyderabad,Salaried,20000.0,Education,131900.0,121700.0,7.62,60,A,Completed,166700.0,3,Verified,Mobile App,2024
P2P101872,2022-08-09,Bengaluru,Salaried,38600.0,Debt Consolidation,277400.0,255300.0,9.2,36,A,Completed,326100.0,7,Verified,Mobile App,2022
P2P100384,2025-08-01,Mumbai,Salaried,58700.0,Home Improvement,272100.0,269000.0,12.42,36,C,Completed,328600.0,6,Not Verified,Web,2025
P2P100569,2025-09-03,Delhi,Salaried,66100.0,Vehicle,437600.0,411200.0,13.59,36,C,Completed,547400.0,8,Verified,Web,2025
P2P101520,2025-10-02,Bengaluru,Self-employed,80700.0,Debt Consolidation,284400.0,262100.0,13.76,12,C,Defaulted,95800.0,7,Verified,Mobile App,2025
P2P100212,2024-12-09,Bengaluru,Self-employed,47900.0,Vehicle,300500.0,297100.0,15.38,24,C,Completed,345000.0,7,Verified,Web,2024
P2P101711,2022-03-18,Bengaluru,Salaried,52300.0,Debt Consolidation,93500.0,87200.0,9.09,36,A,Completed,110700.0,2,Verified,Mobile App,2022
P2P101915,2023-11-26,Bengaluru,Salaried,107300.0,Travel,394000.0,393000.0,7.56,48,A,Completed,451800.0,9,Verified,Web,2023
P2P101623,2024-05-25,Bengaluru,Business Owner,47700.0,Debt Consolidation,226800.0,215500.0,11.06,12,B,Completed,236300.0,8,Verified,Web,2024
P2P100524,2025-06-18,Mumbai,Self-employed,42000.0,Home Improvement,90500.0,90300.0,10.29,24,B,Completed,98500.0,3,Verified,Web,2025
P2P100175,2024-09-28,Hyderabad,Business Owner,87700.0,Debt Consolidation,242900.0,242800.0,18.73,24,D,Active,138900.0,5,Verified,Mobile App,2024
P2P101396,2025-06-02,Bengaluru,Salaried,29200.0,Travel,328100.0,297200.0,14.27,24,C,Completed,383500.0,9,Verified,Web,2025
P2P101088,2022-04-23,Pune,Salaried,80000.0,Debt Consolidation,372100.0,363900.0,12.6,24,B,Late,140900.0,8,Verified,Web,2022
P2P100392,2023-09-18,Delhi,Salaried,67800.0,Debt Consolidation,203600.0,195500.0,13.92,36,C,Active,113800.0,5,Verified,Mobile App,2023
P2P100027,2022-07-08,Ahmedabad,Salaried,102900.0,Small Business,228200.0,205700.0,7.64,48,A,Completed,265100.0,6,Verified,Web,2022
P2P101870,2025-01-25,Bengaluru,Self-employed,97100.0,Debt Consolidation,397500.0,367700.0,11.7,36,C,Completed,470200.0,12,Verified,Web,2025
P2P100337,2025-07-05,Mumbai,Self-employed,46000.0,Education,306300.0,290500.0,13.62,36,C,Completed,389000.0,11,Not Verified,Mobile App,2025
P2P100133,2022-01-02,Hyderabad,Self-employed,58400.0,Education,182400.0,171500.0,18.29,24,E,Late,67500.0,5,Not Verified,Mobile App,2022
P2P100003,2025-02-01,Ahmedabad,Business Owner,22900.0,Wedding,377700.0,364700.0,14.17,24,C,Active,294300.0,10,Verified,Mobile App,2025
P2P100881,2022-09-20,Kolkata,Salaried,76400.0,Home Improvement,191200.0,188600.0,11.66,24,B,Active,96500.0,4,Verified,Web,2022
P2P100138,2024-12-26,Jaipur,Salaried,69700.0,Small Business,306600.0,277300.0,11.12,36,A,Completed,359000.0,8,Verified,Mobile App,2024
P2P101673,2025-07-20,Jaipur,Self-employed,57000.0,Small Business,589100.0,574100.0,19.71,36,E,Active,246900.0,13,Verified,Mobile App,2025
P2P101841,2023-07-04,Pune,Salaried,28700.0,Education,147500.0,143900.0,14.0,36,C,Active,121400.0,4,Verified,Web,2023
P2P101577,2021-03-14,Pune,Self-employed,42300.0,Debt Consolidation,107000.0,98100.0,11.07,36,A,Completed,124000.0,2,Verified,Mobile App,2021
P2P101159,2025-07-25,Delhi,Salaried,41900.0,Vehicle,281900.0,275500.0,11.44,36,C,Completed,341100.0,7,Verified,Web,2025
P2P101014,2021-05-01,Mumbai,Self-employed,109900.0,Home Improvement,81000.0,80800.0,13.23,48,C,Completed,105700.0,2,Not Verified,Mobile App,2021
P2P100781,2024-12-12,Delhi,Salaried,38700.0,Debt Consolidation,200600.0,190400.0,16.17,60,C,Completed,289300.0,7,Verified,Mobile App,2024
P2P101017,2022-05-24,Mumbai,Salaried,64500.0,Small Business,162700.0,156000.0,11.67,24,B,Completed,189000.0,4,Verified,Mobile App,2022
P2P100811,2025-12-13,Kolkata,Salaried,99400.0,Debt Consolidation,438800.0,418500.0,10.51,60,A,Completed,571000.0,13,Verified,Web,2025
P2P101124,2025-05-09,Ahmedabad,Salaried,70100.0,Education,223300.0,202800.0,11.71,36,C,Completed,262200.0,8,Verified,Mobile App,2025
P2P100318,2022-05-07,Pune,Salaried,49700.0,Home Improvement,616200.0,603700.0,11.2,24,B,Completed,679700.0,14,Not Verified,Web,2022
P2P100361,2023-08-03,Unknown,Salaried,81100.0,Debt Consolidation,369200.0,354800.0,16.04,24,D,Completed,445300.0,10,Verified,Web,2023
P2P100496,2023-05-29,Bengaluru,Self-employed,111600.0,Education,394300.0,390800.0,12.92,36,C,Late,150400.0,9,Not Verified,Mobile App,2023
P2P100987,2024-12-04,Delhi,Self-employed,81100.0,Debt Consolidation,222900.0,211200.0,13.24,12,B,Completed,243000.0,8,Verified,Mobile App,2024
P2P100087,2025-01-29,Kolkata,Salaried,80400.0,Debt Consolidation,150000.0,146600.0,19.05,36,D,Defaulted,41900.0,3,Verified,Mobile App,2025
P2P100850,2024-07-14,Bengaluru,Salaried,76800.0,Home Improvement,255800.0,241800.0,12.02,48,B,Active,198500.0,9,Not Verified,Mobile App,2024
P2P100577,2022-03-07,Jaipur,Salaried,48000.0,Travel,317900.0,291000.0,19.43,12,E,Active,238600.0,6,Not Verified,Mobile App,2022
P2P100330,2022-10-29,Bengaluru,Business Owner,67600.0,Debt Consolidation,182400.0,178900.0,13.24,24,C,Active,109400.0,7,Verified,Web,2022
P2P100464,2024-06-26,Mumbai,Salaried,66300.0,Education,163700.0,150800.0,18.59,60,D,Completed,260800.0,3,Verified,Mobile App,2024
P2P101494,2021-08-13,Pune,Salaried,94100.0,Wedding,494200.0,449000.0,13.91,24,C,Late,287000.0,10,Verified,Mobile App,2021
P2P101660,2023-11-23,Chennai,Self-employed,114900.0,Wedding,132100.0,120200.0,11.73,12,A,Defaulted,48200.0,2,Not Verified,Web,2023
P2P100017,2023-02-25,Bengaluru,Business Owner,84600.0,Home Improvement,128700.0,119900.0,12.34,48,B,Completed,161100.0,3,Verified,Mobile App,2023
P2P101408,2025-05-04,Lucknow,Salaried,37100.0,Travel,109400.0,101100.0,10.82,60,B,Active,47100.0,2,Not Verified,Mobile App,2025
P2P101055,2025-12-29,Hyderabad,Salaried,63100.0,Small Business,337900.0,337000.0,12.91,36,B,Late,192600.0,8,Not Verified,Web,2025
P2P101684,2025-05-25,Hyderabad,Salaried,37700.0,Debt Consolidation,170400.0,154600.0,12.13,48,C,Defaulted,31400.0,3,Verified,Mobile App,2025
P2P100343,2022-05-07,Chennai,Business Owner,35400.0,Debt Consolidation,259200.0,253200.0,17.98,24,D,Completed,312700.0,10,Verified,Web,2022
P2P101317,2024-03-31,Bengaluru,Salaried,30500.0,Education,428900.0,419800.0,8.91,48,B,Active,330000.0,11,Verified,Web,2024
P2P101111,2025-05-16,Chennai,Freelancer,49700.0,Medical,316300.0,307900.0,11.98,24,C,Active,113100.0,7,Not Verified,Mobile App,2025
P2P101066,2025-02-08,Pune,Salaried,44500.0,Debt Consolidation,524100.0,488000.0,13.66,24,C,Active,400900.0,14,Not Verified,Web,2025
P2P101988,2024-02-14,Hyderabad,Freelancer,23300.0,Education,135000.0,128500.0,11.64,24,B,Active,85900.0,3,Verified,Mobile App,2024
P2P100112,2022-04-09,Delhi,Salaried,63800.0,Debt Consolidation,260600.0,244000.0,8.66,24,A,Completed,288100.0,8,Verified,Mobile App,2022
P2P100254,2023-03-21,Bengaluru,Salaried,29300.0,Vehicle,247500.0,243900.0,14.52,24,C,Defaulted,37100.0,8,Verified,Web,2023
P2P101564,2022-12-31,Chennai,Salaried,34800.0,Home Improvement,215800.0,212600.0,10.92,48,B,Completed,273800.0,4,Verified,Web,2022
P2P100520,2022-03-15,Bengaluru,Salaried,125500.0,Small Business,526600.0,522900.0,9.29,24,A,Completed,604600.0,17,Verified,Web,2022
P2P100859,2024-05-28,Jaipur,Business Owner,62200.0,Debt Consolidation,154700.0,143600.0,11.1,24,B,Completed,180400.0,3,Verified,Mobile App,2024
P2P100940,2024-06-15,Delhi,Business Owner,45000.0,Debt Consolidation,210800.0,202100.0,17.31,48,D,Active,101400.0,4,Verified,Mobile App,2024
P2P100971,2024-10-27,Mumbai,Salaried,82600.0,Home Improvement,114800.0,113500.0,9.41,24,B,Completed,124300.0,3,Verified,Mobile App,2024
P2P100420,2025-02-26,Hyderabad,Salaried,89700.0,Home Improvement,249200.0,241900.0,15.82,24,C,Defaulted,26400.0,5,Verified,Mobile App,2025
P2P101736,2025-08-12,Pune,Self-employed,29200.0,Education,179500.0,173400.0,14.65,12,D,Completed,197300.0,6,Verified,Web,2025
P2P100218,2025-02-19,Delhi,Salaried,64100.0,Debt Consolidation,458200.0,422500.0,11.37,24,C,Active,167100.0,14,Verified,Web,2025
P2P100469,2022-09-02,Jaipur,Freelancer,54200.0,Education,172400.0,163100.0,11.61,36,B,Active,133600.0,4,Verified,Mobile App,2022
P2P100432,2025-03-10,Lucknow,Salaried,40500.0,Vehicle,64800.0,63500.0,9.52,24,A,Completed,71400.0,2,Verified,Mobile App,2025
P2P101284,2021-01-30,Pune,Business Owner,38000.0,Wedding,79100.0,76300.0,12.0,48,B,Active,72200.0,2,Verified,Web,2021
P2P101086,2023-12-31,Bengaluru,Salaried,63400.0,Small Business,684600.0,635300.0,11.52,12,B,Active,378600.0,15,Verified,Mobile App,2023
P2P101833,2024-06-24,Mumbai,Business Owner,27600.0,Vehicle,111000.0,108800.0,11.71,36,B,Active,95400.0,2,Verified,Mobile App,2024
P2P101363,2024-08-25,Pune,Salaried,82200.0,Small Business,149700.0,139100.0,16.12,36,D,Active,136000.0,4,Verified,Mobile App,2024
P2P100153,2022-03-02,Bengaluru,Self-employed,27900.0,Small Business,107500.0,99900.0,13.14,36,B,Completed,129600.0,3,Verified,Mobile App,2022
P2P100638,2022-10-16,Pune,Self-employed,30600.0,Small Business,199100.0,181500.0,10.76,24,B,Completed,227500.0,7,Verified,Web,2022
P2P101421,2023-03-19,Mumbai,Salaried,59200.0,Small Business,235200.0,218500.0,10.73,24,A,Completed,258100.0,5,Verified,Web,2023
P2P100419,2024-11-09,Kolkata,Salaried,71000.0,Debt Consolidation,179900.0,179600.0,10.31,60,A,Active,105700.0,5,Verified,Mobile App,2024
P2P101501,2024-03-19,Pune,Salaried,38400.0,Debt Consolidation,984700.0,932000.0,14.1,24,C,Active,808400.0,28,Verified,Mobile App,2024
P2P101478,2025-03-11,Bengaluru,Self-employed,36000.0,Education,279500.0,255500.0,10.49,24,A,Completed,322800.0,7,Not Verified,Mobile App,2025
P2P100832,2023-12-03,Bengaluru,Self-employed,57500.0,Small Business,262900.0,239000.0,10.21,48,B,Completed,326400.0,5,Verified,Mobile App,2023
P2P101766,2023-04-05,Pune,Self-employed,83400.0,Debt Consolidation,291700.0,262600.0,19.93,48,E,Active,135200.0,7,Verified,Web,2023
P2P101600,2025-08-22,Mumbai,Self-employed,33100.0,Small Business,279800.0,256200.0,11.49,36,B,Active,174300.0,5,Verified,Web,2025
P2P101195,2021-05-21,Ahmedabad,Salaried,43600.0,Home Improvement,493500.0,475600.0,11.95,60,A,Completed,673900.0,13,Verified,Web,2021
P2P101814,2021-03-06,Hyderabad,Salaried,51200.0,Medical,238400.0,220100.0,18.66,48,E,Completed,344500.0,6,Verified,Mobile App,2021
P2P101570,2023-12-02,Bengaluru,Freelancer,129500.0,Vehicle,99000.0,92200.0,12.64,48,B,Active,90400.0,2,Not Verified,Mobile App,2023
P2P100390,2025-05-05,Pune,Salaried,40100.0,Small Business,250800.0,236300.0,22.46,60,E,Active,291800.0,7,Verified,Web,2025
P2P101362,2022-08-03,Hyderabad,Salaried,74100.0,Debt Consolidation,255000.0,238400.0,10.75,36,B,Completed,294000.0,7,Verified,Web,2022
P2P101295,2025-04-27,Mumbai,Business Owner,27100.0,Travel,116900.0,112400.0,12.15,36,B,Completed,140600.0,4,Not Verified,Mobile App,2025
P2P101400,2025-01-01,Mumbai,Business Owner,33300.0,Medical,294100.0,284400.0,10.35,24,B,Late,112200.0,9,Not Verified,Mobile App,2025
P2P101786,2025-08-23,Hyderabad,Business Owner,48800.0,Debt Consolidation,89600.0,87500.0,9.13,36,A,Completed,106000.0,2,Verified,Web,2025
P2P100690,2022-06-08,Bengaluru,Freelancer,84800.0,Home Improvement,392800.0,369900.0,14.68,24,C,Completed,477900.0,9,Verified,Mobile App,2022
P2P100685,2025-10-05,Chennai,Business Owner,29300.0,Home Improvement,141600.0,131700.0,12.33,60,B,Active,108400.0,4,Verified,Web,2025
P2P100116,2025-07-25,Chennai,Salaried,106900.0,Debt Consolidation,233700.0,217500.0,14.2,12,C,Active,93000.0,4,Verified,Mobile App,2025
P2P100561,2024-12-28,Mumbai,Self-employed,131300.0,Vehicle,166800.0,166100.0,13.9,36,C,Active,101500.0,6,Verified,Mobile App,2024
P2P101856,2022-11-08,Delhi,Business Owner,34500.0,Debt Consolidation,146800.0,138100.0,12.81,24,B,Active,109800.0,3,Not Verified,Mobile App,2022
P2P101638,2022-03-19,Pune,Business Owner,48400.0,Debt Consolidation,63500.0,57700.0,11.67,48,B,Completed,80000.0,2,Not Verified,Mobile App,2022
P2P101936,2025-05-03,Bengaluru,Self-employed,35300.0,Education,195100.0,183900.0,17.8,24,D,Completed,240700.0,4,Verified,Mobile App,2025
P2P101752,2022-08-13,Chennai,Business Owner,44100.0,Wedding,107900.0,105500.0,13.9,36,C,Completed,137500.0,2,Verified,Mobile App,2022
P2P100654,2025-02-18,Mumbai,Business Owner,25000.0,Debt Consolidation,435600.0,395700.0,11.78,12,B,Active,273400.0,10,Not Verified,Mobile App,2025
P2P101827,2021-05-09,Lucknow,Self-employed,50700.0,Education,245100.0,232600.0,9.62,12,A,Active,189000.0,6,Verified,Web,2021
P2P100320,2022-11-03,Bengaluru,Salaried,60000.0,Home Improvement,345100.0,319300.0,8.13,24,A,Active,229200.0,7,Verified,Web,2022
P2P100655,2023-10-24,Mumbai,Salaried,57400.0,Small Business,103300.0,99000.0,14.41,60,D,Active,83100.0,3,Verified,Mobile App,2023
P2P100979,2024-02-14,Kolkata,Salaried,38800.0,Small Business,462600.0,427200.0,10.99,48,B,Completed,574400.0,16,Verified,Mobile App,2024
P2P101044,2024-08-30,Bengaluru,Self-employed,34800.0,Home Improvement,198000.0,186100.0,11.66,36,C,Active,172600.0,5,Not Verified,Mobile App,2024
P2P101567,2024-11-02,Jaipur,Self-employed,32700.0,Medical,281600.0,263000.0,10.61,36,A,Completed,338300.0,5,Verified,Mobile App,2024
P2P100825,2024-04-16,Mumbai,Salaried,55600.0,Home Improvement,318900.0,318700.0,13.78,36,C,Completed,398500.0,8,Verified,Mobile App,2024
P2P100820,2023-04-25,Chennai,Salaried,37700.0,Home Improvement,87300.0,79300.0,20.04,24,E,Completed,105000.0,2,Verified,Web,2023
P2P100007,2021-06-27,Hyderabad,Salaried,53300.0,Home Improvement,145000.0,144700.0,10.15,60,B,Completed,188700.0,5,Not Verified,Mobile App,2021
P2P100208,2024-10-26,Delhi,Salaried,104400.0,Vehicle,323600.0,304600.0,11.22,36,B,Active,128200.0,7,Verified,Mobile App,2024
P2P101723,2023-02-23,Bengaluru,Business Owner,18000.0,Wedding,361800.0,331400.0,14.86,60,C,Completed,513400.0,8,Verified,Mobile App,2023
P2P100010,2025-01-02,Mumbai,Salaried,94900.0,Education,1271000.0,1254100.0,14.18,24,C,Late,543000.0,35,Verified,Web,2025
P2P100434,2021-11-06,Hyderabad,Freelancer,69200.0,Debt Consolidation,145400.0,132300.0,8.89,12,A,Active,67400.0,3,Not Verified,Mobile App,2021
P2P100249,2025-11-16,Chennai,Self-employed,54600.0,Medical,92700.0,87300.0,10.48,36,B,Completed,107800.0,2,Not Verified,Mobile App,2025
P2P101627,2022-07-11,Jaipur,Salaried,63300.0,Debt Consolidation,344100.0,309800.0,15.3,36,C,Completed,447200.0,9,Verified,Web,2022
P2P101192,2024-06-24,Hyderabad,Self-employed,55000.0,Wedding,283900.0,259200.0,11.15,48,B,Completed,364700.0,9,Verified,Web,2024
P2P101473,2025-08-02,Ahmedabad,Salaried,79400.0,Medical,180800.0,164000.0,16.93,24,D,Completed,221500.0,4,Verified,Mobile App,2025
P2P101629,2021-10-24,Jaipur,Salaried,72300.0,Vehicle,139100.0,131100.0,14.37,36,C,Active,56400.0,3,Verified,Web,2021
P2P100334,2021-12-22,Hyderabad,Self-employed,54400.0,Small Business,103000.0,95700.0,14.21,36,C,Completed,127800.0,3,Verified,Web,2021
P2P101028,2025-06-21,Lucknow,Salaried,44400.0,Medical,326400.0,302400.0,9.3,24,A,Completed,368100.0,8,Not Verified,Web,2025
P2P100584,2023-04-12,Bengaluru,Business Owner,38100.0,Home Improvement,290700.0,280300.0,13.28,24,B,Active,110800.0,6,Verified,Web,2023
P2P100753,2024-09-02,Delhi,Self-employed,58700.0,Debt Consolidation,70800.0,65600.0,9.62,48,A,Completed,87000.0,2,Verified,Mobile App,2024
P2P101790,2024-03-18,Pune,Salaried,80500.0,Travel,104900.0,100100.0,9.73,36,A,Completed,126700.0,2,Verified,Mobile App,2024
P2P100234,2024-02-08,Mumbai,Business Owner,79600.0,Vehicle,349000.0,325300.0,11.52,24,B,Completed,409100.0,7,Not Verified,Web,2024
P2P100079,2023-06-08,Pune,Business Owner,138800.0,Travel,235000.0,222700.0,13.13,36,C,Completed,288700.0,6,Verified,Mobile App,2023
P2P101832,2024-07-24,Delhi,Salaried,125500.0,Vehicle,184200.0,180300.0,14.38,36,D,Completed,237900.0,7,Verified,Mobile App,2024
P2P101008,2025-06-27,Bengaluru,Business Owner,35500.0,Debt Consolidation,430400.0,413600.0,14.96,12,C,Completed,476500.0,15,Not Verified,Web,2025
P2P101007,2024-12-10,Hyderabad,Business Owner,34300.0,Wedding,253900.0,246900.0,13.89,48,C,Completed,332200.0,7,Not Verified,Web,2024
P2P101171,2024-08-16,Hyderabad,Salaried,31500.0,Small Business,65700.0,64900.0,10.75,24,B,Completed,76400.0,2,Not Verified,Mobile App,2024
P2P100571,2024-03-12,Pune,Salaried,30000.0,Home Improvement,69700.0,66100.0,12.61,24,B,Completed,81300.0,1,Verified,Mobile App,2024
P2P100944,2025-06-03,Bengaluru,Salaried,41400.0,Small Business,133900.0,130400.0,10.75,24,B,Completed,151000.0,4,Verified,Web,2025
P2P101027,2025-07-13,Bengaluru,Salaried,29600.0,Travel,254700.0,246200.0,7.73,36,A,Completed,286200.0,7,Verified,Web,2025
P2P101367,2025-01-12,Hyderabad,Self-employed,54900.0,Home Improvement,120600.0,109300.0,10.62,48,B,Active,90900.0,3,Verified,Mobile App,2025
P2P100209,2021-01-16,Delhi,Salaried,110500.0,Debt Consolidation,220400.0,211500.0,10.07,36,A,Completed,264700.0,6,Verified,Mobile App,2021
P2P100172,2021-02-20,Pune,Freelancer,18800.0,Debt Consolidation,149500.0,139900.0,8.03,60,A,Active,108500.0,5,Verified,Mobile App,2021
P2P101377,2023-11-19,Hyderabad,Salaried,40100.0,Small Business,264600.0,243200.0,14.99,60,C,Completed,373200.0,7,Verified,Web,2023
P2P101999,2021-06-24,Jaipur,Salaried,105800.0,Education,760100.0,724500.0,10.73,36,B,Completed,926600.0,15,Verified,Mobile App,2021
P2P100873,2024-09-27,Pune,Salaried,102100.0,Wedding,451200.0,449600.0,14.69,36,C,Completed,562300.0,13,Not Verified,Mobile App,2024
P2P100947,2022-02-11,Bengaluru,Self-employed,23200.0,Education,522200.0,517800.0,13.35,12,C,Defaulted,116000.0,18,Verified,Mobile App,2022
P2P101788,2024-08-12,Jaipur,Business Owner,43500.0,Education,585600.0,532100.0,11.02,48,B,Completed,761600.0,18,Not Verified,Mobile App,2024
P2P100262,2025-12-19,Ahmedabad,Business Owner,106600.0,Medical,251900.0,234400.0,11.92,48,B,Completed,317600.0,5,Verified,Web,2025
P2P100070,2025-12-15,Mumbai,Business Owner,50500.0,Home Improvement,121300.0,113300.0,12.18,36,C,Late,62400.0,4,Verified,Mobile App,2025
P2P100357,2021-03-23,Pune,Salaried,52300.0,Wedding,230000.0,221300.0,14.43,12,B,Completed,244000.0,5,Verified,Mobile App,2021
P2P100033,2021-07-19,Kolkata,Salaried,52200.0,Education,430100.0,414300.0,17.42,60,D,Late,320600.0,12,Verified,Mobile App,2021
P2P100203,2022-04-10,Jaipur,Salaried,88800.0,Home Improvement,90200.0,89300.0,7.92,36,A,Completed,101000.0,3,Verified,Mobile App,2022
P2P101714,2023-12-17,Hyderabad,Freelancer,100700.0,Medical,226000.0,213000.0,14.47,36,C,Completed,286900.0,7,Verified,Web,2023
P2P101075,2025-12-16,Hyderabad,Freelancer,67800.0,Medical,57500.0,56100.0,17.6,24,D,Completed,71400.0,1,Verified,Web,2025
P2P100563,2022-02-10,Mumbai,Business Owner,54700.0,Debt Consolidation,298900.0,298800.0,10.53,12,B,Active,204700.0,7,Verified,Mobile App,2022
P2P101376,2025-07-24,Bengaluru,Business Owner,18000.0,Small Business,618200.0,594900.0,15.39,36,C,Active,274800.0,19,Not Verified,Web,2025
P2P101795,2021-05-08,Chennai,Salaried,92400.0,Debt Consolidation,340800.0,310800.0,14.5,24,C,Completed,404900.0,8,Verified,Mobile App,2021
P2P100913,2024-08-27,Mumbai,Salaried,55300.0,Small Business,147300.0,137900.0,8.72,60,A,Completed,183100.0,3,Verified,Mobile App,2024
P2P100545,2024-08-18,Hyderabad,Salaried,57300.0,Debt Consolidation,175900.0,162000.0,7.95,60,A,Active,81500.0,4,Verified,Mobile App,2024
P2P100169,2021-05-05,Bengaluru,Salaried,55900.0,Small Business,209400.0,208500.0,19.98,36,D,Completed,275400.0,7,Verified,Mobile App,2021
P2P101397,2023-10-23,Mumbai,Salaried,67200.0,Vehicle,481000.0,452200.0,15.66,36,C,Completed,607300.0,10,Verified,Web,2023
P2P101458,2024-11-15,Delhi,Salaried,30700.0,Small Business,153800.0,152700.0,16.71,36,D,Defaulted,32300.0,4,Verified,Mobile App,2024
P2P100374,2024-11-25,Jaipur,Salaried,78000.0,Home Improvement,395400.0,394100.0,14.2,36,C,Late,221900.0,11,Verified,Web,2024
P2P101411,2022-07-22,Delhi,Self-employed,49200.0,Home Improvement,95400.0,88500.0,9.3,36,A,Completed,111500.0,2,Verified,Mobile App,2022
P2P101987,2025-01-27,Kolkata,Salaried,41400.0,Debt Consolidation,150200.0,144800.0,13.08,36,C,Completed,185100.0,4,Verified,Mobile App,2025
P2P100233,2024-06-16,Unknown,Salaried,40400.0,Wedding,501100.0,465800.0,13.19,36,B,Completed,613200.0,18,Verified,Web,2024
P2P101793,2024-03-09,Delhi,Freelancer,56000.0,Medical,204300.0,202700.0,13.34,36,C,Completed,244500.0,5,Verified,Web,2024
P2P100164,2024-04-14,Delhi,Salaried,79200.0,Vehicle,171700.0,154800.0,9.87,48,B,Active,115900.0,5,Verified,Web,2024
P2P101601,2022-06-20,Chennai,Salaried,65500.0,Debt Consolidation,106400.0,98700.0,16.4,36,D,Active,78700.0,3,Verified,Mobile App,2022
P2P101995,2025-02-25,Bengaluru,Salaried,133700.0,Education,47600.0,45200.0,9.76,24,A,Completed,54300.0,2,Verified,Mobile App,2025
P2P101074,2021-02-24,Bengaluru,Salaried,133600.0,Debt Consolidation,112900.0,104000.0,18.13,24,D,Completed,139900.0,3,Verified,Mobile App,2021
P2P100352,2025-07-06,Hyderabad,Self-employed,64000.0,Wedding,201200.0,188100.0,14.89,48,C,Completed,274800.0,7,Verified,Mobile App,2025
P2P100489,2025-10-31,Delhi,Business Owner,52900.0,Medical,55600.0,55000.0,9.75,48,A,Completed,70500.0,1,Verified,Mobile App,2025
P2P101288,2023-05-24,Mumbai,Salaried,59400.0,Vehicle,369700.0,369500.0,18.54,24,D,Active,333000.0,15,Verified,Mobile App,2023
P2P101019,2025-09-17,Delhi,Salaried,73200.0,Debt Consolidation,164300.0,156100.0,13.69,36,B,Active,77100.0,4,Verified,Mobile App,2025
P2P101516,2021-01-24,Ahmedabad,Business Owner,36700.0,Wedding,220300.0,215700.0,11.35,36,B,Completed,269600.0,5,Verified,Mobile App,2021
P2P100064,2023-06-04,Pune,Salaried,122900.0,Education,276500.0,251300.0,19.0,36,D,Completed,367400.0,5,Verified,Web,2023
P2P100157,2024-11-09,Kolkata,Salaried,40200.0,Debt Consolidation,125400.0,114200.0,11.68,24,A,Completed,143700.0,2,Not Verified,Mobile App,2024
P2P100797,2025-10-08,Lucknow,Salaried,37100.0,Debt Consolidation,235900.0,234500.0,14.9,36,D,Completed,303700.0,5,Verified,Web,2025
P2P101918,2024-07-11,Bengaluru,Self-employed,30200.0,Home Improvement,308700.0,289200.0,18.16,24,D,Active,243900.0,6,Verified,Web,2024
P2P100765,2021-04-13,Kolkata,Salaried,46300.0,Debt Consolidation,122800.0,115900.0,9.32,24,A,Completed,141500.0,3,Verified,Web,2021
P2P100615,2025-07-27,Bengaluru,Salaried,33700.0,Home Improvement,692000.0,649900.0,12.8,24,B,Completed,819000.0,23,Verified,Mobile App,2025
P2P101247,2022-01-29,Chennai,Business Owner,76700.0,Education,146300.0,141400.0,8.22,36,A,Completed,173400.0,4,Verified,Web,2022
P2P101100,2023-05-23,Jaipur,Salaried,71200.0,Home Improvement,170400.0,170400.0,7.65,36,A,Completed,189600.0,4,Verified,Web,2023
P2P101928,2024-01-21,Ahmedabad,Self-employed,76600.0,Small Business,129200.0,127900.0,11.66,36,B,Completed,160400.0,3,Verified,Mobile App,2024
P2P101574,2025-07-14,Kolkata,Self-employed,46900.0,Travel,217000.0,215600.0,11.25,48,B,Active,153000.0,5,Verified,Mobile App,2025
P2P101319,2021-09-07,Hyderabad,Salaried,38300.0,Vehicle,278400.0,261900.0,13.66,60,B,Completed,397500.0,6,Verified,Web,2021
P2P100045,2022-11-23,Chennai,Salaried,45300.0,Vehicle,172300.0,155200.0,13.01,24,C,Active,90700.0,3,Verified,Web,2022
P2P101446,2022-05-16,Chennai,Salaried,62800.0,Medical,103700.0,99300.0,9.34,48,B,Active,66800.0,3,Verified,Web,2022
P2P100854,2025-08-27,Kolkata,Unknown,21700.0,Wedding,162800.0,150400.0,14.39,36,B,Completed,202600.0,3,Verified,Mobile App,2025
P2P100260,2021-10-25,Mumbai,Salaried,100800.0,Home Improvement,348900.0,315000.0,12.88,24,B,Active,144500.0,11,Verified,Web,2021
P2P101429,2024-09-19,Chennai,Self-employed,110100.0,Vehicle,95900.0,93300.0,12.24,48,B,Active,89800.0,3,Verified,Web,2024
P2P100857,2021-04-22,Pune,Salaried,37400.0,Debt Consolidation,545800.0,544500.0,11.27,60,A,Completed,746800.0,20,Verified,Web,2021
P2P100821,2025-04-30,Hyderabad,Salaried,44400.0,Wedding,342600.0,338800.0,14.67,24,C,Completed,400800.0,8,Not Verified,Mobile App,2025
P2P100523,2025-11-24,Kolkata,Business Owner,77100.0,Debt Consolidation,390700.0,387900.0,10.32,24,B,Completed,439200.0,12,Verified,Mobile App,2025
P2P101399,2024-08-17,Chennai,Salaried,82200.0,Debt Consolidation,187500.0,171100.0,11.74,24,B,Completed,219800.0,4,Verified,Web,2024
P2P101630,2023-11-29,Kolkata,Salaried,100800.0,Medical,126900.0,118500.0,10.58,48,B,Completed,159600.0,2,Verified,Web,2023
P2P100624,2024-01-26,Pune,Self-employed,54400.0,Wedding,334100.0,332200.0,12.9,48,C,Active,143600.0,8,Verified,Web,2024
P2P100317,2023-09-11,Chennai,Self-employed,28800.0,Debt Consolidation,345300.0,322600.0,11.07,48,B,Completed,444100.0,8,Verified,Web,2023
P2P101970,2021-03-22,Jaipur,Business Owner,88500.0,Home Improvement,170700.0,168200.0,15.46,24,C,Active,94300.0,6,Verified,Web,2021
P2P101346,2023-10-13,Mumbai,Salaried,138000.0,Small Business,215900.0,211500.0,13.82,36,C,Active,148900.0,5,Verified,Mobile App,2023
P2P100619,2025-05-04,Hyderabad,Salaried,61800.0,Vehicle,657100.0,623000.0,11.44,36,B,Active,233900.0,16,Verified,Mobile App,2025
P2P101645,2021-09-30,Mumbai,Self-employed,91100.0,Small Business,48000.0,45400.0,10.52,24,B,Completed,54800.0,1,Verified,Web,2021
P2P101946,2024-03-17,Bengaluru,Salaried,45900.0,Debt Consolidation,331600.0,331500.0,12.27,36,B,Late,149700.0,8,Verified,Mobile App,2024
P2P101875,2025-02-02,Hyderabad,Salaried,113000.0,Debt Consolidation,209100.0,203400.0,12.26,36,B,Defaulted,68300.0,7,Verified,Mobile App,2025
P2P100351,2024-02-24,Bengaluru,Business Owner,39300.0,Medical,317200.0,310000.0,11.02,24,B,Completed,353200.0,9,Verified,Mobile App,2024
P2P100839,2024-06-22,Bengaluru,Salaried,18000.0,Small Business,219800.0,209500.0,9.05,36,A,Completed,257200.0,5,Verified,Web,2024
P2P100023,2023-02-02,Ahmedabad,Self-employed,44100.0,Wedding,229600.0,224800.0,10.27,24,A,Completed,260700.0,6,Verified,Web,2023
P2P101355,2024-01-30,Mumbai,Salaried,109000.0,Debt Consolidation,326400.0,314400.0,11.26,60,B,Completed,439900.0,12,Verified,Web,2024
P2P101982,2025-04-30,Mumbai,Salaried,18000.0,Vehicle,256000.0,242000.0,9.48,36,A,Active,170800.0,7,Verified,Web,2025
P2P101632,2023-05-18,Pune,Self-employed,101400.0,Debt Consolidation,137600.0,126900.0,15.25,36,C,Completed,179800.0,3,Verified,Web,2023
P2P100488,2023-01-12,Delhi,Salaried,74900.0,Vehicle,138700.0,129500.0,11.15,12,B,Active,55600.0,4,Not Verified,Web,2023
P2P101300,2024-12-31,Pune,Salaried,43700.0,Vehicle,501800.0,457900.0,14.12,24,C,Completed,578600.0,11,Verified,Mobile App,2024
P2P100799,2024-12-16,Bengaluru,Salaried,49800.0,Travel,176300.0,158800.0,14.83,12,C,Active,105800.0,3,Verified,Mobile App,2024
P2P100393,2023-07-03,Kolkata,Self-employed,69500.0,Home Improvement,215100.0,199900.0,11.32,24,B,Active,82400.0,7,Verified,Web,2023
P2P100219,2024-10-05,Delhi,Self-employed,47000.0,Vehicle,189000.0,170300.0,14.55,36,C,Active,117000.0,5,Verified,Web,2024
P2P101538,2024-11-22,Delhi,Business Owner,46700.0,Home Improvement,99400.0,98400.0,14.89,24,B,Completed,120000.0,4,Verified,Mobile App,2024
P2P101562,2022-10-03,Chennai,Freelancer,41200.0,Vehicle,109500.0,103200.0,19.94,24,E,Active,40800.0,2,Verified,Web,2022
P2P100465,2025-11-14,Ahmedabad,Self-employed,143800.0,Medical,425700.0,395200.0,12.97,36,C,Active,385600.0,10,Verified,Mobile App,2025
P2P100154,2024-02-03,Bengaluru,Salaried,35000.0,Vehicle,354100.0,353500.0,11.88,48,B,Completed,452500.0,12,Verified,Mobile App,2024
P2P101134,2022-08-25,Mumbai,Salaried,62800.0,Education,87400.0,85900.0,10.11,48,B,Completed,107500.0,3,Verified,Web,2022
P2P101338,2024-11-21,Mumbai,Salaried,24200.0,Small Business,188100.0,178600.0,17.61,12,D,Active,148900.0,6,Verified,Mobile App,2024
P2P100966,2023-06-02,Bengaluru,Salaried,57000.0,Small Business,62900.0,60600.0,12.45,36,A,Completed,70900.0,2,Verified,Mobile App,2023
P2P101216,2022-08-26,Pune,Unknown,49200.0,Debt Consolidation,477000.0,443200.0,10.95,60,A,Completed,630800.0,14,Not Verified,Web,2022
P2P100408,2021-02-03,Delhi,Salaried,48300.0,Debt Consolidation,124600.0,116800.0,10.69,24,B,Active,82500.0,3,Verified,Web,2021
P2P100161,2023-06-25,Bengaluru,Salaried,51000.0,Small Business,296400.0,289000.0,12.34,36,B,Late,211100.0,6,Not Verified,Mobile App,2023
P2P100599,2022-06-21,Jaipur,Salaried,84200.0,Debt Consolidation,203900.0,188600.0,11.65,36,B,Late,115100.0,5,Verified,Web,2022
P2P101938,2025-05-28,Pune,Salaried,35600.0,Debt Consolidation,379800.0,366200.0,12.65,36,C,Completed,472600.0,9,Not Verified,Web,2025
P2P100723,2021-07-23,Ahmedabad,Salaried,91800.0,Vehicle,226900.0,226600.0,8.96,36,A,Active,116600.0,7,Verified,Web,2021
P2P100503,2023-03-07,Hyderabad,Salaried,37300.0,Medical,285400.0,281500.0,17.28,24,C,Completed,355900.0,6,Verified,Mobile App,2023
P2P101829,2025-04-25,Pune,Salaried,48600.0,Vehicle,271600.0,255700.0,14.49,24,C,Completed,324600.0,5,Verified,Web,2025
P2P100402,2025-09-01,Jaipur,Salaried,29300.0,Debt Consolidation,333100.0,311400.0,15.76,36,C,Active,188700.0,6,Verified,Web,2025
P2P100713,2024-01-07,Chennai,Salaried,47900.0,Home Improvement,191400.0,179600.0,18.49,24,D,Completed,230000.0,5,Not Verified,Mobile App,2024
P2P100958,2021-05-24,Chennai,Self-employed,165800.0,Vehicle,186800.0,175400.0,17.89,36,D,Completed,244400.0,7,Not Verified,Mobile App,2021
P2P101787,2024-09-15,Delhi,Salaried,67100.0,Medical,362900.0,347800.0,9.26,36,A,Completed,427500.0,8,Verified,Web,2024
P2P100726,2025-06-18,Bengaluru,Salaried,33100.0,Home Improvement,441500.0,416600.0,15.75,36,C,Completed,580100.0,15,Verified,Web,2025
P2P100495,2023-12-24,Lucknow,Self-employed,109900.0,Education,157500.0,148800.0,12.23,24,B,Active,69900.0,5,Verified,Mobile App,2023
P2P101112,2022-09-04,Jaipur,Business Owner,65800.0,Debt Consolidation,169100.0,169000.0,13.08,24,B,Completed,194100.0,4,Verified,Web,2022
P2P101639,2025-12-22,Bengaluru,Salaried,22600.0,Debt Consolidation,152100.0,145800.0,14.1,36,D,Active,89400.0,3,Verified,Mobile App,2025
P2P100016,2022-05-31,Kolkata,Salaried,43400.0,Home Improvement,379900.0,372900.0,14.24,12,C,Active,284500.0,9,Verified,Mobile App,2022
P2P101715,2021-06-28,Bengaluru,Self-employed,39500.0,Travel,109500.0,109400.0,10.49,36,B,Active,83300.0,3,Verified,Web,2021
P2P100437,2021-08-11,Pune,Salaried,206100.0,Home Improvement,575000.0,563300.0,21.42,24,E,Late,302200.0,19,Verified,Web,2021
P2P101289,2021-04-12,Lucknow,Salaried,37600.0,Wedding,388900.0,377000.0,9.56,12,A,Active,246100.0,9,Verified,Mobile App,2021
P2P101692,2024-02-23,Jaipur,Salaried,82800.0,Education,83100.0,76800.0,14.93,36,C,Completed,103700.0,2,Verified,Mobile App,2024
P2P102000,2023-01-14,Bengaluru,Salaried,44300.0,Debt Consolidation,116600.0,113100.0,12.06,12,B,Late,53400.0,3,Not Verified,Mobile App,2023
P2P100963,2022-10-23,Lucknow,Salaried,51500.0,Home Improvement,120000.0,117800.0,19.48,36,E,Active,95200.0,3,Verified,Web,2022
P2P100293,2025-05-25,Lucknow,Salaried,24000.0,Debt Consolidation,206700.0,189000.0,11.39,24,B,Completed,233100.0,7,Verified,Web,2025
P2P100818,2023-08-23,Jaipur,Business Owner,74900.0,Debt Consolidation,538600.0,513100.0,12.59,24,B,Active,420400.0,16,Not Verified,Mobile App,2023
P2P100841,2021-02-10,Jaipur,Freelancer,55900.0,Home Improvement,258600.0,233200.0,12.21,36,B,Completed,304500.0,8,Verified,Web,2021
P2P101147,2025-04-23,Kolkata,Self-employed,96000.0,Wedding,171700.0,154500.0,15.47,24,C,Active,96900.0,3,Verified,Web,2025
P2P100386,2025-05-01,Pune,Salaried,54400.0,Medical,539500.0,498800.0,9.83,36,A,Active,314000.0,10,Verified,Mobile App,2025
P2P100092,2025-01-09,Kolkata,Salaried,40800.0,Travel,175700.0,158400.0,10.43,24,A,Completed,195100.0,5,Not Verified,Mobile App,2025
P2P100917,2023-02-06,Delhi,Salaried,33300.0,Small Business,122600.0,112600.0,10.55,36,B,Active,88700.0,2,Verified,Mobile App,2023
P2P100305,2025-01-25,Delhi,Business Owner,38200.0,Wedding,87300.0,79200.0,11.26,36,B,Active,58100.0,2,Verified,Web,2025
P2P101481,2025-05-19,Delhi,Business Owner,57700.0,Debt Consolidation,106900.0,100500.0,14.63,48,C,Defaulted,18100.0,2,Verified,Web,2025
P2P101194,2024-08-22,Mumbai,Freelancer,43900.0,Home Improvement,100200.0,92800.0,10.8,60,B,Active,55500.0,3,Verified,Web,2024
P2P101748,2022-11-26,Kolkata,Freelancer,57100.0,Home Improvement,291700.0,277500.0,21.45,60,E,Active,211400.0,6,Verified,Web,2022
P2P100282,2023-04-30,Pune,Self-employed,27500.0,Home Improvement,331300.0,301400.0,17.47,24,D,Active,286700.0,8,Not Verified,Mobile App,2023
P2P100232,2024-02-23,Jaipur,Salaried,96800.0,Debt Consolidation,540600.0,490000.0,14.1,36,C,Completed,660300.0,11,Not Verified,Web,2024
P2P101524,2021-11-07,Chennai,Salaried,92900.0,Debt Consolidation,81200.0,73700.0,17.77,12,D,Late,57100.0,2,Verified,Mobile App,2021
P2P100443,2023-07-08,Chennai,Salaried,35000.0,Small Business,834600.0,829800.0,13.3,36,C,Late,623400.0,32,Verified,Mobile App,2023
P2P100665,2021-11-08,Jaipur,Business Owner,42400.0,Medical,173700.0,170000.0,10.55,36,B,Late,112100.0,4,Verified,Mobile App,2021
P2P100996,2021-10-08,Pune,Business Owner,34200.0,Vehicle,138700.0,130500.0,14.69,24,C,Active,85100.0,5,Verified,Mobile App,2021
P2P100814,2025-09-24,Kolkata,Salaried,45300.0,Debt Consolidation,397700.0,367700.0,11.65,48,B,Active,256400.0,8,Verified,Web,2025
P2P100144,2023-02-18,Ahmedabad,Business Owner,36700.0,Home Improvement,126500.0,119700.0,14.25,48,C,Active,52700.0,3,Verified,Mobile App,2023
P2P100669,2022-06-07,Bengaluru,Self-employed,34000.0,Small Business,170600.0,168000.0,7.5,24,A,Completed,185400.0,4,Verified,Web,2022
P2P100822,2021-01-15,Hyderabad,Salaried,53900.0,Debt Consolidation,222000.0,212600.0,12.53,48,B,Completed,294400.0,6,Verified,Mobile App,2021
P2P100181,2023-05-06,Pune,Salaried,36900.0,Home Improvement,762700.0,740400.0,19.74,36,E,Defaulted,154200.0,18,Verified,Web,2023
P2P101423,2021-05-08,Delhi,Freelancer,114900.0,Small Business,135100.0,123700.0,12.53,60,B,Active,99400.0,5,Verified,Web,2021
P2P100521,2024-07-12,Mumbai,Business Owner,54400.0,Small Business,261400.0,246800.0,15.2,36,C,Active,139400.0,7,Verified,Mobile App,2024
P2P101585,2025-12-16,Hyderabad,Salaried,93100.0,Home Improvement,200800.0,194400.0,10.35,24,B,Late,120200.0,4,Verified,Mobile App,2025
P2P101703,2023-03-11,Unknown,Salaried,97700.0,Home Improvement,479000.0,475200.0,11.31,12,A,Completed,511800.0,16,Verified,Web,2023
P2P100962,2024-07-26,Delhi,Salaried,101400.0,Home Improvement,133700.0,127000.0,7.96,36,A,Completed,157100.0,4,Verified,Mobile App,2024
P2P100588,2022-01-23,Bengaluru,Salaried,52700.0,Small Business,185400.0,170000.0,7.5,60,A,Active,96800.0,4,Verified,Mobile App,2022
P2P100204,2025-08-27,Chennai,Freelancer,49000.0,Debt Consolidation,180400.0,172100.0,10.23,36,A,Completed,216300.0,4,Not Verified,Mobile App,2025
P2P100694,2022-10-16,Kolkata,Salaried,48100.0,Education,235000.0,231200.0,11.92,24,B,Completed,273600.0,7,Not Verified,Web,2022
P2P100308,2023-04-01,Delhi,Self-employed,60300.0,Medical,133500.0,121300.0,14.11,36,C,Active,83900.0,2,Not Verified,Mobile App,2023
P2P100853,2022-08-01,Jaipur,Business Owner,46200.0,Debt Consolidation,181600.0,179900.0,13.52,36,B,Active,87500.0,6,Not Verified,Web,2022
P2P100479,2025-11-23,Hyderabad,Self-employed,94500.0,Debt Consolidation,136500.0,127000.0,12.08,24,A,Active,76100.0,3,Verified,Web,2025
P2P100192,2025-08-26,Chennai,Business Owner,74100.0,Wedding,153300.0,152500.0,9.72,12,B,Defaulted,52800.0,4,Not Verified,Mobile App,2025
P2P100675,2023-09-14,Bengaluru,Salaried,63500.0,Wedding,268600.0,259200.0,7.5,36,A,Completed,304900.0,5,Verified,Web,2023
P2P101149,2025-06-29,Hyderabad,Self-employed,44800.0,Vehicle,196500.0,190000.0,9.24,24,B,Completed,220700.0,6,Verified,Web,2025
P2P100108,2025-03-02,Bengaluru,Salaried,59700.0,Wedding,214200.0,211200.0,10.41,36,A,Completed,260200.0,7,Verified,Mobile App,2025
P2P101342,2023-12-22,Delhi,Freelancer,55200.0,Medical,229300.0,227900.0,11.0,12,B,Completed,243400.0,7,Verified,Web,2023
P2P101519,2022-10-19,Kolkata,Salaried,72000.0,Debt Consolidation,266500.0,243100.0,9.62,36,A,Completed,308800.0,6,Verified,Web,2022
P2P100391,2025-12-20,Bengaluru,Salaried,49400.0,Home Improvement,310600.0,297900.0,15.08,24,C,Completed,373100.0,7,Not Verified,Mobile App,2025
P2P100342,2024-01-10,Chennai,Salaried,40700.0,Debt Consolidation,248100.0,240400.0,16.36,24,D,Completed,305400.0,5,Not Verified,Mobile App,2024
P2P100737,2023-08-11,Lucknow,Salaried,19700.0,Travel,363900.0,328100.0,9.28,36,A,Completed,431600.0,8,Verified,Web,2023
P2P101503,2021-03-20,Bengaluru,Salaried,51200.0,Travel,375500.0,346400.0,14.9,24,C,Completed,440800.0,10,Verified,Mobile App,2021
P2P100542,2024-07-31,Kolkata,Salaried,37500.0,Small Business,182500.0,171100.0,12.83,36,B,Active,78100.0,4,Not Verified,Web,2024
P2P101681,2023-05-15,Jaipur,Salaried,53200.0,Small Business,309700.0,296200.0,14.54,24,C,Completed,351700.0,9,Verified,Mobile App,2023
P2P101607,2021-07-27,Mumbai,Business Owner,77900.0,Vehicle,438700.0,421600.0,8.35,48,A,Completed,523600.0,9,Verified,Web,2021
P2P101798,2021-08-09,Mumbai,Freelancer,59300.0,Debt Consolidation,150600.0,139100.0,17.75,24,D,Active,111200.0,3,Not Verified,Mobile App,2021
P2P100717,2025-06-04,Bengaluru,Self-employed,98300.0,Medical,193900.0,193400.0,9.63,24,A,Completed,217400.0,4,Verified,Web,2025
P2P101943,2025-04-08,Jaipur,Salaried,40000.0,Debt Consolidation,631300.0,575100.0,11.61,36,B,Active,405300.0,15,Verified,Mobile App,2025
P2P101165,2022-04-08,Chennai,Salaried,47600.0,Debt Consolidation,558600.0,544700.0,19.65,36,D,Active,410700.0,18,Verified,Mobile App,2022
P2P101775,2025-04-10,Delhi,Salaried,53000.0,Small Business,143600.0,132600.0,11.72,24,B,Completed,162400.0,3,Verified,Mobile App,2025
P2P100798,2024-05-29,Delhi,Business Owner,29200.0,Medical,159000.0,143300.0,16.78,36,D,Defaulted,31600.0,3,Verified,Mobile App,2024
P2P100015,2022-05-27,Hyderabad,Self-employed,156600.0,Education,194700.0,184800.0,9.03,24,A,Completed,213400.0,4,Verified,Web,2022
P2P101050,2021-03-07,Hyderabad,Unknown,58200.0,Debt Consolidation,300500.0,287000.0,11.35,24,C,Active,165100.0,10,Not Verified,Web,2021
P2P101687,2025-09-26,Kolkata,Salaried,63700.0,Wedding,116300.0,111600.0,13.2,60,C,Active,64800.0,4,Verified,Mobile App,2025
P2P100113,2025-10-05,Jaipur,Salaried,64800.0,Debt Consolidation,151100.0,147700.0,12.27,24,B,Completed,177100.0,3,Verified,Mobile App,2025
P2P101364,2024-09-08,Ahmedabad,Self-employed,73400.0,Debt Consolidation,503700.0,477300.0,16.51,12,D,Completed,548500.0,14,Verified,Web,2024
P2P101859,2025-06-18,Bengaluru,Salaried,51600.0,Home Improvement,83400.0,75500.0,12.18,12,B,Completed,87400.0,2,Verified,Web,2025
P2P100279,2024-12-24,Ahmedabad,Salaried,48300.0,Medical,246300.0,236400.0,13.16,36,C,Completed,311300.0,7,Verified,Mobile App,2024
P2P101170,2023-01-23,Mumbai,Business Owner,47900.0,Home Improvement,612900.0,607900.0,11.27,60,A,Active,401900.0,18,Verified,Web,2023
P2P100031,2024-08-02,Pune,Unknown,45100.0,Debt Consolidation,242600.0,238900.0,12.45,24,C,Active,162500.0,7,Verified,Web,2024
P2P100562,2022-08-08,Delhi,Unknown,61700.0,Small Business,74900.0,68600.0,12.4,36,C,Completed,91600.0,2,Verified,Web,2022
P2P100833,2022-02-20,Hyderabad,Self-employed,46100.0,Debt Consolidation,81700.0,73700.0,12.39,24,B,Completed,91800.0,2,Verified,Mobile App,2022
P2P101821,2022-07-22,Delhi,Business Owner,66400.0,Home Improvement,346600.0,343500.0,12.0,12,B,Completed,372000.0,8,Verified,Web,2022
P2P101328,2025-04-14,Kolkata,Salaried,65700.0,Education,828600.0,805700.0,8.46,36,A,Active,381000.0,22,Verified,Mobile App,2025
P2P101910,2022-03-11,Hyderabad,Salaried,73400.0,Home Improvement,285800.0,283800.0,9.01,12,A,Active,95600.0,8,Verified,Mobile App,2022
P2P100452,2024-05-19,Lucknow,Salaried,64800.0,Travel,172400.0,162600.0,9.96,24,B,Active,69900.0,4,Verified,Web,2024
P2P100793,2024-02-28,Delhi,Salaried,74500.0,Education,485100.0,446900.0,15.19,24,C,Completed,591900.0,10,Verified,Web,2024
P2P100159,2022-10-05,Bengaluru,Freelancer,46300.0,Education,135100.0,122200.0,15.09,12,C,Completed,150500.0,3,Verified,Mobile App,2022
P2P100710,2024-11-23,Jaipur,Self-employed,55800.0,Debt Consolidation,94600.0,92600.0,13.58,24,C,Active,49700.0,2,Not Verified,Web,2024
P2P101657,2024-05-12,Chennai,Self-employed,57300.0,Home Improvement,335800.0,332700.0,15.1,24,C,Active,287100.0,11,Verified,Web,2024
P2P100911,2024-07-06,Delhi,Business Owner,30800.0,Debt Consolidation,484100.0,447700.0,11.55,60,B,Late,144900.0,11,Verified,Web,2024
P2P101032,2024-07-16,Mumbai,Salaried,103100.0,Home Improvement,387700.0,352600.0,15.73,60,D,Completed,567300.0,7,Verified,Web,2024
P2P100004,2024-07-19,Pune,Salaried,85400.0,Debt Consolidation,369600.0,365700.0,13.02,36,C,Active,153600.0,9,Verified,Web,2024
P2P100120,2024-04-19,Chennai,Self-employed,38000.0,Wedding,406300.0,381700.0,10.71,36,B,Active,233000.0,8,Verified,Web,2024
P2P101689,2024-07-31,Delhi,Salaried,94800.0,Debt Consolidation,558600.0,516700.0,14.43,60,C,Active,557700.0,13,Verified,Web,2024
P2P101090,2022-09-21,Bengaluru,Salaried,57000.0,Debt Consolidation,588700.0,539000.0,15.19,24,D,Active,298600.0,11,Verified,Web,2022
P2P101891,2021-10-31,Bengaluru,Self-employed,53300.0,Small Business,443100.0,425100.0,7.65,36,A,Active,360800.0,16,Verified,Mobile App,2021
P2P101547,2025-05-04,Kolkata,Salaried,41000.0,Debt Consolidation,128400.0,120600.0,9.75,36,A,Active,71800.0,4,Verified,Mobile App,2025
P2P101057,2025-03-17,Kolkata,Salaried,32200.0,Medical,170200.0,164500.0,12.46,36,B,Defaulted,24700.0,4,Verified,Web,2025
P2P100871,2023-07-06,Hyderabad,Salaried,51000.0,Wedding,331600.0,325400.0,14.99,36,C,Active,254200.0,10,Verified,Web,2023
P2P100075,2025-01-01,Delhi,Self-employed,64600.0,Vehicle,90600.0,90100.0,13.48,24,C,Active,65300.0,2,Verified,Mobile App,2025
P2P100183,2025-09-29,Unknown,Self-employed,75500.0,Debt Consolidation,798700.0,719800.0,10.03,24,A,Completed,887400.0,17,Verified,Mobile App,2025
P2P101052,2024-04-03,Hyderabad,Business Owner,93500.0,Education,245400.0,221500.0,14.28,60,B,Active,217000.0,6,Verified,Mobile App,2024
P2P100993,2022-12-25,Mumbai,Salaried,58100.0,Education,783000.0,748800.0,13.66,36,C,Active,680700.0,24,Verified,Mobile App,2022
P2P100895,2024-11-03,Hyderabad,Salaried,67400.0,Debt Consolidation,597600.0,594100.0,13.26,36,B,Active,333600.0,19,Verified,Mobile App,2024
P2P101382,2023-08-08,Mumbai,Unknown,110100.0,Home Improvement,132900.0,127500.0,15.87,12,C,Completed,150300.0,5,Not Verified,Web,2023
P2P101036,2024-12-16,Ahmedabad,Salaried,25200.0,Debt Consolidation,191600.0,178700.0,8.2,12,A,Completed,197200.0,6,Verified,Web,2024
P2P100670,2023-01-20,Bengaluru,Self-employed,53700.0,Home Improvement,575500.0,551800.0,17.46,24,D,Completed,678600.0,17,Verified,Mobile App,2023
P2P100267,2024-12-17,Lucknow,Self-employed,60700.0,Medical,294000.0,279700.0,17.96,60,D,Completed,463600.0,9,Verified,Mobile App,2024
P2P101590,2025-01-14,Bengaluru,Self-employed,88600.0,Debt Consolidation,399000.0,375700.0,15.47,36,C,Completed,519300.0,10,Not Verified,Mobile App,2025
P2P100125,2022-09-12,Kolkata,Business Owner,38100.0,Travel,377500.0,350600.0,9.15,24,A,Late,165200.0,8,Not Verified,Web,2022
P2P100283,2023-07-10,Kolkata,Salaried,112700.0,Education,185100.0,175300.0,11.84,36,B,Active,82900.0,4,Not Verified,Mobile App,2023
P2P101773,2025-08-19,Mumbai,Salaried,21600.0,Home Improvement,399500.0,391900.0,14.25,36,C,Active,342800.0,9,Verified,Web,2025
P2P101142,2023-05-18,Bengaluru,Salaried,78400.0,Wedding,231700.0,213700.0,10.93,24,B,Active,99300.0,8,Verified,Mobile App,2023
P2P101980,2025-06-18,Chennai,Salaried,102100.0,Home Improvement,211300.0,202300.0,10.57,48,B,Defaulted,90600.0,5,Not Verified,Mobile App,2025
P2P101651,2021-04-21,Bengaluru,Self-employed,48700.0,Small Business,123400.0,117300.0,13.88,48,C,Defaulted,18700.0,4,Verified,Web,2021
P2P101462,2024-10-08,Delhi,Salaried,72300.0,Debt Consolidation,271800.0,263300.0,12.45,36,B,Completed,324500.0,8,Not Verified,Web,2024
P2P101770,2023-08-15,Chennai,Business Owner,74500.0,Debt Consolidation,106500.0,96000.0,16.0,36,C,Active,97800.0,2,Verified,Mobile App,2023
P2P100767,2025-03-11,Lucknow,Business Owner,113300.0,Education,580100.0,579400.0,18.4,24,D,Active,244200.0,15,Verified,Mobile App,2025
P2P100502,2024-04-14,Bengaluru,Salaried,116800.0,Small Business,332400.0,308100.0,14.83,48,C,Active,140200.0,8,Verified,Mobile App,2024
P2P100539,2023-11-29,Hyderabad,Salaried,41300.0,Small Business,139000.0,136800.0,17.51,24,D,Active,59200.0,4,Verified,Web,2023
P2P101431,2023-12-07,Mumbai,Self-employed,45900.0,Medical,502100.0,465800.0,12.58,12,B,Completed,548800.0,11,Verified,Mobile App,2023
P2P101730,2024-08-14,Pune,Freelancer,108100.0,Medical,406800.0,382800.0,17.76,48,D,Active,346700.0,13,Verified,Web,2024
P2P101241,2025-07-21,Ahmedabad,Freelancer,78700.0,Home Improvement,366000.0,343500.0,13.44,36,C,Completed,464300.0,7,Verified,Mobile App,2025
P2P100383,2024-09-04,Bengaluru,Salaried,55400.0,Wedding,387700.0,373800.0,17.28,48,D,Completed,553900.0,12,Verified,Web,2024
P2P100415,2024-09-08,Mumbai,Salaried,88200.0,Education,334400.0,322500.0,18.54,12,D,Completed,365400.0,8,Verified,Mobile App,2024
P2P101359,2023-01-04,Mumbai,Business Owner,102000.0,Vehicle,212700.0,199700.0,14.62,12,C,Completed,232900.0,8,Verified,Mobile App,2023
P2P101409,2024-06-29,Mumbai,Salaried,63900.0,Debt Consolidation,111400.0,106100.0,17.52,48,D,Completed,155000.0,4,Verified,Web,2024
P2P101874,2025-06-16,Jaipur,Business Owner,91100.0,Vehicle,193100.0,175000.0,11.44,12,B,Completed,213700.0,4,Verified,Mobile App,2025
P2P100058,2022-06-29,Hyderabad,Salaried,28000.0,Home Improvement,149700.0,145500.0,10.15,36,A,Active,60800.0,5,Verified,Mobile App,2022
P2P101811,2024-10-22,Mumbai,Salaried,24900.0,Small Business,142200.0,135500.0,15.1,36,C,Late,56700.0,5,Not Verified,Mobile App,2024
P2P101610,2024-04-20,Mumbai,Salaried,70900.0,Travel,412700.0,391100.0,8.02,36,A,Completed,468800.0,11,Not Verified,Web,2024
P2P100501,2024-12-19,Mumbai,Self-employed,19100.0,Vehicle,303800.0,286300.0,13.44,12,A,Completed,320400.0,9,Not Verified,Web,2024
P2P101072,2022-09-25,Hyderabad,Self-employed,23300.0,Medical,272800.0,264200.0,19.94,36,E,Late,140000.0,5,Not Verified,Mobile App,2022
P2P101695,2023-06-25,Jaipur,Self-employed,63700.0,Home Improvement,60000.0,54700.0,12.19,12,B,Completed,66700.0,1,Not Verified,Web,2023
P2P100117,2025-05-01,Chennai,Business Owner,68600.0,Home Improvement,153900.0,145700.0,9.24,48,B,Active,105300.0,5,Verified,Mobile App,2025
P2P101412,2021-12-09,Hyderabad,Salaried,63900.0,Debt Consolidation,177400.0,168800.0,13.88,60,C,Late,83100.0,3,Verified,Mobile App,2021
P2P100526,2024-01-02,Lucknow,Salaried,54700.0,Debt Consolidation,273700.0,255000.0,12.38,36,B,Completed,343200.0,7,Not Verified,Web,2024
P2P101545,2025-11-15,Mumbai,Self-employed,36800.0,Vehicle,261900.0,240500.0,11.12,60,A,Completed,340900.0,7,Not Verified,Web,2025
P2P100082,2024-08-26,Lucknow,Salaried,52000.0,Debt Consolidation,493500.0,471500.0,14.75,36,C,Completed,643600.0,9,Verified,Mobile App,2024
P2P101428,2025-11-02,Delhi,Salaried,59300.0,Medical,283000.0,273100.0,12.68,24,B,Completed,334600.0,6,Verified,Mobile App,2025
P2P101320,2021-07-04,Lucknow,Salaried,43800.0,Small Business,157900.0,147400.0,12.03,36,B,Completed,197700.0,5,Verified,Mobile App,2021
P2P100946,2021-02-03,Kolkata,Freelancer,55400.0,Debt Consolidation,115500.0,112000.0,12.94,24,B,Active,81900.0,3,Verified,Mobile App,2021
P2P101392,2021-08-14,Bengaluru,Salaried,51200.0,Wedding,189700.0,172600.0,10.98,48,B,Completed,241600.0,5,Verified,Web,2021
P2P100770,2025-05-23,Delhi,Salaried,36100.0,Small Business,156800.0,153300.0,9.03,12,A,Active,105700.0,4,Verified,Web,2025
P2P101163,2023-04-24,Pune,Salaried,142200.0,Home Improvement,311900.0,311500.0,20.19,48,E,Active,238000.0,7,Verified,Mobile App,2023
P2P100719,2022-01-12,Mumbai,Salaried,138300.0,Vehicle,248700.0,234600.0,8.25,12,A,Active,97900.0,6,Verified,Mobile App,2022
P2P100019,2023-10-25,Pune,Salaried,95800.0,Debt Consolidation,59600.0,57800.0,9.81,36,A,Active,42600.0,2,Verified,Mobile App,2023
P2P101442,2021-10-15,Bengaluru,Salaried,72000.0,Education,248600.0,233900.0,10.16,24,B,Defaulted,83900.0,5,Verified,Mobile App,2021
P2P100272,2025-05-09,Jaipur,Freelancer,44500.0,Home Improvement,484500.0,480900.0,10.49,36,A,Completed,577500.0,16,Verified,Web,2025
P2P101644,2024-08-26,Mumbai,Unknown,36000.0,Education,69100.0,64400.0,8.91,24,B,Active,54700.0,2,Verified,Web,2024
P2P100417,2023-02-04,Delhi,Salaried,120600.0,Home Improvement,309100.0,295700.0,12.97,60,C,Completed,430800.0,9,Verified,Mobile App,2023
P2P101745,2023-09-25,Hyderabad,Salaried,41400.0,Debt Consolidation,294900.0,277600.0,10.23,36,B,Completed,346000.0,6,Verified,Web,2023
P2P101078,2024-11-20,Pune,Salaried,65800.0,Debt Consolidation,243700.0,227800.0,12.92,12,B,Active,178600.0,5,Verified,Web,2024
P2P101267,2023-08-11,Mumbai,Salaried,93400.0,Education,893600.0,817300.0,13.41,24,B,Completed,1053100.0,22,Verified,Mobile App,2023
P2P101951,2021-09-29,Lucknow,Salaried,23600.0,Debt Consolidation,310100.0,290300.0,13.48,24,B,Completed,371700.0,7,Not Verified,Mobile App,2021
P2P100768,2025-07-31,Mumbai,Salaried,21600.0,Debt Consolidation,352400.0,328900.0,11.32,12,B,Active,248700.0,9,Not Verified,Web,2025
P2P100982,2025-03-21,Hyderabad,Salaried,54000.0,Debt Consolidation,347200.0,335500.0,10.53,24,B,Completed,399900.0,9,Verified,Web,2025
P2P101822,2022-01-06,Delhi,Salaried,54700.0,Home Improvement,77400.0,76700.0,13.21,36,B,Completed,98400.0,2,Verified,Web,2022
P2P101042,2025-04-15,Delhi,Self-employed,36500.0,Travel,293800.0,291900.0,22.33,24,E,Active,173500.0,11,Verified,Mobile App,2025
P2P101922,2021-01-10,Chennai,Freelancer,67300.0,Home Improvement,291000.0,268100.0,12.87,12,C,Active,119900.0,6,Not Verified,Mobile App,2021
P2P100581,2023-12-15,Jaipur,Freelancer,39600.0,Debt Consolidation,416300.0,384000.0,13.59,48,C,Defaulted,125300.0,11,Not Verified,Mobile App,2023
P2P100397,2025-07-08,Hyderabad,Salaried,33100.0,Debt Consolidation,205600.0,194000.0,14.17,48,C,Active,125800.0,6,Verified,Mobile App,2025
P2P100178,2023-07-31,Mumbai,Business Owner,62800.0,Medical,91600.0,87000.0,12.39,24,B,Active,68800.0,3,Verified,Web,2023
P2P101967,2022-06-02,Mumbai,Business Owner,39200.0,Home Improvement,199800.0,187900.0,16.48,36,D,Completed,254800.0,4,Not Verified,Web,2022
P2P100603,2022-05-16,Delhi,Business Owner,46600.0,Small Business,167000.0,154100.0,12.45,36,B,Active,90100.0,3,Verified,Mobile App,2022
P2P100238,2021-03-16,Chennai,Business Owner,34700.0,Debt Consolidation,334800.0,309600.0,21.54,48,E,Active,220900.0,6,Verified,Web,2021
P2P101860,2025-01-28,Mumbai,Self-employed,81600.0,Vehicle,197100.0,196100.0,8.33,24,A,Completed,211300.0,5,Verified,Mobile App,2025
P2P101443,2024-11-09,Bengaluru,Salaried,65400.0,Debt Consolidation,319200.0,289700.0,13.06,12,B,Active,228000.0,6,Verified,Mobile App,2024
P2P100286,2021-04-21,Pune,Self-employed,48900.0,Debt Consolidation,54700.0,53600.0,9.44,24,A,Active,32100.0,1,Verified,Mobile App,2021
P2P101254,2022-01-15,Jaipur,Salaried,61900.0,Debt Consolidation,811700.0,751600.0,9.77,36,B,Completed,976900.0,22,Verified,Web,2022
P2P100029,2024-07-10,Chennai,Self-employed,99500.0,Debt Consolidation,191300.0,174000.0,15.19,24,D,Completed,230600.0,4,Verified,Web,2024
P2P100705,2021-07-14,Hyderabad,Salaried,113400.0,Small Business,192900.0,188100.0,13.78,60,C,Completed,276600.0,5,Verified,Web,2021
P2P101132,2024-02-13,Hyderabad,Salaried,36300.0,Vehicle,145400.0,135800.0,17.3,48,D,Late,41300.0,4,Not Verified,Mobile App,2024
P2P101259,2021-07-16,Chennai,Salaried,27600.0,Home Improvement,179000.0,173900.0,9.68,24,B,Active,138200.0,4,Verified,Mobile App,2021
P2P101235,2024-10-08,Delhi,Salaried,45300.0,Home Improvement,130900.0,125900.0,8.67,24,A,Completed,147000.0,4,Verified,Web,2024
P2P100525,2025-06-13,Bengaluru,Business Owner,28100.0,Vehicle,108900.0,107800.0,11.19,24,B,Active,64700.0,4,Verified,Web,2025
P2P101896,2025-02-02,Ahmedabad,Salaried,140100.0,Vehicle,429800.0,402200.0,10.67,48,B,Late,188900.0,11,Not Verified,Web,2025
P2P101128,2023-09-10,Mumbai,Salaried,27300.0,Debt Consolidation,821400.0,771200.0,12.58,24,C,Active,446600.0,31,Verified,Mobile App,2023
P2P101739,2023-06-25,Chennai,Salaried,50200.0,Small Business,238400.0,224000.0,11.16,48,B,Active,90800.0,9,Verified,Mobile App,2023
P2P101327,2022-05-28,Mumbai,Salaried,26700.0,Vehicle,125500.0,118300.0,12.55,60,B,Completed,171200.0,3,Verified,Web,2022
P2P100333,2021-02-14,Hyderabad,Salaried,39100.0,Medical,106800.0,103800.0,8.74,36,A,Active,79300.0,3,Not Verified,Mobile App,2021
P2P101969,2023-04-23,Delhi,Freelancer,28300.0,Medical,173300.0,173100.0,16.04,12,D,Completed,193200.0,4,Verified,Web,2023
P2P101244,2025-06-21,Hyderabad,Business Owner,68000.0,Small Business,202700.0,197300.0,13.34,36,C,Active,108700.0,7,Verified,Web,2025
P2P101894,2022-07-18,Hyderabad,Salaried,86200.0,Home Improvement,317800.0,294900.0,11.24,60,B,Completed,409400.0,6,Verified,Web,2022
P2P101047,2022-09-24,Chennai,Salaried,36700.0,Home Improvement,326900.0,304500.0,13.15,12,C,Completed,363700.0,7,Not Verified,Web,2022
P2P100145,2023-01-19,Kolkata,Business Owner,39000.0,Education,339000.0,316300.0,10.4,24,B,Completed,390900.0,6,Verified,Web,2023
P2P100984,2021-08-19,Ahmedabad,Business Owner,34200.0,Vehicle,42700.0,39800.0,12.75,24,B,Completed,50900.0,1,Not Verified,Mobile App,2021
P2P100897,2023-02-04,Kolkata,Salaried,122300.0,Education,43700.0,42800.0,12.09,24,B,Completed,50200.0,1,Verified,Web,2023
P2P101518,2025-08-27,Mumbai,Business Owner,61100.0,Home Improvement,452200.0,423200.0,13.95,12,C,Completed,495800.0,17,Verified,Mobile App,2025
P2P101495,2024-07-27,Ahmedabad,Salaried,30100.0,Small Business,212800.0,199200.0,13.66,36,C,Completed,256800.0,4,Not Verified,Mobile App,2024
P2P101534,2022-12-26,Hyderabad,Business Owner,37900.0,Debt Consolidation,436600.0,408200.0,21.14,24,E,Completed,532400.0,9,Not Verified,Mobile App,2022
P2P100698,2024-06-23,Delhi,Salaried,65800.0,Home Improvement,370300.0,347600.0,11.45,48,B,Completed,477900.0,10,Verified,Mobile App,2024
P2P101454,2024-06-06,Pune,Salaried,58200.0,Home Improvement,434400.0,405000.0,10.45,24,B,Completed,493700.0,14,Verified,Mobile App,2024
P2P101178,2021-11-24,Kolkata,Salaried,46900.0,Wedding,433700.0,409200.0,13.03,36,C,Active,249300.0,8,Verified,Mobile App,2021
P2P100587,2021-08-21,Hyderabad,Salaried,41400.0,Debt Consolidation,210400.0,207600.0,18.3,48,D,Active,154000.0,4,Verified,Mobile App,2021
P2P100813,2022-01-13,Bengaluru,Salaried,88700.0,Small Business,222100.0,206600.0,12.72,24,B,Active,168400.0,5,Verified,Mobile App,2022
P2P100043,2021-04-16,Delhi,Salaried,55800.0,Education,60400.0,56000.0,11.82,24,B,Active,20600.0,1,Verified,Mobile App,2021
P2P100789,2023-12-21,Ahmedabad,Salaried,44400.0,Travel,346100.0,327300.0,14.66,24,C,Completed,403300.0,11,Not Verified,Web,2023
P2P100268,2024-12-25,Bengaluru,Salaried,98200.0,Small Business,71800.0,65400.0,8.8,36,A,Completed,83200.0,2,Verified,Web,2024
P2P100672,2025-08-25,Kolkata,Business Owner,92900.0,Home Improvement,521800.0,470400.0,18.92,12,D,Completed,594700.0,12,Verified,Mobile App,2025
P2P100274,2025-09-15,Pune,Salaried,92500.0,Small Business,286400.0,286100.0,12.17,12,C,Completed,306100.0,9,Verified,Mobile App,2025
P2P101294,2024-12-05,Hyderabad,Salaried,40900.0,Education,164100.0,160500.0,19.5,60,E,Defaulted,66400.0,6,Verified,Mobile App,2024
P2P100679,2025-11-24,Pune,Self-employed,30400.0,Debt Consolidation,180200.0,179100.0,14.07,36,B,Active,133000.0,4,Verified,Web,2025
P2P100565,2023-05-24,Bengaluru,Salaried,90000.0,Home Improvement,263600.0,256300.0,13.37,24,C,Active,121900.0,6,Verified,Mobile App,2023
P2P101144,2024-05-30,Mumbai,Business Owner,108200.0,Education,71000.0,64100.0,14.2,24,C,Completed,84000.0,2,Verified,Mobile App,2024
P2P100701,2024-04-09,Pune,Salaried,75900.0,Education,304200.0,288900.0,15.65,36,D,Active,121000.0,7,Verified,Web,2024
P2P100887,2024-10-10,Mumbai,Salaried,48400.0,Education,207600.0,200900.0,9.95,48,B,Active,100100.0,5,Verified,Web,2024
P2P101229,2025-12-12,Lucknow,Salaried,97000.0,Debt Consolidation,372300.0,341000.0,11.02,36,B,Completed,452300.0,10,Verified,Web,2025
P2P101698,2022-02-07,Chennai,Salaried,140100.0,Small Business,334400.0,315000.0,11.87,24,B,Active,213000.0,9,Verified,Web,2022
P2P101160,2021-03-31,Pune,Salaried,54200.0,Debt Consolidation,214300.0,212500.0,16.52,48,C,Completed,293400.0,7,Verified,Web,2021
P2P101276,2021-11-18,Ahmedabad,Salaried,54200.0,Vehicle,359000.0,343800.0,15.19,12,C,Completed,407800.0,7,Not Verified,Web,2021
P2P101587,2024-12-14,Delhi,Salaried,71500.0,Education,259800.0,253000.0,14.67,36,C,Active,164200.0,7,Verified,Mobile App,2024
P2P101929,2024-09-24,Kolkata,Self-employed,55200.0,Small Business,409400.0,387800.0,9.46,60,B,Late,136100.0,10,Verified,Mobile App,2024
P2P101539,2022-05-26,Delhi,Salaried,53500.0,Small Business,107100.0,105400.0,12.02,36,C,Completed,129300.0,3,Not Verified,Mobile App,2022
P2P100054,2025-08-23,Delhi,Salaried,49500.0,Travel,409500.0,408800.0,11.26,60,B,Completed,544100.0,10,Verified,Web,2025
P2P100314,2025-11-15,Mumbai,Business Owner,55000.0,Small Business,116500.0,112500.0,13.88,36,C,Active,105500.0,4,Verified,Web,2025
P2P101079,2022-08-20,Pune,Salaried,83600.0,Debt Consolidation,219700.0,219000.0,15.47,36,C,Late,167300.0,9,Verified,Web,2022
P2P101161,2025-05-29,Chennai,Self-employed,32300.0,Home Improvement,206700.0,203600.0,10.81,36,B,Active,140000.0,6,Not Verified,Mobile App,2025
P2P100570,2023-05-19,Delhi,Business Owner,74200.0,Wedding,232000.0,211700.0,13.92,48,C,Completed,313200.0,4,Not Verified,Mobile App,2023
P2P100223,2021-10-14,Mumbai,Business Owner,91000.0,Debt Consolidation,70800.0,68000.0,14.04,36,C,Completed,86300.0,2,Verified,Web,2021
P2P101325,2025-12-01,Bengaluru,Salaried,90300.0,Vehicle,248100.0,247500.0,13.52,60,C,Completed,345200.0,6,Verified,Mobile App,2025
P2P100939,2021-12-27,Hyderabad,Business Owner,75000.0,Travel,365700.0,335600.0,15.74,12,C,Active,235800.0,9,Verified,Mobile App,2021
P2P101157,2022-04-03,Hyderabad,Salaried,41700.0,Wedding,434100.0,408000.0,14.4,36,C,Active,234500.0,10,Verified,Mobile App,2022
P2P100173,2024-03-09,Bengaluru,Salaried,24100.0,Debt Consolidation,300200.0,288100.0,9.29,12,B,Active,194800.0,9,Verified,Mobile App,2024
P2P101476,2024-11-02,Hyderabad,Salaried,34800.0,Vehicle,245000.0,222000.0,14.33,36,D,Active,183700.0,5,Not Verified,Mobile App,2024
P2P101893,2025-04-27,Kolkata,Salaried,57700.0,Small Business,177000.0,164400.0,9.07,12,A,Completed,191200.0,5,Verified,Mobile App,2025
P2P101734,2023-10-14,Ahmedabad,Salaried,134400.0,Education,159500.0,146600.0,13.06,36,B,Completed,196000.0,3,Verified,Mobile App,2023
P2P100559,2025-03-02,Kolkata,Freelancer,37900.0,Debt Consolidation,266700.0,256800.0,14.48,24,B,Active,115100.0,6,Verified,Web,2025
P2P101489,2023-08-04,Pune,Self-employed,57900.0,Debt Consolidation,375500.0,361100.0,15.33,36,C,Completed,469000.0,7,Verified,Mobile App,2023
P2P100492,2024-08-21,Mumbai,Self-employed,41800.0,Debt Consolidation,183900.0,171500.0,8.56,24,A,Completed,197800.0,5,Verified,Mobile App,2024
P2P101595,2025-01-23,Bengaluru,Salaried,100100.0,Education,164900.0,162400.0,13.51,24,C,Active,100600.0,4,Verified,Mobile App,2025
P2P101237,2025-07-16,Pune,Self-employed,39500.0,Debt Consolidation,95100.0,87900.0,10.63,36,A,Completed,114300.0,2,Verified,Mobile App,2025
P2P101954,2025-02-06,Bengaluru,Self-employed,104500.0,Debt Consolidation,91400.0,86200.0,10.64,36,B,Completed,112300.0,3,Verified,Mobile App,2025
P2P100222,2024-06-03,Chennai,Self-employed,79100.0,Education,113700.0,102700.0,13.36,36,B,Active,57400.0,2,Not Verified,Mobile App,2024
P2P101484,2021-01-18,Hyderabad,Self-employed,56500.0,Wedding,251200.0,244300.0,14.11,24,C,Defaulted,59600.0,7,Verified,Web,2021
P2P100462,2024-10-05,Unknown,Salaried,116500.0,Wedding,320500.0,317800.0,16.48,12,D,Active,122200.0,12,Verified,Mobile App,2024
P2P101813,2022-12-08,Bengaluru,Business Owner,36900.0,Debt Consolidation,183200.0,174400.0,12.62,36,C,Active,77100.0,4,Verified,Mobile App,2022
P2P100473,2021-05-13,Chennai,Salaried,33600.0,Wedding,558700.0,543000.0,12.43,12,B,Completed,591000.0,20,Not Verified,Mobile App,2021
P2P101728,2025-12-27,Delhi,Salaried,57100.0,Debt Consolidation,208400.0,193700.0,14.1,12,C,Active,89100.0,5,Verified,Web,2025
P2P100505,2024-11-28,Bengaluru,Salaried,36500.0,Debt Consolidation,125200.0,120100.0,13.24,36,C,Active,101000.0,3,Verified,Mobile App,2024
P2P101815,2021-09-09,Mumbai,Salaried,34800.0,Debt Consolidation,293700.0,283800.0,13.13,36,C,Completed,368600.0,9,Verified,Web,2021
P2P100708,2025-05-09,Pune,Salaried,105300.0,Debt Consolidation,464000.0,456900.0,8.91,24,A,Active,330500.0,10,Verified,Mobile App,2025
P2P100938,2025-09-16,Kolkata,Salaried,35100.0,Medical,100000.0,97600.0,10.15,24,A,Completed,109500.0,2,Verified,Web,2025
P2P101780,2025-06-17,Hyderabad,Salaried,91800.0,Wedding,94000.0,93900.0,11.41,12,B,Completed,99900.0,2,Verified,Mobile App,2025
P2P100779,2025-01-17,Lucknow,Salaried,64200.0,Home Improvement,205200.0,185500.0,8.13,24,A,Active,117900.0,4,Verified,Mobile App,2025
P2P101563,2025-04-02,Bengaluru,Salaried,44700.0,Debt Consolidation,237200.0,230200.0,7.98,36,A,Active,154000.0,6,Verified,Mobile App,2025
P2P100866,2024-05-20,Delhi,Self-employed,52300.0,Medical,114900.0,114200.0,8.75,12,A,Completed,118800.0,3,Verified,Mobile App,2024
P2P100620,2025-02-21,Chennai,Business Owner,41400.0,Home Improvement,284000.0,264500.0,10.2,24,A,Active,208400.0,6,Verified,Web,2025
P2P101546,2024-01-25,Bengaluru,Salaried,56800.0,Debt Consolidation,259000.0,254900.0,12.6,24,B,Completed,295500.0,5,Verified,Mobile App,2024
P2P101314,2025-05-18,Delhi,Freelancer,33800.0,Debt Consolidation,286600.0,281100.0,20.77,24,E,Completed,348500.0,6,Verified,Mobile App,2025
P2P100142,2022-11-07,Delhi,Salaried,82500.0,Education,93800.0,93500.0,12.01,24,B,Active,68200.0,2,Verified,Web,2022
P2P100973,2025-02-02,Bengaluru,Salaried,105000.0,Vehicle,144100.0,137700.0,10.66,24,A,Completed,166500.0,3,Verified,Web,2025
P2P100413,2025-10-31,Ahmedabad,Self-employed,22700.0,Education,452000.0,435300.0,9.64,24,A,Completed,503400.0,9,Verified,Mobile App,2025
P2P100124,2021-12-04,Lucknow,Business Owner,69200.0,Home Improvement,215400.0,198300.0,7.5,12,A,Active,157200.0,4,Verified,Mobile App,2021
P2P100582,2025-12-07,Lucknow,Salaried,50500.0,Wedding,171100.0,154900.0,13.07,36,C,Active,147000.0,4,Not Verified,Web,2025
P2P100992,2024-12-13,Mumbai,Salaried,35400.0,Vehicle,286600.0,280200.0,10.65,24,B,Active,99600.0,6,Not Verified,Mobile App,2024
P2P100137,2024-03-19,Delhi,Self-employed,69000.0,Debt Consolidation,216600.0,210300.0,7.94,24,B,Completed,231800.0,6,Verified,Web,2024
P2P100106,2022-11-01,Mumbai,Self-employed,63100.0,Home Improvement,72600.0,71800.0,14.2,36,C,Completed,88800.0,2,Verified,Web,2022
P2P101375,2022-10-27,Bengaluru,Salaried,49900.0,Vehicle,112900.0,110800.0,18.71,36,E,Completed,152300.0,4,Verified,Web,2022
P2P100026,2025-04-08,Mumbai,Business Owner,72700.0,Debt Consolidation,187800.0,169900.0,11.57,36,C,Active,81300.0,5,Verified,Mobile App,2025
P2P100250,2025-07-02,Bengaluru,Freelancer,92600.0,Debt Consolidation,135800.0,133500.0,14.36,12,C,Completed,145800.0,5,Not Verified,Mobile App,2025
P2P101797,2025-01-13,Jaipur,Salaried,66900.0,Education,169600.0,160900.0,10.21,24,A,Completed,192400.0,4,Verified,Mobile App,2025
P2P101502,2024-01-18,Ahmedabad,Salaried,60000.0,Vehicle,113700.0,112600.0,11.1,24,B,Completed,126400.0,4,Not Verified,Web,2024
P2P101578,2024-09-24,Chennai,Freelancer,65800.0,Education,669700.0,644700.0,19.13,36,E,Active,293800.0,25,Verified,Mobile App,2024
P2P100441,2021-09-17,Mumbai,Business Owner,27200.0,Education,239600.0,232000.0,15.03,36,C,Completed,308000.0,8,Verified,Mobile App,2021
P2P100406,2025-08-24,Jaipur,Self-employed,55800.0,Medical,287000.0,279600.0,11.25,36,B,Active,203800.0,8,Verified,Web,2025
P2P101921,2024-12-15,Chennai,Salaried,70300.0,Travel,57600.0,54700.0,16.18,48,C,Active,43400.0,1,Not Verified,Web,2024
P2P101869,2022-01-30,Delhi,Business Owner,43100.0,Small Business,695100.0,681500.0,19.75,24,E,Completed,870800.0,16,Verified,Web,2022
P2P100802,2022-03-20,Bengaluru,Salaried,48100.0,Wedding,538800.0,493700.0,11.18,24,B,Completed,594300.0,18,Verified,Mobile App,2022
P2P101048,2021-03-16,Bengaluru,Salaried,104200.0,Home Improvement,177300.0,161700.0,17.78,36,D,Defaulted,60500.0,3,Verified,Web,2021
P2P101140,2024-07-10,Bengaluru,Freelancer,193200.0,Debt Consolidation,186900.0,171100.0,17.38,24,D,Active,73100.0,7,Verified,Web,2024
P2P101977,2022-11-25,Jaipur,Salaried,37300.0,Home Improvement,240500.0,232800.0,15.67,24,C,Active,151400.0,7,Verified,Mobile App,2022
P2P100107,2023-09-14,Hyderabad,Freelancer,45200.0,Vehicle,146400.0,136800.0,16.37,36,D,Active,114900.0,3,Verified,Mobile App,2023
P2P101418,2022-01-07,Mumbai,Salaried,31500.0,Small Business,147700.0,146800.0,13.73,36,C,Active,86500.0,6,Verified,Web,2022
P2P101420,2025-10-10,Chennai,Salaried,105100.0,Debt Consolidation,256800.0,244600.0,13.84,36,C,Active,207900.0,6,Not Verified,Web,2025
P2P101523,2023-05-26,Pune,Self-employed,84800.0,Debt Consolidation,196200.0,195200.0,17.37,36,D,Defaulted,52400.0,7,Verified,Web,2023
P2P101156,2025-02-27,Ahmedabad,Salaried,77400.0,Medical,227600.0,210400.0,11.77,36,A,Active,148200.0,5,Verified,Web,2025
P2P100583,2024-02-08,Kolkata,Business Owner,59600.0,Education,680800.0,665800.0,12.39,36,B,Active,355100.0,16,Verified,Web,2024
P2P101326,2023-04-28,Mumbai,Salaried,68600.0,Small Business,1048000.0,1041500.0,12.53,36,B,Completed,1279300.0,22,Verified,Web,2023
P2P100668,2022-04-08,Kolkata,Business Owner,79800.0,Small Business,580600.0,566800.0,10.91,36,B,Completed,680300.0,20,Verified,Mobile App,2022
P2P101691,2022-05-11,Bengaluru,Salaried,115000.0,Vehicle,338300.0,337100.0,10.86,24,B,Completed,396800.0,9,Not Verified,Web,2022
P2P100575,2025-07-13,Bengaluru,Business Owner,54400.0,Debt Consolidation,183900.0,169700.0,11.12,12,B,Active,62600.0,4,Verified,Mobile App,2025
P2P101726,2021-07-10,Bengaluru,Self-employed,56500.0,Wedding,186400.0,180000.0,13.62,60,B,Active,80400.0,6,Verified,Mobile App,2021
P2P100155,2025-12-14,Mumbai,Salaried,32300.0,Debt Consolidation,423400.0,393400.0,12.93,60,C,Completed,584400.0,15,Verified,Web,2025
P2P101669,2021-12-23,Ahmedabad,Salaried,112900.0,Debt Consolidation,121600.0,121300.0,12.88,24,C,Late,61800.0,3,Not Verified,Web,2021
P2P101104,2025-10-03,Pune,Salaried,116400.0,Home Improvement,711300.0,703900.0,8.92,36,A,Active,489600.0,25,Verified,Web,2025
P2P101043,2023-03-24,Chennai,Salaried,44900.0,Debt Consolidation,224500.0,210000.0,12.83,24,C,Active,157600.0,6,Verified,Mobile App,2023
P2P100597,2024-11-02,Bengaluru,Self-employed,54000.0,Debt Consolidation,110600.0,109700.0,15.55,36,C,Completed,143600.0,2,Verified,Mobile App,2024
P2P101269,2024-07-21,Hyderabad,Business Owner,33700.0,Medical,172300.0,162800.0,13.26,24,C,Active,108800.0,6,Verified,Web,2024
P2P100311,2023-11-07,Delhi,Salaried,31700.0,Education,253600.0,250100.0,16.02,48,C,Active,198700.0,9,Verified,Mobile App,2023
P2P100981,2023-04-23,Mumbai,Freelancer,133300.0,Home Improvement,127200.0,121400.0,8.97,24,A,Defaulted,21400.0,3,Verified,Mobile App,2023
P2P101260,2024-06-24,Hyderabad,Business Owner,54400.0,Wedding,130500.0,117800.0,15.98,36,C,Completed,162300.0,2,Verified,Web,2024
P2P101737,2023-11-28,Jaipur,Self-employed,53000.0,Small Business,328900.0,316800.0,11.03,36,B,Completed,390400.0,12,Not Verified,Mobile App,2023
P2P100128,2025-07-11,Delhi,Freelancer,44600.0,Debt Consolidation,155600.0,148100.0,12.86,36,C,Active,111200.0,5,Verified,Mobile App,2025
P2P100606,2023-12-19,Bengaluru,Business Owner,46800.0,Education,81000.0,76000.0,12.99,36,C,Late,42800.0,2,Verified,Mobile App,2023
P2P101379,2023-06-09,Pune,Business Owner,69900.0,Debt Consolidation,169900.0,162100.0,15.63,60,C,Completed,257900.0,5,Verified,Mobile App,2023
P2P100828,2023-05-17,Mumbai,Salaried,99200.0,Debt Consolidation,419900.0,399500.0,8.99,36,B,Active,173300.0,13,Verified,Mobile App,2023
P2P101621,2023-12-27,Ahmedabad,Salaried,31200.0,Small Business,72000.0,69000.0,17.8,24,D,Completed,85000.0,2,Not Verified,Mobile App,2023
P2P100775,2025-04-23,Delhi,Salaried,78900.0,Education,176900.0,169900.0,14.96,24,C,Completed,215900.0,6,Verified,Web,2025
P2P100687,2024-06-08,Delhi,Salaried,54400.0,Debt Consolidation,592600.0,573700.0,13.13,24,B,Completed,684100.0,18,Verified,Web,2024
P2P101283,2024-05-20,Bengaluru,Salaried,74100.0,Vehicle,464400.0,451800.0,17.43,60,D,Defaulted,126600.0,17,Verified,Mobile App,2024
P2P100044,2025-09-10,Mumbai,Self-employed,56900.0,Debt Consolidation,273100.0,247600.0,8.78,12,A,Completed,280900.0,7,Verified,Mobile App,2025
P2P100457,2021-02-04,Pune,Self-employed,139200.0,Home Improvement,244600.0,241900.0,9.44,24,A,Completed,277100.0,7,Verified,Mobile App,2021
P2P101354,2025-01-24,Pune,Salaried,47300.0,Education,513800.0,506600.0,11.07,36,B,Active,253800.0,10,Verified,Mobile App,2025
P2P100739,2023-11-08,Mumbai,Salaried,77600.0,Travel,253300.0,248900.0,9.87,60,A,Active,224700.0,8,Not Verified,Web,2023
P2P101035,2021-08-24,Hyderabad,Salaried,54100.0,Debt Consolidation,543500.0,524000.0,10.47,36,B,Completed,630500.0,14,Verified,Mobile App,2021
P2P101292,2022-02-01,Bengaluru,Salaried,52500.0,Vehicle,460500.0,454400.0,16.04,24,D,Active,389600.0,14,Not Verified,Web,2022
P2P100202,2021-09-15,Delhi,Salaried,29700.0,Debt Consolidation,185400.0,182400.0,18.05,36,E,Defaulted,44300.0,4,Verified,Mobile App,2021
P2P101531,2023-03-10,Bengaluru,Salaried,73400.0,Debt Consolidation,163600.0,150200.0,15.85,36,D,Active,134000.0,3,Verified,Mobile App,2023
P2P101253,2021-12-26,Mumbai,Unknown,80800.0,Medical,166300.0,164400.0,12.82,36,B,Completed,198200.0,7,Verified,Mobile App,2021
P2P101753,2021-02-07,Bengaluru,Salaried,43200.0,Home Improvement,107300.0,105000.0,13.52,24,B,Active,41400.0,3,Verified,Web,2021
P2P101168,2024-03-02,Hyderabad,Salaried,72700.0,Debt Consolidation,206900.0,199300.0,11.55,12,B,Completed,227900.0,4,Verified,Web,2024
P2P100977,2024-07-14,Kolkata,Salaried,53000.0,Vehicle,162900.0,148000.0,20.19,60,E,Active,179400.0,3,Verified,Mobile App,2024
P2P101754,2022-10-13,Delhi,Business Owner,67800.0,Small Business,291600.0,267100.0,10.98,48,A,Completed,378200.0,8,Verified,Web,2022
P2P101117,2021-10-08,Kolkata,Salaried,54500.0,Small Business,236000.0,217000.0,13.29,48,B,Completed,319200.0,5,Verified,Mobile App,2021
P2P100660,2024-06-07,Mumbai,Self-employed,61100.0,Small Business,200900.0,181700.0,12.23,36,A,Active,86400.0,4,Not Verified,Web,2024
P2P100652,2024-04-16,Ahmedabad,Self-employed,40700.0,Home Improvement,154200.0,149700.0,10.6,24,A,Completed,179300.0,5,Verified,Mobile App,2024
P2P100989,2022-10-25,Bengaluru,Self-employed,18000.0,Small Business,142100.0,136300.0,11.73,24,B,Completed,161400.0,4,Verified,Web,2022
P2P101308,2025-04-29,Mumbai,Salaried,53800.0,Debt Consolidation,304300.0,293100.0,7.69,24,A,Completed,326200.0,11,Verified,Mobile App,2025
P2P100366,2023-07-30,Pune,Self-employed,49900.0,Debt Consolidation,140800.0,136300.0,11.57,48,B,Completed,173300.0,5,Verified,Mobile App,2023
P2P100674,2024-03-28,Bengaluru,Salaried,55600.0,Debt Consolidation,121500.0,116000.0,15.96,24,D,Late,62000.0,3,Verified,Web,2024
P2P100731,2022-04-16,Hyderabad,Salaried,68900.0,Small Business,302400.0,278100.0,13.29,36,B,Active,166500.0,10,Verified,Mobile App,2022
P2P101154,2024-11-21,Jaipur,Business Owner,34300.0,Home Improvement,136700.0,128800.0,12.04,12,B,Completed,145600.0,3,Verified,Mobile App,2024
P2P100955,2023-09-30,Ahmedabad,Salaried,53000.0,Wedding,127800.0,127000.0,13.93,48,C,Completed,172200.0,4,Not Verified,Web,2023
P2P100852,2025-02-23,Jaipur,Salaried,74000.0,Debt Consolidation,319800.0,311400.0,12.95,60,C,Completed,441200.0,11,Verified,Web,2025
P2P100127,2025-05-19,Hyderabad,Self-employed,101100.0,Medical,69200.0,65400.0,14.1,36,C,Completed,88800.0,2,Verified,Mobile App,2025
P2P101583,2024-07-13,Bengaluru,Business Owner,58600.0,Home Improvement,313400.0,308100.0,11.24,36,B,Completed,365800.0,8,Verified,Web,2024
P2P101751,2024-04-13,Bengaluru,Salaried,45500.0,Wedding,142200.0,140800.0,21.06,36,E,Active,137900.0,4,Verified,Web,2024
P2P100879,2021-03-24,Kolkata,Salaried,63400.0,Medical,206800.0,197700.0,13.62,24,D,Active,114600.0,6,Verified,Mobile App,2021
P2P101309,2023-05-03,Kolkata,Business Owner,61100.0,Home Improvement,239100.0,217900.0,10.72,12,A,Completed,262500.0,5,Verified,Mobile App,2023
P2P101699,2025-11-16,Delhi,Freelancer,54200.0,Wedding,141500.0,139600.0,10.87,48,B,Completed,179500.0,5,Verified,Mobile App,2025
P2P100483,2023-12-07,Pune,Salaried,74800.0,Travel,100600.0,99300.0,13.09,36,B,Completed,122500.0,2,Verified,Mobile App,2023
P2P100547,2021-12-14,Pune,Salaried,171700.0,Debt Consolidation,159000.0,153300.0,10.21,12,A,Completed,170300.0,3,Verified,Mobile App,2021
P2P101633,2024-10-29,Delhi,Salaried,50500.0,Education,228700.0,210900.0,11.84,24,C,Active,127600.0,5,Verified,Mobile App,2024
P2P101652,2023-02-23,Bengaluru,Self-employed,29400.0,Home Improvement,117800.0,117400.0,10.41,36,A,Active,41300.0,3,Verified,Mobile App,2023
P2P100235,2022-06-28,Delhi,Salaried,35900.0,Small Business,333200.0,317300.0,9.47,36,B,Active,118500.0,7,Verified,Mobile App,2022
P2P101675,2025-04-14,Hyderabad,Freelancer,35300.0,Medical,653200.0,603500.0,10.26,60,B,Active,511400.0,15,Not Verified,Mobile App,2025
P2P100132,2022-08-30,Kolkata,Salaried,30100.0,Debt Consolidation,356100.0,347900.0,12.1,48,B,Active,136800.0,7,Verified,Web,2022
P2P101913,2025-12-27,Hyderabad,Self-employed,43800.0,Debt Consolidation,63400.0,57500.0,19.58,36,E,Completed,84200.0,1,Verified,Mobile App,2025
P2P100225,2022-12-08,Bengaluru,Self-employed,47200.0,Debt Consolidation,178200.0,162100.0,11.64,12,A,Completed,191400.0,5,Verified,Web,2022
P2P100063,2025-06-01,Hyderabad,Business Owner,102800.0,Vehicle,389200.0,379800.0,15.65,36,D,Active,328900.0,10,Verified,Mobile App,2025
P2P100102,2024-09-15,Chennai,Salaried,69000.0,Education,197100.0,184900.0,12.75,12,B,Active,79300.0,4,Verified,Mobile App,2024
P2P101762,2025-06-21,Bengaluru,Freelancer,86100.0,Small Business,700400.0,650400.0,14.54,12,C,Active,503300.0,14,Verified,Mobile App,2025
P2P100961,2021-09-11,Hyderabad,Salaried,65500.0,Debt Consolidation,327300.0,318900.0,11.95,36,B,Late,191700.0,8,Verified,Mobile App,2021
P2P100301,2021-06-08,Kolkata,Salaried,82900.0,Vehicle,1181500.0,1179600.0,8.65,24,B,Completed,1281400.0,28,Verified,Mobile App,2021
P2P100714,2023-09-17,Ahmedabad,Self-employed,66000.0,Home Improvement,116600.0,109000.0,13.3,36,C,Completed,142600.0,4,Not Verified,Web,2023
P2P100261,2024-08-13,Bengaluru,Salaried,50400.0,Small Business,402200.0,386600.0,9.73,36,B,Late,97000.0,11,Verified,Web,2024
P2P100759,2025-08-21,Lucknow,Salaried,109800.0,Small Business,205900.0,187500.0,13.15,48,B,Active,146400.0,6,Not Verified,Web,2025
P2P100933,2025-12-12,Delhi,Unknown,41500.0,Debt Consolidation,472800.0,460900.0,14.32,36,C,Completed,597900.0,9,Verified,Mobile App,2025
P2P100847,2021-09-19,Delhi,Freelancer,101700.0,Vehicle,157300.0,146300.0,10.48,24,B,Active,60900.0,6,Verified,Web,2021
P2P100758,2024-04-10,Pune,Business Owner,74900.0,Wedding,465100.0,454100.0,9.7,48,A,Completed,583100.0,12,Verified,Mobile App,2024
P2P100807,2025-10-11,Kolkata,Salaried,19000.0,Small Business,595700.0,594300.0,8.25,36,A,Completed,670600.0,21,Verified,Mobile App,2025
P2P100288,2024-04-24,Hyderabad,Salaried,62100.0,Home Improvement,192000.0,175700.0,9.92,60,B,Late,85100.0,4,Verified,Web,2024
P2P101920,2023-09-18,Delhi,Self-employed,85000.0,Vehicle,193400.0,181200.0,13.35,36,C,Completed,242500.0,5,Verified,Mobile App,2023
P2P101031,2021-04-24,Chennai,Salaried,159700.0,Debt Consolidation,151400.0,139900.0,21.43,24,E,Active,107500.0,4,Not Verified,Mobile App,2021
P2P101628,2024-04-14,Hyderabad,Salaried,28200.0,Vehicle,314100.0,303100.0,13.44,24,B,Completed,365900.0,8,Verified,Web,2024
P2P100959,2022-04-21,Chennai,Salaried,134300.0,Debt Consolidation,62900.0,58800.0,8.69,12,A,Completed,64700.0,2,Not Verified,Mobile App,2022
P2P100863,2024-03-27,Lucknow,Salaried,39400.0,Travel,405000.0,395700.0,8.46,36,A,Completed,477300.0,10,Verified,Mobile App,2024
P2P101511,2025-05-13,Ahmedabad,Salaried,59000.0,Home Improvement,282600.0,275600.0,9.43,36,A,Active,229300.0,7,Not Verified,Mobile App,2025
P2P100646,2025-08-17,Unknown,Self-employed,82400.0,Home Improvement,248100.0,245900.0,9.17,60,A,Completed,315700.0,7,Verified,Web,2025
P2P100412,2025-10-30,Delhi,Salaried,62500.0,Debt Consolidation,177700.0,174000.0,11.0,24,B,Completed,201900.0,4,Verified,Web,2025
P2P100377,2025-06-22,Kolkata,Salaried,41000.0,Home Improvement,289700.0,287300.0,11.45,48,B,Completed,376100.0,7,Verified,Web,2025
P2P100263,2022-02-18,Bengaluru,Salaried,54500.0,Wedding,47600.0,46400.0,12.59,36,C,Active,29900.0,2,Not Verified,Web,2022
P2P101109,2024-12-15,Unknown,Business Owner,88300.0,Medical,215100.0,195200.0,19.89,36,E,Completed,292500.0,4,Verified,Mobile App,2024
P2P100792,2024-06-30,Delhi,Freelancer,94000.0,Travel,505900.0,504300.0,9.17,60,A,Active,433100.0,13,Not Verified,Mobile App,2024
P2P101579,2024-08-01,Jaipur,Business Owner,30400.0,Small Business,226700.0,221500.0,14.6,48,C,Completed,302900.0,7,Verified,Web,2024
P2P100722,2022-05-26,Bengaluru,Salaried,55800.0,Vehicle,390100.0,371100.0,10.12,60,A,Completed,514600.0,12,Verified,Mobile App,2022
P2P101551,2025-11-01,Lucknow,Salaried,64700.0,Vehicle,343800.0,326800.0,15.48,48,C,Active,151200.0,8,Not Verified,Mobile App,2025
P2P100367,2025-11-13,Delhi,Salaried,65400.0,Debt Consolidation,282600.0,274100.0,11.85,24,B,Active,186200.0,7,Verified,Web,2025
P2P100013,2025-06-06,Lucknow,Self-employed,90300.0,Wedding,385700.0,349000.0,12.4,12,B,Completed,428000.0,12,Not Verified,Mobile App,2025
P2P100130,2024-03-07,Mumbai,Salaried,18000.0,Home Improvement,209000.0,195000.0,9.33,24,A,Active,120400.0,7,Verified,Web,2024
P2P100681,2025-05-18,Chennai,Salaried,48600.0,Debt Consolidation,206300.0,198400.0,14.18,24,C,Completed,242400.0,5,Verified,Web,2025
P2P100510,2025-01-24,Chennai,Freelancer,28900.0,Wedding,272800.0,267600.0,11.8,36,B,Late,69600.0,7,Verified,Web,2025
P2P101291,2023-08-20,Chennai,Salaried,39100.0,Debt Consolidation,496500.0,472400.0,14.52,12,C,Completed,554500.0,17,Not Verified,Mobile App,2023
P2P101525,2024-01-29,Delhi,Salaried,53600.0,Debt Consolidation,73400.0,70000.0,12.03,60,B,Active,38300.0,3,Verified,Web,2024
P2P101330,2024-02-16,Pune,Salaried,37500.0,Small Business,206500.0,204400.0,13.52,36,C,Completed,263100.0,6,Verified,Mobile App,2024
P2P101422,2024-03-01,Chennai,Salaried,55300.0,Medical,223500.0,218800.0,15.85,12,C,Late,69200.0,8,Verified,Web,2024
P2P101598,2021-09-01,Bengaluru,Self-employed,44200.0,Education,407000.0,384900.0,12.98,36,C,Completed,493100.0,10,Verified,Web,2021
P2P101391,2022-10-01,Chennai,Salaried,107700.0,Home Improvement,1139500.0,1128500.0,14.32,12,C,Active,858000.0,27,Verified,Web,2022
P2P100598,2022-05-05,Mumbai,Salaried,28300.0,Education,329900.0,319800.0,13.07,36,C,Defaulted,63300.0,8,Verified,Mobile App,2022
P2P101882,2025-07-27,Hyderabad,Self-employed,58600.0,Small Business,328900.0,313300.0,12.2,36,C,Completed,408100.0,10,Verified,Mobile App,2025
P2P100373,2021-10-17,Jaipur,Salaried,83800.0,Small Business,176100.0,172700.0,14.53,48,C,Active,149800.0,4,Verified,Mobile App,2021
P2P100039,2024-11-27,Bengaluru,Self-employed,36300.0,Debt Consolidation,232900.0,229300.0,13.21,24,C,Active,194000.0,6,Verified,Mobile App,2024
P2P101445,2025-07-20,Delhi,Salaried,104200.0,Travel,203800.0,199500.0,19.67,12,E,Active,146600.0,7,Verified,Mobile App,2025
P2P101767,2025-02-08,Mumbai,Salaried,55900.0,Medical,253100.0,248700.0,14.95,36,C,Late,188200.0,7,Verified,Mobile App,2025
P2P100077,2025-03-22,Delhi,Salaried,82700.0,Debt Consolidation,372400.0,343100.0,11.03,60,A,Active,292900.0,14,Verified,Mobile App,2025
P2P101744,2021-02-03,Delhi,Freelancer,78400.0,Debt Consolidation,237900.0,236800.0,14.0,36,C,Completed,300900.0,7,Verified,Web,2021
P2P101903,2025-03-09,Mumbai,Salaried,46000.0,Wedding,219900.0,219600.0,7.61,12,A,Completed,229700.0,8,Verified,Web,2025
P2P100302,2024-04-07,Hyderabad,Freelancer,66500.0,Medical,288900.0,284800.0,10.34,36,A,Active,248500.0,9,Verified,Mobile App,2024
P2P101783,2023-12-20,Ahmedabad,Self-employed,28500.0,Debt Consolidation,324700.0,297300.0,11.09,24,B,Completed,373300.0,11,Verified,Web,2023
P2P101839,2025-10-03,Delhi,Self-employed,41400.0,Wedding,195900.0,193900.0,9.99,48,B,Completed,241500.0,6,Verified,Web,2025
P2P101177,2025-04-02,Lucknow,Business Owner,130400.0,Small Business,237900.0,227100.0,20.29,24,E,Active,116400.0,7,Verified,Web,2025
P2P100215,2025-01-07,Kolkata,Self-employed,117800.0,Small Business,120400.0,108400.0,15.73,12,C,Completed,133200.0,3,Verified,Mobile App,2025
P2P101126,2024-05-07,Hyderabad,Self-employed,32500.0,Medical,147800.0,136800.0,18.87,48,E,Active,68500.0,3,Not Verified,Web,2024
P2P100339,2024-01-11,Hyderabad,Salaried,33500.0,Debt Consolidation,629400.0,611500.0,16.18,12,D,Active,509300.0,23,Verified,Web,2024
P2P100259,2024-06-05,Ahmedabad,Salaried,48000.0,Home Improvement,169500.0,153300.0,21.13,36,E,Active,147400.0,4,Verified,Web,2024
P2P101768,2024-01-13,Delhi,Salaried,46700.0,Home Improvement,174900.0,174800.0,10.63,60,A,Completed,230100.0,6,Verified,Web,2024
P2P101215,2024-12-12,Bengaluru,Salaried,122700.0,Debt Consolidation,731200.0,694900.0,14.75,24,C,Completed,851800.0,18,Verified,Mobile App,2024
P2P100567,2023-08-11,Chennai,Salaried,43400.0,Debt Consolidation,226500.0,214900.0,12.51,24,C,Active,97400.0,4,Verified,Web,2023
P2P101636,2022-09-28,Bengaluru,Salaried,163300.0,Education,384300.0,347500.0,11.42,36,B,Active,164200.0,8,Verified,Web,2022
P2P100658,2023-06-16,Delhi,Salaried,57500.0,Vehicle,181000.0,163400.0,10.99,12,B,Active,112100.0,4,Verified,Mobile App,2023
P2P100639,2022-12-18,Bengaluru,Self-employed,45300.0,Travel,552000.0,519800.0,13.29,60,C,Completed,796000.0,17,Verified,Mobile App,2022
P2P100424,2024-02-11,Mumbai,Self-employed,94300.0,Education,172100.0,164600.0,14.81,36,C,Completed,223200.0,5,Verified,Mobile App,2024
P2P101390,2023-12-05,Delhi,Business Owner,42000.0,Small Business,180800.0,177500.0,13.85,48,C,Completed,236900.0,6,Verified,Mobile App,2023
P2P100101,2021-04-07,Delhi,Self-employed,46700.0,Wedding,330300.0,306700.0,12.7,24,C,Defaulted,61400.0,8,Verified,Mobile App,2021
P2P100309,2025-04-21,Hyderabad,Business Owner,74700.0,Debt Consolidation,163200.0,155800.0,9.46,48,A,Active,107000.0,4,Verified,Mobile App,2025
P2P101596,2024-06-18,Lucknow,Salaried,52100.0,Medical,184600.0,166500.0,7.92,24,A,Defaulted,37100.0,4,Verified,Mobile App,2024
P2P100629,2021-04-23,Pune,Self-employed,38700.0,Education,173400.0,160400.0,16.72,24,C,Active,115600.0,4,Verified,Mobile App,2021
P2P100968,2023-02-11,Delhi,Self-employed,37800.0,Education,165900.0,156900.0,10.88,60,B,Active,135900.0,4,Verified,Web,2023
P2P101082,2021-10-01,Kolkata,Salaried,38400.0,Wedding,114500.0,109500.0,12.17,24,B,Active,61600.0,3,Verified,Web,2021
P2P100858,2024-01-07,Mumbai,Freelancer,45900.0,Debt Consolidation,477200.0,465300.0,7.76,12,A,Completed,508900.0,14,Verified,Mobile App,2024
P2P100482,2024-12-15,Hyderabad,Salaried,48800.0,Vehicle,103200.0,92900.0,14.48,48,D,Completed,140600.0,3,Verified,Mobile App,2024
P2P100836,2023-09-30,Bengaluru,Salaried,41800.0,Wedding,435400.0,418600.0,11.21,24,A,Active,180600.0,9,Verified,Mobile App,2023
P2P100038,2021-10-27,Ahmedabad,Business Owner,53900.0,Debt Consolidation,196800.0,195100.0,11.92,60,B,Completed,261700.0,5,Verified,Mobile App,2021
P2P101268,2024-01-19,Delhi,Salaried,42300.0,Education,171800.0,165400.0,13.16,24,B,Completed,192500.0,4,Verified,Mobile App,2024
P2P100855,2022-07-21,Bengaluru,Self-employed,93000.0,Debt Consolidation,269600.0,247400.0,14.17,36,C,Late,161400.0,7,Not Verified,Mobile App,2022
P2P100727,2022-02-18,Delhi,Business Owner,32700.0,Debt Consolidation,266500.0,257200.0,12.96,36,B,Active,182000.0,9,Verified,Mobile App,2022
P2P101201,2025-03-06,Delhi,Salaried,77200.0,Education,246600.0,232200.0,12.73,48,B,Completed,313600.0,5,Verified,Mobile App,2025
P2P100549,2024-03-21,Bengaluru,Self-employed,33200.0,Home Improvement,741400.0,705000.0,13.64,24,C,Completed,892500.0,18,Verified,Mobile App,2024
P2P100129,2021-01-22,Bengaluru,Salaried,41400.0,Wedding,133700.0,127600.0,9.63,36,A,Completed,162100.0,3,Verified,Web,2021
P2P100601,2022-04-27,Hyderabad,Salaried,66500.0,Medical,116600.0,107600.0,16.62,36,D,Completed,155300.0,3,Not Verified,Mobile App,2022
P2P101713,2025-04-03,Mumbai,Salaried,46400.0,Small Business,375600.0,363200.0,12.73,24,C,Late,187200.0,8,Verified,Web,2025
P2P100041,2022-01-07,Pune,Business Owner,51600.0,Vehicle,1179600.0,1148200.0,12.18,36,B,Completed,1416500.0,31,Not Verified,Mobile App,2022
P2P100712,2024-07-15,Mumbai,Salaried,76500.0,Education,242300.0,235800.0,12.39,24,B,Late,174300.0,9,Verified,Web,2024
P2P101677,2021-09-05,Kolkata,Salaried,57200.0,Debt Consolidation,113900.0,108800.0,12.21,24,B,Completed,127700.0,4,Verified,Web,2021
P2P100663,2024-07-30,Delhi,Salaried,54400.0,Debt Consolidation,339400.0,309100.0,10.87,36,A,Completed,401700.0,7,Verified,Mobile App,2024
P2P100296,2024-03-24,Jaipur,Salaried,41800.0,Debt Consolidation,434800.0,421800.0,10.31,24,B,Completed,476600.0,15,Verified,Mobile App,2024
P2P100448,2025-02-28,Hyderabad,Business Owner,50700.0,Debt Consolidation,179800.0,172300.0,13.9,24,C,Defaulted,47200.0,4,Not Verified,Web,2025
P2P101426,2025-11-18,Delhi,Salaried,26600.0,Medical,90000.0,84900.0,10.54,48,A,Completed,114800.0,2,Verified,Mobile App,2025
P2P100637,2024-04-09,Jaipur,Salaried,45300.0,Travel,299900.0,285700.0,17.41,36,D,Active,150600.0,9,Verified,Mobile App,2024
P2P101867,2021-05-13,Mumbai,Self-employed,39200.0,Home Improvement,112600.0,104100.0,18.75,12,D,Completed,128300.0,4,Verified,Mobile App,2021
P2P101679,2022-05-08,Bengaluru,Self-employed,36200.0,Vehicle,164700.0,156600.0,11.43,36,B,Completed,197900.0,5,Verified,Mobile App,2022
P2P101333,2022-09-13,Lucknow,Salaried,126600.0,Debt Consolidation,210500.0,196200.0,9.35,60,A,Completed,265200.0,8,Verified,Mobile App,2022
P2P101755,2025-12-01,Mumbai,Business Owner,57000.0,Debt Consolidation,190400.0,178200.0,10.65,24,A,Completed,213800.0,4,Verified,Web,2025
P2P100905,2023-10-05,Mumbai,Freelancer,62400.0,Education,436100.0,430300.0,12.94,12,B,Active,264600.0,14,Verified,Mobile App,2023
P2P100530,2025-07-16,Ahmedabad,Salaried,39200.0,Travel,148400.0,133800.0,13.6,12,C,Completed,159100.0,3,Not Verified,Web,2025
P2P101543,2024-06-01,Pune,Business Owner,112600.0,Debt Consolidation,166200.0,165700.0,12.52,36,B,Completed,205600.0,6,Not Verified,Mobile App,2024
P2P100838,2023-06-15,Pune,Salaried,54400.0,Debt Consolidation,369200.0,343600.0,11.02,60,B,Defaulted,91000.0,11,Verified,Web,2023
P2P100834,2022-05-14,Jaipur,Salaried,69400.0,Debt Consolidation,155700.0,140900.0,17.33,12,D,Active,68800.0,5,Verified,Mobile App,2022
P2P101440,2024-11-11,Bengaluru,Business Owner,51600.0,Wedding,103200.0,95700.0,15.53,36,C,Completed,129100.0,2,Verified,Mobile App,2024
P2P100829,2025-02-08,Chennai,Salaried,53200.0,Home Improvement,486400.0,438900.0,13.31,36,B,Active,390500.0,9,Not Verified,Mobile App,2025
P2P100595,2025-08-25,Kolkata,Salaried,39800.0,Debt Consolidation,310600.0,292200.0,12.97,36,C,Active,225700.0,11,Not Verified,Web,2025
P2P100682,2022-11-21,Mumbai,Salaried,40700.0,Vehicle,376500.0,374000.0,7.86,24,A,Completed,404800.0,13,Verified,Mobile App,2022
P2P101586,2022-02-10,Chennai,Salaried,26100.0,Home Improvement,176900.0,164600.0,12.0,24,C,Completed,201800.0,4,Verified,Mobile App,2022
P2P100580,2022-11-22,Pune,Self-employed,53900.0,Medical,172800.0,164000.0,18.94,24,D,Defaulted,23800.0,4,Verified,Mobile App,2022
P2P101089,2025-12-21,Delhi,Salaried,98000.0,Medical,203500.0,200900.0,13.72,12,C,Active,87000.0,6,Verified,Mobile App,2025
P2P101197,2025-11-29,Bengaluru,Self-employed,18000.0,Travel,229600.0,222400.0,9.12,36,B,Active,139100.0,7,Verified,Web,2025
P2P101211,2023-10-14,Hyderabad,Freelancer,60600.0,Debt Consolidation,415800.0,395700.0,9.76,36,A,Defaulted,127500.0,9,Not Verified,Web,2023
P2P101067,2022-10-08,Bengaluru,Salaried,30800.0,Debt Consolidation,414700.0,378100.0,8.37,48,A,Active,167500.0,14,Verified,Mobile App,2022
P2P100486,2025-08-31,Hyderabad,Self-employed,33000.0,Travel,181100.0,171100.0,11.85,24,C,Active,149300.0,5,Verified,Web,2025
P2P100196,2023-05-21,Bengaluru,Salaried,93600.0,Home Improvement,482700.0,460400.0,13.52,36,C,Late,340100.0,13,Verified,Mobile App,2023
P2P101986,2021-09-04,Kolkata,Salaried,34700.0,Wedding,221300.0,208100.0,14.7,36,C,Active,117500.0,8,Verified,Mobile App,2021
P2P101483,2024-04-27,Hyderabad,Salaried,60000.0,Debt Consolidation,80500.0,76500.0,9.51,36,B,Active,62400.0,2,Verified,Mobile App,2024
P2P101731,2023-03-01,Hyderabad,Business Owner,103800.0,Debt Consolidation,305400.0,279300.0,14.15,36,C,Active,280600.0,8,Verified,Mobile App,2023
P2P101022,2023-02-12,Ahmedabad,Salaried,61400.0,Home Improvement,77000.0,69300.0,11.54,36,B,Completed,92500.0,2,Not Verified,Mobile App,2023
P2P101143,2024-11-18,Kolkata,Self-employed,24700.0,Medical,558800.0,544200.0,8.37,36,A,Active,309100.0,12,Verified,Mobile App,2024
P2P100481,2024-09-04,Pune,Salaried,56500.0,Debt Consolidation,474800.0,436700.0,9.1,12,B,Completed,504200.0,12,Not Verified,Web,2024
P2P101932,2024-05-23,Kolkata,Salaried,42400.0,Debt Consolidation,107300.0,97600.0,18.38,24,D,Late,77600.0,3,Verified,Web,2024
P2P100387,2023-01-14,Pune,Freelancer,25000.0,Home Improvement,827000.0,823100.0,17.03,24,D,Defaulted,239000.0,21,Verified,Web,2023
P2P100258,2024-12-15,Chennai,Salaried,103400.0,Home Improvement,468500.0,446500.0,10.6,12,B,Active,196400.0,13,Verified,Web,2024
P2P101005,2025-05-05,Delhi,Business Owner,87100.0,Medical,377400.0,373800.0,16.8,12,D,Active,263000.0,10,Verified,Mobile App,2025
P2P101597,2022-12-29,Mumbai,Salaried,30100.0,Debt Consolidation,627700.0,569100.0,9.47,36,B,Active,531400.0,17,Verified,Mobile App,2022
P2P101594,2021-11-15,Jaipur,Freelancer,43000.0,Medical,132700.0,127600.0,11.52,24,B,Active,67100.0,3,Verified,Web,2021
P2P101080,2025-10-30,Kolkata,Salaried,65700.0,Travel,109900.0,107500.0,15.6,24,C,Active,42500.0,3,Verified,Mobile App,2025
P2P101727,2024-03-05,Bengaluru,Salaried,26500.0,Debt Consolidation,72600.0,69400.0,12.64,24,C,Completed,82500.0,3,Verified,Web,2024
P2P101167,2025-06-06,Ahmedabad,Salaried,45500.0,Wedding,141000.0,127000.0,15.2,60,C,Completed,207200.0,5,Verified,Mobile App,2025
P2P101150,2025-07-19,Pune,Salaried,68100.0,Education,288300.0,262300.0,7.5,12,A,Completed,309700.0,8,Verified,Mobile App,2025
P2P100994,2024-07-06,Bengaluru,Self-employed,45500.0,Home Improvement,115200.0,111400.0,10.14,36,B,Completed,133600.0,3,Verified,Mobile App,2024
P2P101849,2025-08-13,Bengaluru,Salaried,67900.0,Small Business,224900.0,224200.0,11.43,36,C,Active,190400.0,6,Verified,Web,2025
P2P100034,2025-10-29,Mumbai,Freelancer,57100.0,Travel,283100.0,260100.0,11.74,36,B,Active,201900.0,6,Verified,Web,2025
P2P100081,2025-07-14,Hyderabad,Self-employed,43600.0,Debt Consolidation,233700.0,226000.0,9.84,12,B,Completed,250800.0,5,Verified,Web,2025
P2P100875,2021-03-19,Ahmedabad,Salaried,93800.0,Vehicle,498200.0,486700.0,10.16,48,B,Active,448200.0,12,Verified,Web,2021
P2P100978,2021-06-07,Ahmedabad,Salaried,77800.0,Debt Consolidation,180200.0,170100.0,20.09,12,E,Late,104000.0,6,Verified,Mobile App,2021
P2P101040,2023-03-18,Chennai,Freelancer,66200.0,Education,231400.0,227200.0,10.68,48,B,Completed,295500.0,5,Verified,Mobile App,2023
P2P101576,2021-10-21,Mumbai,Salaried,63700.0,Home Improvement,90800.0,89900.0,11.66,24,B,Active,64200.0,3,Not Verified,Web,2021
P2P101816,2025-11-22,Hyderabad,Salaried,64100.0,Medical,291700.0,285800.0,10.75,36,A,Completed,354600.0,6,Not Verified,Mobile App,2025
P2P101496,2024-11-03,Bengaluru,Salaried,47600.0,Debt Consolidation,280800.0,264300.0,11.64,24,B,Completed,317000.0,7,Verified,Web,2024
P2P101935,2024-11-15,Mumbai,Salaried,83000.0,Home Improvement,468100.0,448800.0,11.88,36,B,Completed,555300.0,15,Not Verified,Mobile App,2024
P2P100444,2023-07-01,Bengaluru,Salaried,36300.0,Vehicle,140100.0,136100.0,13.45,60,C,Completed,191300.0,3,Verified,Web,2023
P2P100066,2024-04-25,Kolkata,Salaried,19500.0,Vehicle,282200.0,254300.0,10.93,48,B,Completed,346200.0,7,Verified,Mobile App,2024
P2P101343,2025-07-21,Chennai,Salaried,84200.0,Medical,191100.0,183800.0,16.58,48,D,Defaulted,30700.0,6,Verified,Web,2025
P2P100777,2022-09-15,Kolkata,Unknown,70700.0,Debt Consolidation,110000.0,108700.0,10.61,36,A,Defaulted,42700.0,4,Verified,Mobile App,2022
P2P100548,2024-11-08,Hyderabad,Self-employed,35200.0,Home Improvement,339900.0,337200.0,7.81,24,A,Active,274700.0,8,Verified,Mobile App,2024
P2P101618,2024-10-24,Kolkata,Salaried,67900.0,Vehicle,234100.0,226600.0,8.91,60,A,Late,101900.0,6,Verified,Mobile App,2024
P2P100059,2021-05-19,Ahmedabad,Business Owner,82400.0,Small Business,336800.0,305900.0,12.36,24,B,Active,160300.0,6,Verified,Web,2021
P2P100800,2025-09-26,Hyderabad,Self-employed,51900.0,Debt Consolidation,427500.0,406300.0,17.41,36,D,Defaulted,90500.0,10,Verified,Mobile App,2025
P2P100725,2024-06-12,Pune,Salaried,63200.0,Home Improvement,165700.0,161100.0,12.45,12,C,Completed,183900.0,4,Verified,Web,2024
P2P101541,2025-01-04,Mumbai,Salaried,74000.0,Debt Consolidation,154200.0,140800.0,15.37,36,C,Active,118900.0,4,Not Verified,Web,2025
P2P100089,2025-08-13,Chennai,Business Owner,23000.0,Vehicle,284600.0,276200.0,12.03,36,B,Completed,337000.0,6,Verified,Web,2025
P2P100566,2024-07-06,Delhi,Business Owner,38300.0,Debt Consolidation,126800.0,121400.0,16.3,36,C,Completed,164800.0,4,Verified,Web,2024
P2P101850,2024-09-29,Bengaluru,Salaried,43100.0,Debt Consolidation,126200.0,124000.0,11.62,36,B,Late,85400.0,4,Verified,Mobile App,2024
P2P101301,2021-04-07,Bengaluru,Business Owner,68400.0,Home Improvement,249000.0,240400.0,14.84,12,C,Active,191100.0,8,Verified,Web,2021
P2P101073,2021-05-09,Pune,Salaried,68000.0,Home Improvement,130000.0,128000.0,15.6,24,C,Completed,151700.0,4,Verified,Mobile App,2021
P2P100255,2022-04-28,Delhi,Salaried,52400.0,Vehicle,175000.0,164900.0,16.18,60,D,Late,95900.0,5,Verified,Mobile App,2022
P2P101250,2024-08-16,Ahmedabad,Salaried,130300.0,Medical,230600.0,227600.0,7.5,12,A,Completed,235500.0,7,Verified,Web,2024
P2P101542,2021-11-24,Bengaluru,Self-employed,46000.0,Vehicle,97500.0,89600.0,15.24,24,C,Completed,117300.0,2,Not Verified,Mobile App,2021
P2P100782,2024-04-25,Hyderabad,Salaried,41000.0,Vehicle,267800.0,264300.0,13.72,24,C,Active,145700.0,6,Verified,Mobile App,2024
P2P100018,2024-03-28,Pune,Business Owner,52400.0,Wedding,159700.0,150100.0,10.17,24,B,Completed,175200.0,4,Verified,Mobile App,2024
P2P101169,2021-01-20,Mumbai,Salaried,84300.0,Small Business,287600.0,280100.0,19.25,12,E,Active,210700.0,9,Not Verified,Mobile App,2021
P2P100983,2021-11-23,Jaipur,Self-employed,96500.0,Small Business,250200.0,232200.0,13.08,36,C,Completed,308900.0,6,Verified,Mobile App,2021
P2P101993,2024-08-06,Mumbai,Salaried,81800.0,Small Business,235300.0,226300.0,11.62,36,B,Active,88100.0,6,Verified,Mobile App,2024
P2P101765,2022-03-14,Chennai,Business Owner,92900.0,Education,183800.0,165600.0,12.62,24,B,Completed,206000.0,6,Verified,Web,2022
P2P100100,2021-11-27,Ahmedabad,Salaried,38100.0,Home Improvement,469100.0,456900.0,21.85,24,E,Defaulted,172500.0,15,Not Verified,Mobile App,2021
P2P101902,2021-01-17,Mumbai,Salaried,38300.0,Home Improvement,228000.0,215000.0,12.61,24,B,Completed,270500.0,6,Verified,Web,2021
P2P100364,2024-04-29,Hyderabad,Salaried,36300.0,Education,384700.0,352800.0,12.65,24,B,Completed,450000.0,9,Verified,Mobile App,2024
P2P100915,2024-05-09,Mumbai,Salaried,42100.0,Debt Consolidation,482000.0,465900.0,14.57,12,C,Completed,523400.0,17,Verified,Web,2024
P2P100810,2021-12-13,Delhi,Business Owner,59200.0,Small Business,312500.0,282700.0,13.61,36,C,Active,241300.0,11,Verified,Mobile App,2021
P2P100037,2023-02-26,Chennai,Freelancer,58600.0,Debt Consolidation,242300.0,230800.0,11.23,48,A,Completed,311800.0,6,Verified,Web,2023
P2P100097,2024-03-25,Bengaluru,Salaried,81700.0,Medical,341500.0,329600.0,10.73,48,B,Completed,427900.0,12,Verified,Mobile App,2024
P2P100095,2025-03-22,Mumbai,Salaried,58000.0,Debt Consolidation,401400.0,370600.0,7.5,60,A,Completed,494600.0,14,Verified,Mobile App,2025
P2P101858,2023-12-18,Mumbai,Salaried,39000.0,Education,483700.0,444100.0,16.67,24,D,Active,297400.0,9,Verified,Web,2023
P2P100764,2025-02-16,Mumbai,Salaried,36000.0,Home Improvement,173300.0,157800.0,10.21,12,A,Completed,181800.0,3,Verified,Mobile App,2025
P2P100135,2025-10-21,Bengaluru,Self-employed,30000.0,Small Business,243700.0,235000.0,11.57,36,B,Active,103200.0,7,Verified,Mobile App,2025
P2P100747,2023-07-26,Chennai,Salaried,54400.0,Medical,194000.0,192300.0,11.11,36,B,Completed,229000.0,5,Verified,Mobile App,2023
P2P100909,2022-11-25,Ahmedabad,Self-employed,159600.0,Home Improvement,85700.0,80700.0,16.26,60,D,Active,74700.0,3,Verified,Mobile App,2022
P2P101865,2025-12-12,Delhi,Self-employed,120700.0,Debt Consolidation,590600.0,572800.0,11.47,36,B,Active,489200.0,12,Verified,Web,2025
P2P101890,2025-12-21,Delhi,Salaried,45700.0,Home Improvement,185100.0,177400.0,10.12,36,B,Active,153400.0,7,Verified,Mobile App,2025
P2P100650,2024-02-17,Ahmedabad,Salaried,93200.0,Education,100100.0,92900.0,13.25,12,C,Completed,109400.0,3,Verified,Web,2024
P2P101868,2022-04-17,Delhi,Salaried,52300.0,Small Business,157600.0,154000.0,8.15,12,A,Completed,161600.0,3,Verified,Web,2022
P2P100755,2022-02-17,Bengaluru,Business Owner,48700.0,Wedding,195300.0,178500.0,9.82,60,B,Active,146500.0,4,Verified,Web,2022
P2P101710,2024-10-06,Ahmedabad,Business Owner,66800.0,Travel,382600.0,355000.0,14.03,24,C,Completed,459900.0,10,Verified,Mobile App,2024
P2P100499,2025-11-30,Mumbai,Salaried,35900.0,Travel,129400.0,121900.0,10.46,36,B,Completed,156400.0,4,Verified,Mobile App,2025
P2P100918,2025-10-28,Jaipur,Salaried,25100.0,Vehicle,168200.0,156500.0,7.77,24,A,Active,133700.0,4,Not Verified,Mobile App,2025
P2P100757,2024-08-21,Ahmedabad,Salaried,132500.0,Education,83900.0,77900.0,7.91,48,A,Completed,101600.0,2,Verified,Mobile App,2024
P2P100295,2022-01-19,Ahmedabad,Salaried,43800.0,Debt Consolidation,165700.0,160000.0,9.41,48,A,Completed,203300.0,5,Verified,Web,2022
P2P100888,2022-10-06,Delhi,Self-employed,22100.0,Home Improvement,626600.0,575700.0,10.22,36,B,Active,525800.0,16,Verified,Mobile App,2022
P2P100224,2023-06-25,Delhi,Business Owner,62500.0,Debt Consolidation,110800.0,106000.0,13.34,60,B,Active,54400.0,2,Verified,Mobile App,2023
P2P101414,2021-06-24,Ahmedabad,Salaried,74300.0,Home Improvement,210700.0,191600.0,20.48,24,E,Active,145000.0,7,Verified,Web,2021
P2P100667,2022-10-24,Delhi,Salaried,53600.0,Debt Consolidation,311200.0,283400.0,13.72,60,C,Completed,453100.0,6,Verified,Mobile App,2022
P2P101368,2025-09-09,Pune,Salaried,54000.0,Debt Consolidation,262000.0,243800.0,15.92,24,D,Active,185300.0,6,Verified,Mobile App,2025
P2P101979,2025-07-26,Kolkata,Salaried,47700.0,Debt Consolidation,275400.0,255200.0,11.7,24,B,Active,224500.0,6,Verified,Mobile App,2025
P2P100401,2021-11-12,Chennai,Unknown,20300.0,Home Improvement,86100.0,81100.0,11.46,48,B,Active,64200.0,3,Verified,Web,2021
P2P101802,2025-02-08,Bengaluru,Salaried,23700.0,Wedding,142000.0,139700.0,12.41,36,C,Completed,174400.0,3,Not Verified,Mobile App,2025
P2P101395,2023-04-28,Mumbai,Self-employed,87500.0,Wedding,238500.0,220700.0,13.96,36,C,Completed,290900.0,5,Not Verified,Web,2023
P2P101206,2025-03-21,Mumbai,Salaried,38800.0,Vehicle,352900.0,317900.0,12.61,36,C,Active,173800.0,6,Not Verified,Mobile App,2025
P2P101464,2024-10-18,Delhi,Unknown,54300.0,Medical,180800.0,169200.0,10.51,36,B,Completed,207800.0,6,Verified,Mobile App,2024
P2P100513,2025-10-09,Ahmedabad,Unknown,29000.0,Home Improvement,269600.0,244900.0,13.36,48,B,Completed,361200.0,7,Verified,Mobile App,2025
P2P100617,2021-07-07,Mumbai,Business Owner,120900.0,Home Improvement,72200.0,69200.0,10.45,24,B,Completed,78800.0,3,Verified,Web,2021
P2P100616,2025-09-24,Chennai,Salaried,174100.0,Debt Consolidation,158200.0,146800.0,19.63,24,E,Active,109100.0,4,Verified,Mobile App,2025
P2P100686,2024-05-16,Bengaluru,Salaried,140900.0,Debt Consolidation,147600.0,147600.0,14.87,48,C,Active,106300.0,5,Verified,Mobile App,2024
P2P101015,2024-12-30,Hyderabad,Salaried,54400.0,Medical,182800.0,179700.0,10.14,36,B,Defaulted,46300.0,5,Verified,Mobile App,2024
P2P100680,2025-07-17,Hyderabad,Self-employed,99100.0,Education,535700.0,511300.0,9.19,36,A,Completed,629400.0,19,Verified,Web,2025
P2P101514,2021-02-25,Bengaluru,Self-employed,58900.0,Vehicle,251400.0,242800.0,11.84,24,B,Active,134500.0,5,Verified,Mobile App,2021
P2P100886,2022-05-20,Jaipur,Business Owner,142900.0,Travel,283800.0,267600.0,16.73,12,D,Completed,318800.0,6,Verified,Mobile App,2022
P2P100024,2023-06-23,Bengaluru,Business Owner,29100.0,Debt Consolidation,648400.0,604000.0,14.54,36,C,Active,346500.0,13,Verified,Web,2023
P2P101071,2023-02-10,Delhi,Salaried,46100.0,Small Business,149900.0,146000.0,12.64,24,B,Active,97500.0,4,Not Verified,Mobile App,2023
P2P100200,2025-04-02,Bengaluru,Self-employed,31900.0,Home Improvement,164000.0,149600.0,10.93,12,B,Completed,176500.0,4,Not Verified,Web,2025
P2P100306,2025-12-01,Hyderabad,Salaried,59900.0,Home Improvement,687200.0,621300.0,13.93,24,C,Completed,806300.0,15,Verified,Web,2025
P2P100246,2025-10-03,Pune,Freelancer,38100.0,Education,473400.0,445300.0,16.17,24,D,Active,402200.0,11,Verified,Web,2025
P2P101321,2022-10-27,Mumbai,Salaried,38300.0,Education,247700.0,242400.0,17.2,36,D,Completed,329300.0,9,Verified,Mobile App,2022
P2P101471,2024-06-01,Ahmedabad,Self-employed,48300.0,Debt Consolidation,87100.0,81300.0,15.2,12,C,Active,66700.0,2,Verified,Mobile App,2024
P2P100468,2025-07-21,Bengaluru,Salaried,54400.0,Debt Consolidation,365200.0,350100.0,7.5,36,A,Completed,408700.0,13,Verified,Mobile App,2025
P2P100656,2022-01-20,Delhi,Salaried,124000.0,Home Improvement,174400.0,171300.0,13.49,24,C,Active,118500.0,4,Verified,Web,2022
P2P100021,2024-08-08,Delhi,Salaried,46200.0,Travel,712400.0,647400.0,10.19,24,A,Late,453900.0,16,Verified,Mobile App,2024
P2P100378,2021-03-13,Ahmedabad,Business Owner,42900.0,Vehicle,77500.0,75000.0,12.41,36,B,Completed,92700.0,2,Not Verified,Web,2021
P2P101018,2024-06-02,Bengaluru,Salaried,24400.0,Home Improvement,107700.0,99100.0,9.35,60,A,Completed,133200.0,2,Verified,Web,2024
P2P101293,2024-06-02,Bengaluru,Salaried,105500.0,Home Improvement,235300.0,235200.0,12.54,24,C,Completed,278100.0,5,Not Verified,Web,2024
P2P100404,2025-05-30,Ahmedabad,Salaried,32600.0,Home Improvement,338600.0,320300.0,12.86,48,B,Completed,442200.0,7,Verified,Mobile App,2025
P2P100226,2022-10-20,Pune,Self-employed,54000.0,Education,252500.0,242300.0,14.09,36,C,Completed,312200.0,7,Verified,Web,2022
P2P100645,2022-01-02,Mumbai,Self-employed,24000.0,Debt Consolidation,193300.0,191200.0,16.98,36,D,Late,52800.0,4,Not Verified,Mobile App,2022
P2P100837,2025-09-17,Delhi,Salaried,43400.0,Travel,147900.0,140500.0,9.69,36,A,Active,99300.0,3,Verified,Mobile App,2025
P2P100784,2023-05-14,Delhi,Salaried,21300.0,Vehicle,169200.0,166100.0,12.23,24,B,Completed,192500.0,4,Verified,Mobile App,2023
P2P101992,2022-04-04,Mumbai,Salaried,147400.0,Debt Consolidation,196400.0,185400.0,19.18,48,D,Active,136300.0,4,Verified,Mobile App,2022
P2P101296,2022-07-09,Lucknow,Salaried,34300.0,Debt Consolidation,214700.0,194900.0,13.01,60,B,Active,141300.0,8,Verified,Mobile App,2022
P2P100618,2023-01-04,Delhi,Business Owner,54200.0,Debt Consolidation,376300.0,358300.0,10.61,12,B,Active,162400.0,9,Not Verified,Mobile App,2023
P2P100794,2024-08-08,Delhi,Unknown,25400.0,Debt Consolidation,243400.0,223700.0,14.08,36,C,Active,93000.0,5,Verified,Web,2024
P2P100085,2023-03-10,Mumbai,Salaried,54400.0,Education,634700.0,576400.0,14.77,24,C,Completed,764100.0,18,Verified,Web,2023
P2P101591,2024-12-10,Mumbai,Salaried,32100.0,Travel,173700.0,159100.0,11.55,24,B,Late,110300.0,4,Verified,Web,2024
P2P101837,2022-01-21,Pune,Business Owner,26600.0,Wedding,426400.0,388300.0,12.31,36,B,Completed,520300.0,12,Verified,Mobile App,2022
P2P101213,2022-04-15,Mumbai,Salaried,32400.0,Debt Consolidation,251800.0,249700.0,10.04,48,A,Completed,308300.0,6,Not Verified,Mobile App,2022
P2P101653,2022-12-04,Bengaluru,Salaried,101100.0,Vehicle,259500.0,250700.0,14.82,24,C,Active,212400.0,9,Verified,Web,2022
P2P100604,2021-09-29,Kolkata,Salaried,62600.0,Home Improvement,133800.0,129200.0,15.85,36,D,Completed,175900.0,4,Verified,Mobile App,2021
P2P100454,2025-09-06,Delhi,Business Owner,18800.0,Home Improvement,502000.0,459000.0,12.72,24,C,Completed,579500.0,13,Verified,Mobile App,2025
P2P101498,2023-12-24,Ahmedabad,Business Owner,24100.0,Wedding,102000.0,97000.0,12.47,24,C,Completed,117100.0,3,Verified,Mobile App,2023
P2P101690,2025-03-14,Ahmedabad,Self-employed,54400.0,Debt Consolidation,249200.0,232600.0,11.64,12,A,Completed,262800.0,7,Verified,Mobile App,2025
P2P101452,2024-08-18,Hyderabad,Salaried,39700.0,Small Business,273800.0,269500.0,10.72,12,B,Completed,303100.0,11,Not Verified,Mobile App,2024
P2P101540,2024-03-29,Delhi,Salaried,45000.0,Debt Consolidation,523800.0,484700.0,11.51,12,B,Defaulted,33800.0,10,Not Verified,Mobile App,2024
P2P100214,2022-09-04,Delhi,Salaried,40100.0,Travel,255800.0,232900.0,17.24,24,D,Completed,315300.0,5,Verified,Mobile App,2022
P2P100999,2025-10-31,Delhi,Business Owner,40800.0,Debt Consolidation,289300.0,274700.0,9.0,12,A,Completed,308100.0,8,Not Verified,Web,2025
P2P101402,2022-04-24,Chennai,Freelancer,86000.0,Debt Consolidation,220900.0,201200.0,14.4,48,C,Defaulted,68600.0,7,Verified,Mobile App,2022
P2P100363,2023-12-14,Mumbai,Business Owner,54400.0,Debt Consolidation,178100.0,170700.0,18.9,24,D,Late,94100.0,5,Verified,Mobile App,2023
P2P100904,2024-06-25,Chennai,Salaried,59000.0,Home Improvement,72600.0,70500.0,10.67,48,B,Completed,88900.0,2,Verified,Web,2024
P2P101930,2021-07-18,Mumbai,Business Owner,23900.0,Debt Consolidation,101000.0,99600.0,14.43,36,C,Completed,123500.0,3,Verified,Web,2021
P2P100560,2024-08-21,Lucknow,Freelancer,126200.0,Education,240200.0,233400.0,19.9,24,E,Defaulted,44800.0,8,Verified,Web,2024
P2P101650,2025-01-03,Pune,Self-employed,85400.0,Travel,255000.0,240000.0,12.92,24,B,Active,119300.0,5,Verified,Mobile App,2025
P2P100960,2025-02-09,Lucknow,Self-employed,55300.0,Vehicle,580900.0,547900.0,10.35,12,A,Completed,602900.0,12,Verified,Mobile App,2025
P2P100535,2025-03-19,Bengaluru,Salaried,83500.0,Small Business,154300.0,142500.0,13.08,24,B,Completed,179800.0,4,Verified,Mobile App,2025
P2P100697,2023-01-26,Chennai,Salaried,54900.0,Small Business,140900.0,138900.0,12.42,24,B,Active,93300.0,4,Not Verified,Mobile App,2023
P2P101114,2024-04-16,Mumbai,Self-employed,24900.0,Debt Consolidation,123100.0,115500.0,11.11,48,B,Completed,155000.0,3,Verified,Mobile App,2024
P2P100952,2024-10-29,Hyderabad,Salaried,85000.0,Small Business,93600.0,92200.0,12.66,24,C,Defaulted,6300.0,2,Verified,Web,2024
P2P101480,2023-11-01,Hyderabad,Salaried,86900.0,Home Improvement,441500.0,414600.0,13.66,60,C,Active,205900.0,14,Verified,Web,2023
P2P100237,2023-01-11,Chennai,Salaried,43600.0,Wedding,273000.0,266100.0,10.66,24,B,Completed,302600.0,6,Verified,Mobile App,2023
P2P101845,2025-10-22,Ahmedabad,Business Owner,73000.0,Debt Consolidation,102900.0,94000.0,19.62,24,E,Active,45100.0,3,Verified,Web,2025
P2P101957,2024-09-24,Chennai,Unknown,47600.0,Wedding,165700.0,165400.0,12.4,36,C,Completed,196700.0,4,Verified,Mobile App,2024
P2P101191,2021-07-26,Pune,Salaried,41900.0,Home Improvement,166100.0,153900.0,14.75,24,C,Active,133900.0,4,Verified,Web,2021
P2P101436,2021-04-02,Jaipur,Self-employed,69500.0,Home Improvement,159300.0,153900.0,12.7,60,B,Completed,225800.0,3,Verified,Mobile App,2021
P2P101810,2021-10-29,Bengaluru,Salaried,23100.0,Debt Consolidation,739000.0,702800.0,9.19,36,A,Completed,834000.0,17,Verified,Web,2021
P2P101655,2021-09-26,Kolkata,Salaried,54000.0,Debt Consolidation,283800.0,260500.0,15.77,12,C,Completed,322900.0,8,Verified,Mobile App,2021
P2P101403,2021-04-23,Pune,Freelancer,39000.0,Travel,313000.0,292700.0,11.04,24,A,Completed,351600.0,11,Verified,Mobile App,2021
P2P101572,2022-04-25,Pune,Salaried,36700.0,Education,543300.0,527800.0,9.26,36,A,Active,218500.0,19,Verified,Web,2022
P2P100919,2025-03-12,Pune,Self-employed,90500.0,Home Improvement,265000.0,250400.0,9.98,24,B,Active,133800.0,7,Verified,Web,2025
P2P100579,2024-02-07,Delhi,Freelancer,59800.0,Home Improvement,54200.0,50400.0,9.31,36,B,Completed,62400.0,1,Verified,Mobile App,2024
P2P101944,2025-01-02,Mumbai,Business Owner,30000.0,Home Improvement,156900.0,144900.0,10.44,36,A,Completed,182600.0,3,Not Verified,Web,2025
P2P101659,2023-08-20,Hyderabad,Freelancer,41400.0,Medical,109700.0,109300.0,17.72,60,D,Completed,167900.0,2,Verified,Web,2023
P2P100819,2021-06-17,Ahmedabad,Business Owner,45200.0,Debt Consolidation,52900.0,51800.0,9.9,24,A,Active,22000.0,1,Not Verified,Web,2021
P2P101772,2025-04-08,Chennai,Self-employed,38500.0,Wedding,296500.0,295700.0,10.92,24,B,Active,188600.0,7,Not Verified,Mobile App,2025
P2P100908,2023-05-07,Kolkata,Salaried,92500.0,Debt Consolidation,391500.0,365100.0,14.74,48,C,Active,320100.0,9,Verified,Web,2023
P2P101299,2024-09-15,Delhi,Salaried,51900.0,Home Improvement,52700.0,51500.0,10.07,24,A,Completed,59500.0,1,Verified,Mobile App,2024
P2P100368,2025-09-05,Mumbai,Salaried,75500.0,Education,369700.0,369200.0,11.18,48,B,Completed,481500.0,10,Verified,Mobile App,2025
P2P101712,2021-07-07,Delhi,Freelancer,53600.0,Small Business,162500.0,162000.0,12.57,36,B,Completed,195100.0,5,Verified,Mobile App,2021
P2P101407,2025-06-21,Chennai,Freelancer,39700.0,Vehicle,91800.0,89600.0,17.88,36,D,Active,69400.0,2,Verified,Mobile App,2025
P2P100300,2021-09-19,Delhi,Self-employed,56500.0,Home Improvement,134100.0,121500.0,10.78,12,B,Defaulted,24600.0,3,Verified,Mobile App,2021
P2P100049,2024-05-01,Ahmedabad,Unknown,192200.0,Education,82600.0,82400.0,11.84,24,B,Active,68200.0,3,Verified,Web,2024
P2P101013,2025-10-23,Mumbai,Salaried,33300.0,Home Improvement,202200.0,193700.0,17.54,24,D,Active,146500.0,4,Not Verified,Web,2025
P2P100772,2025-06-23,Ahmedabad,Salaried,93500.0,Debt Consolidation,579500.0,565300.0,13.57,24,C,Completed,665400.0,19,Verified,Web,2025
P2P100148,2024-02-23,Hyderabad,Salaried,64000.0,Home Improvement,273100.0,248700.0,12.98,60,B,Active,225900.0,5,Verified,Mobile App,2024
P2P101133,2021-09-06,Chennai,Salaried,44900.0,Wedding,599600.0,582000.0,21.32,60,E,Defaulted,275400.0,12,Verified,Mobile App,2021
P2P100743,2025-02-21,Pune,Salaried,78800.0,Debt Consolidation,180800.0,180400.0,11.65,24,C,Completed,205500.0,4,Verified,Mobile App,2025
P2P101777,2024-12-03,Delhi,Self-employed,64600.0,Vehicle,277800.0,250600.0,10.71,12,B,Completed,288900.0,6,Verified,Web,2024
P2P101115,2024-07-10,Hyderabad,Salaried,78200.0,Debt Consolidation,679100.0,649000.0,13.09,48,B,Completed,878600.0,15,Verified,Web,2024
P2P101415,2024-04-07,Hyderabad,Salaried,39900.0,Vehicle,260300.0,242000.0,13.3,24,C,Completed,300500.0,8,Verified,Mobile App,2024
P2P100379,2025-05-15,Lucknow,Salaried,47700.0,Home Improvement,105900.0,97900.0,13.96,60,B,Active,82100.0,2,Verified,Mobile App,2025
P2P101843,2023-11-08,Bengaluru,Salaried,89600.0,Education,254900.0,240000.0,13.54,24,B,Active,90900.0,5,Verified,Mobile App,2023
P2P100625,2024-08-18,Ahmedabad,Freelancer,55500.0,Home Improvement,91400.0,82800.0,11.37,24,B,Completed,101500.0,2,Verified,Web,2024
P2P100194,2024-09-10,Jaipur,Self-employed,65300.0,Education,356200.0,340500.0,11.63,60,B,Completed,490200.0,7,Verified,Web,2024
P2P101249,2025-09-24,Mumbai,Salaried,64200.0,Vehicle,278100.0,277300.0,12.17,36,B,Late,190600.0,9,Verified,Mobile App,2025
P2P100543,2022-09-14,Lucknow,Salaried,165000.0,Vehicle,291900.0,272900.0,8.38,24,A,Active,237700.0,10,Verified,Mobile App,2022
P2P100516,2021-03-22,Mumbai,Salaried,28200.0,Wedding,231900.0,220800.0,17.43,36,D,Completed,302700.0,6,Verified,Web,2021
P2P100649,2025-04-13,Chennai,Business Owner,30200.0,Home Improvement,256700.0,252000.0,9.38,36,A,Active,168000.0,7,Not Verified,Mobile App,2025
P2P101791,2022-03-14,Pune,Salaried,52500.0,Debt Consolidation,44500.0,44200.0,16.71,48,C,Late,18800.0,1,Not Verified,Mobile App,2022
P2P100769,2023-05-08,Jaipur,Self-employed,94600.0,Education,400800.0,384200.0,10.36,48,A,Completed,507100.0,8,Verified,Mobile App,2023
P2P101573,2025-02-07,Bengaluru,Business Owner,196000.0,Vehicle,270700.0,265000.0,12.81,36,C,Completed,321500.0,6,Verified,Mobile App,2025
P2P101065,2023-10-05,Bengaluru,Self-employed,54400.0,Medical,178300.0,164200.0,10.55,36,B,Active,153900.0,3,Verified,Web,2023
P2P101198,2025-11-23,Kolkata,Salaried,50700.0,Vehicle,649300.0,644500.0,13.38,24,C,Completed,760500.0,22,Not Verified,Mobile App,2025
P2P101914,2023-06-26,Bengaluru,Salaried,61300.0,Travel,117500.0,108200.0,10.38,36,B,Active,71100.0,3,Verified,Mobile App,2023
P2P100440,2021-09-07,Hyderabad,Salaried,46100.0,Debt Consolidation,590900.0,566800.0,7.89,12,A,Active,270600.0,19,Verified,Web,2021
P2P100078,2021-08-15,Pune,Salaried,56800.0,Education,255600.0,239200.0,13.55,24,C,Completed,297800.0,6,Verified,Web,2021
P2P101959,2024-09-15,Bengaluru,Business Owner,43600.0,Debt Consolidation,225800.0,222400.0,14.37,36,C,Completed,276500.0,7,Verified,Mobile App,2024
P2P100332,2025-03-05,Chennai,Salaried,39000.0,Debt Consolidation,463500.0,420600.0,10.85,36,B,Completed,557200.0,9,Verified,Mobile App,2025
P2P101799,2021-08-07,Mumbai,Freelancer,18700.0,Debt Consolidation,548600.0,536000.0,17.64,24,D,Completed,643200.0,18,Verified,Mobile App,2021
P2P101836,2024-10-16,Hyderabad,Self-employed,72200.0,Home Improvement,66800.0,63600.0,10.35,60,B,Active,60900.0,2,Verified,Web,2024
P2P101674,2025-05-04,Hyderabad,Salaried,63500.0,Debt Consolidation,154700.0,141100.0,19.52,12,D,Completed,169200.0,5,Verified,Mobile App,2025
P2P100586,2022-10-11,Delhi,Freelancer,123900.0,Medical,202400.0,183100.0,17.6,12,D,Defaulted,74700.0,4,Verified,Mobile App,2022
P2P100718,2025-11-18,Hyderabad,Freelancer,56400.0,Travel,339200.0,327300.0,11.46,36,A,Completed,418500.0,9,Not Verified,Web,2025
P2P101552,2024-07-24,Delhi,Salaried,70200.0,Debt Consolidation,145000.0,143400.0,13.07,36,B,Completed,180400.0,3,Verified,Web,2024
P2P101202,2021-03-17,Bengaluru,Freelancer,57500.0,Education,113000.0,105400.0,8.39,24,A,Active,40100.0,3,Verified,Web,2021
P2P101204,2023-04-03,Bengaluru,Self-employed,20100.0,Vehicle,418900.0,414900.0,11.46,12,B,Completed,461000.0,12,Verified,Mobile App,2023
P2P100537,2025-06-27,Chennai,Salaried,42400.0,Small Business,553800.0,526100.0,14.48,60,C,Active,257400.0,14,Verified,Mobile App,2025
P2P101580,2024-05-01,Chennai,Salaried,49400.0,Education,187900.0,174200.0,12.5,24,C,Completed,210600.0,6,Verified,Mobile App,2024
P2P101696,2021-07-28,Chennai,Salaried,37800.0,Debt Consolidation,139100.0,131700.0,10.29,48,B,Active,54200.0,3,Verified,Mobile App,2021
P2P100529,2021-06-22,Delhi,Salaried,67100.0,Debt Consolidation,171500.0,168700.0,17.31,12,D,Completed,185900.0,5,Verified,Web,2021
P2P101081,2025-04-10,Delhi,Salaried,47800.0,Small Business,97100.0,90100.0,11.55,36,B,Completed,115100.0,2,Verified,Web,2025
P2P101964,2023-07-26,Hyderabad,Business Owner,50400.0,Medical,285500.0,275700.0,18.22,24,D,Active,206600.0,6,Not Verified,Mobile App,2023
P2P101225,2023-10-02,Jaipur,Salaried,86900.0,Debt Consolidation,101600.0,96200.0,21.0,60,E,Active,110600.0,2,Verified,Mobile App,2023
P2P100141,2025-11-15,Hyderabad,Salaried,29500.0,Vehicle,188600.0,178700.0,12.45,12,C,Active,147800.0,5,Not Verified,Web,2025
P2P100995,2023-06-12,Jaipur,Salaried,37900.0,Debt Consolidation,134300.0,125300.0,13.01,24,B,Active,67100.0,4,Verified,Mobile App,2023
P2P101271,2024-12-14,Delhi,Salaried,41200.0,Debt Consolidation,160100.0,149300.0,9.24,36,A,Completed,185400.0,4,Verified,Web,2024
P2P100954,2025-09-16,Bengaluru,Self-employed,124700.0,Education,161500.0,159800.0,9.8,24,A,Completed,175300.0,4,Verified,Web,2025
P2P100466,2023-07-09,Bengaluru,Salaried,62400.0,Debt Consolidation,248500.0,246500.0,13.2,36,B,Active,113200.0,9,Not Verified,Web,2023
P2P100613,2024-09-02,Mumbai,Salaried,89000.0,Debt Consolidation,199200.0,192400.0,16.58,36,C,Completed,255200.0,5,Verified,Mobile App,2024
P2P100163,2024-09-11,Unknown,Salaried,31900.0,Home Improvement,418300.0,391900.0,10.95,36,B,Completed,510100.0,15,Verified,Mobile App,2024
P2P100114,2025-05-07,Pune,Salaried,40500.0,Wedding,266500.0,259900.0,14.61,12,C,Active,115300.0,5,Verified,Mobile App,2025
P2P101487,2023-08-18,Delhi,Salaried,53600.0,Home Improvement,79600.0,77700.0,9.4,48,A,Active,53700.0,2,Verified,Mobile App,2023
P2P100943,2024-10-08,Chennai,Business Owner,75300.0,Debt Consolidation,181100.0,174100.0,11.62,60,B,Active,75000.0,7,Verified,Mobile App,2024
P2P100720,2025-01-31,Mumbai,Freelancer,26500.0,Debt Consolidation,625700.0,602400.0,11.74,36,B,Active,306300.0,16,Verified,Mobile App,2025
P2P101311,2021-09-03,Lucknow,Salaried,38200.0,Small Business,159000.0,157800.0,10.17,24,A,Completed,173700.0,6,Verified,Mobile App,2021
P2P101694,2022-03-05,Pune,Self-employed,148700.0,Debt Consolidation,512500.0,491000.0,18.56,12,D,Completed,570200.0,16,Verified,Mobile App,2022
P2P100611,2021-05-01,Ahmedabad,Salaried,40400.0,Vehicle,190300.0,173700.0,15.81,12,C,Active,92500.0,4,Verified,Mobile App,2021
P2P101270,2023-02-01,Delhi,Salaried,55700.0,Small Business,152800.0,140100.0,13.62,24,D,Active,92600.0,4,Verified,Web,2023
P2P100531,2025-05-13,Pune,Salaried,32800.0,Small Business,160300.0,159600.0,18.06,60,D,Completed,242300.0,4,Verified,Mobile App,2025
P2P101619,2024-05-18,Lucknow,Salaried,99200.0,Vehicle,112700.0,103100.0,14.25,48,C,Active,98300.0,3,Verified,Mobile App,2024
P2P101685,2022-02-01,Bengaluru,Salaried,60700.0,Small Business,172800.0,158800.0,8.94,36,A,Completed,197300.0,5,Verified,Web,2022
P2P100455,2021-12-07,Jaipur,Business Owner,64300.0,Medical,159200.0,145900.0,11.44,60,B,Active,86800.0,5,Verified,Web,2021
P2P100804,2024-08-01,Hyderabad,Salaried,46200.0,Travel,176000.0,165600.0,14.95,12,C,Active,64500.0,7,Verified,Mobile App,2024
P2P100431,2022-02-25,Chennai,Self-employed,58800.0,Medical,266100.0,252400.0,11.22,24,C,Active,105800.0,5,Verified,Mobile App,2022
P2P100830,2023-12-02,Delhi,Salaried,50600.0,Debt Consolidation,814400.0,809500.0,10.11,24,A,Completed,917200.0,18,Verified,Web,2023
P2P101356,2025-07-27,Kolkata,Salaried,21000.0,Debt Consolidation,66400.0,61200.0,21.39,12,E,Late,32000.0,1,Verified,Web,2025
P2P100477,2021-08-14,Hyderabad,Salaried,79700.0,Debt Consolidation,466800.0,463100.0,11.47,24,B,Active,392100.0,10,Verified,Mobile App,2021
P2P100969,2024-05-31,Chennai,Freelancer,25400.0,Travel,581600.0,571000.0,8.97,48,A,Active,326500.0,14,Verified,Web,2024
P2P100626,2023-06-27,Mumbai,Self-employed,33100.0,Travel,181000.0,176300.0,9.25,24,A,Completed,206400.0,6,Verified,Web,2023
P2P100997,2025-09-20,Chennai,Salaried,39900.0,Debt Consolidation,239400.0,221000.0,15.35,36,C,Completed,301100.0,6,Verified,Mobile App,2025
P2P100284,2021-10-15,Chennai,Salaried,57600.0,Debt Consolidation,316000.0,287000.0,11.95,12,B,Active,140700.0,7,Verified,Mobile App,2021
P2P100006,2022-03-28,Lucknow,Salaried,80900.0,Small Business,762200.0,760700.0,12.45,36,B,Active,436900.0,28,Not Verified,Web,2022
P2P100931,2022-02-17,Delhi,Salaried,61400.0,Medical,230100.0,213400.0,16.3,36,D,Late,102600.0,5,Verified,Mobile App,2022
P2P100421,2025-04-16,Lucknow,Salaried,63900.0,Debt Consolidation,263500.0,252300.0,12.36,24,B,Active,146500.0,10,Verified,Mobile App,2025
P2P100612,2025-04-26,Kolkata,Salaried,92800.0,Debt Consolidation,264300.0,260000.0,10.63,36,B,Active,185600.0,6,Not Verified,Mobile App,2025
P2P101637,2023-08-24,Delhi,Self-employed,107800.0,Wedding,96800.0,88500.0,9.54,24,A,Active,47500.0,2,Verified,Mobile App,2023
P2P101599,2021-09-20,Lucknow,Self-employed,28200.0,Home Improvement,403900.0,393300.0,14.23,36,C,Active,198100.0,8,Verified,Web,2021
P2P101537,2022-05-26,Kolkata,Salaried,48600.0,Debt Consolidation,114900.0,110600.0,7.78,12,A,Active,59500.0,3,Verified,Web,2022
P2P100370,2021-08-01,Ahmedabad,Salaried,40800.0,Small Business,610300.0,575400.0,10.25,24,B,Active,440800.0,19,Verified,Web,2021
P2P100676,2025-12-10,Ahmedabad,Business Owner,86300.0,Debt Consolidation,212800.0,208800.0,13.65,36,C,Active,80200.0,5,Verified,Web,2025
P2P100273,2025-07-19,Bengaluru,Salaried,59100.0,Education,200200.0,190600.0,9.51,36,A,Completed,230400.0,4,Verified,Mobile App,2025
P2P100103,2023-03-16,Delhi,Salaried,69500.0,Debt Consolidation,529900.0,487500.0,16.53,12,C,Completed,603500.0,12,Verified,Web,2023
P2P100276,2024-02-21,Chennai,Self-employed,34900.0,Medical,115800.0,105600.0,10.7,36,B,Completed,139400.0,3,Verified,Mobile App,2024
P2P100270,2023-02-05,Pune,Freelancer,30400.0,Education,287400.0,276200.0,11.34,36,C,Completed,341500.0,6,Not Verified,Web,2023
P2P101461,2023-08-14,Hyderabad,Business Owner,34700.0,Debt Consolidation,250300.0,239900.0,14.61,12,C,Completed,283100.0,7,Verified,Mobile App,2023
P2P100354,2022-04-13,Pune,Freelancer,124600.0,Vehicle,102600.0,92300.0,8.37,24,B,Completed,116400.0,2,Not Verified,Web,2022
P2P100924,2025-04-27,Pune,Business Owner,33200.0,Debt Consolidation,247400.0,244400.0,10.15,36,B,Active,200300.0,8,Verified,Web,2025
P2P100326,2025-02-08,Mumbai,Freelancer,105900.0,Travel,410900.0,407900.0,9.12,48,B,Active,251000.0,11,Verified,Web,2025
P2P101353,2023-11-07,Hyderabad,Salaried,89600.0,Wedding,289100.0,270800.0,9.41,36,B,Completed,328200.0,8,Verified,Mobile App,2023
P2P101864,2024-04-28,Pune,Salaried,211500.0,Debt Consolidation,304700.0,284200.0,19.96,48,E,Defaulted,131500.0,11,Verified,Mobile App,2024
P2P100071,2025-03-23,Lucknow,Salaried,91000.0,Small Business,258800.0,237100.0,17.54,12,D,Defaulted,23400.0,5,Verified,Mobile App,2025
P2P100467,2023-01-21,Hyderabad,Salaried,115600.0,Home Improvement,227600.0,214600.0,13.45,24,B,Completed,261200.0,5,Verified,Mobile App,2023
P2P101151,2025-01-03,Kolkata,Salaried,34100.0,Medical,146500.0,141600.0,17.19,36,D,Completed,185500.0,5,Verified,Mobile App,2025
P2P100047,2023-03-11,Bengaluru,Salaried,32500.0,Debt Consolidation,321500.0,317700.0,13.73,36,C,Active,206700.0,10,Not Verified,Web,2023
P2P101272,2025-07-10,Lucknow,Salaried,107200.0,Debt Consolidation,36900.0,34300.0,11.15,24,B,Completed,40600.0,1,Verified,Web,2025
P2P101708,2022-08-15,Kolkata,Salaried,87500.0,Debt Consolidation,374500.0,347500.0,10.38,60,A,Active,181700.0,8,Verified,Web,2022
P2P100398,2023-10-19,Delhi,Salaried,38000.0,Debt Consolidation,102100.0,99100.0,9.52,24,A,Completed,116600.0,3,Not Verified,Web,2023
P2P100826,2025-09-23,Ahmedabad,Salaried,72900.0,Vehicle,129600.0,125000.0,18.14,24,D,Completed,159800.0,3,Verified,Mobile App,2025
P2P100051,2025-11-24,Hyderabad,Freelancer,29900.0,Education,290700.0,268500.0,9.78,24,B,Completed,325500.0,11,Verified,Web,2025
P2P100409,2025-09-05,Hyderabad,Salaried,89100.0,Travel,204600.0,199800.0,13.82,36,C,Completed,258300.0,5,Verified,Mobile App,2025
P2P101312,2025-08-23,Hyderabad,Self-employed,46100.0,Small Business,65100.0,64900.0,19.52,24,E,Completed,78100.0,2,Verified,Mobile App,2025
P2P100644,2023-04-10,Jaipur,Salaried,89500.0,Medical,199900.0,192600.0,13.33,24,C,Defaulted,72100.0,4,Verified,Web,2023
P2P100884,2021-11-15,Hyderabad,Salaried,74900.0,Debt Consolidation,210700.0,196200.0,16.14,24,D,Completed,245300.0,5,Verified,Mobile App,2021
P2P100785,2022-05-27,Chennai,Salaried,58500.0,Vehicle,826100.0,748600.0,12.16,36,B,Completed,999300.0,19,Not Verified,Web,2022
P2P100540,2022-01-24,Pune,Salaried,42700.0,Small Business,351200.0,319100.0,10.71,12,B,Late,170200.0,6,Verified,Web,2022
P2P100005,2022-03-28,Bengaluru,Salaried,38200.0,Debt Consolidation,87200.0,85900.0,10.49,24,A,Completed,100000.0,3,Verified,Web,2022
P2P100702,2021-06-08,Kolkata,Salaried,49500.0,Travel,62200.0,56800.0,16.87,36,C,Completed,80600.0,2,Verified,Mobile App,2021
P2P100517,2023-07-12,Ahmedabad,Salaried,54900.0,Debt Consolidation,301500.0,291000.0,17.5,12,D,Completed,336600.0,12,Verified,Mobile App,2023
P2P101923,2024-08-20,Mumbai,Salaried,83200.0,Vehicle,503800.0,462100.0,13.72,24,C,Completed,600600.0,15,Verified,Mobile App,2024
P2P101277,2022-10-15,Delhi,Salaried,42700.0,Vehicle,108900.0,107000.0,12.03,48,B,Completed,141300.0,4,Not Verified,Web,2022
P2P101812,2025-03-13,Bengaluru,Freelancer,31100.0,Education,233100.0,228900.0,21.78,24,E,Active,98300.0,5,Not Verified,Mobile App,2025
P2P101635,2025-10-02,Chennai,Salaried,20300.0,Debt Consolidation,269500.0,254200.0,13.73,24,C,Active,96500.0,7,Verified,Web,2025
P2P100671,2022-05-07,Delhi,Salaried,130000.0,Medical,143300.0,131300.0,10.15,36,A,Completed,170600.0,4,Not Verified,Mobile App,2022
P2P100817,2024-07-08,Mumbai,Business Owner,37700.0,Education,208400.0,189200.0,10.05,36,A,Completed,237400.0,5,Verified,Mobile App,2024
P2P101804,2023-02-10,Delhi,Business Owner,22600.0,Travel,154200.0,143000.0,13.13,36,C,Active,115200.0,4,Verified,Mobile App,2023
P2P101857,2025-03-02,Delhi,Salaried,66900.0,Home Improvement,305000.0,299500.0,17.63,12,D,Completed,338400.0,12,Verified,Mobile App,2025
P2P100533,2025-12-27,Jaipur,Salaried,65400.0,Debt Consolidation,348200.0,340100.0,9.12,36,A,Completed,413800.0,12,Verified,Mobile App,2025
P2P101361,2025-09-13,Chennai,Self-employed,40600.0,Vehicle,175800.0,169600.0,11.59,12,B,Completed,194500.0,6,Verified,Mobile App,2025
P2P101046,2024-08-15,Delhi,Self-employed,30800.0,Small Business,358200.0,327200.0,16.87,24,D,Active,156500.0,9,Verified,Web,2024
P2P101926,2021-10-12,Mumbai,Self-employed,147100.0,Debt Consolidation,232800.0,215100.0,13.36,24,B,Active,154000.0,5,Verified,Web,2021
P2P101053,2025-10-17,Jaipur,Salaried,54400.0,Debt Consolidation,54000.0,52500.0,17.7,36,D,Late,35900.0,2,Verified,Mobile App,2025
P2P101009,2022-11-02,Mumbai,Salaried,44900.0,Small Business,768100.0,735800.0,13.2,36,C,Completed,962200.0,19,Verified,Mobile App,2022
P2P100475,2024-04-02,Chennai,Self-employed,81400.0,Education,176000.0,172300.0,10.58,36,A,Active,138800.0,6,Verified,Web,2024
P2P101535,2023-09-20,Ahmedabad,Salaried,75500.0,Debt Consolidation,428300.0,389400.0,12.57,60,C,Active,207400.0,8,Verified,Mobile App,2023
P2P101624,2025-11-09,Chennai,Business Owner,72100.0,Vehicle,156800.0,147000.0,8.92,36,A,Active,134300.0,5,Verified,Web,2025
P2P101983,2023-12-14,Chennai,Freelancer,35000.0,Debt Consolidation,238100.0,236600.0,13.81,12,C,Completed,261300.0,9,Verified,Mobile App,2023
P2P100359,2025-10-18,Lucknow,Salaried,80000.0,Education,984900.0,941700.0,14.9,60,C,Completed,1456100.0,20,Verified,Web,2025
P2P101441,2025-11-24,Pune,Salaried,41400.0,Home Improvement,85200.0,77900.0,9.32,12,A,Active,37600.0,2,Verified,Web,2025
P2P100435,2021-09-15,Kolkata,Salaried,79200.0,Travel,251700.0,239600.0,12.61,12,C,Active,160900.0,5,Verified,Web,2021
P2P101347,2023-05-15,Hyderabad,Salaried,35100.0,Debt Consolidation,270000.0,246200.0,11.52,24,B,Active,205000.0,8,Verified,Web,2023
P2P100896,2022-07-20,Jaipur,Salaried,52500.0,Vehicle,551600.0,535800.0,10.92,36,A,Completed,647700.0,11,Verified,Mobile App,2022
P2P100856,2022-06-17,Delhi,Salaried,38800.0,Education,319400.0,309700.0,16.09,12,D,Late,190100.0,11,Not Verified,Web,2022
P2P101261,2022-12-17,Mumbai,Salaried,85200.0,Debt Consolidation,318900.0,296300.0,12.13,12,B,Late,167800.0,8,Verified,Mobile App,2022
P2P101919,2023-08-09,Bengaluru,Salaried,26100.0,Small Business,517600.0,468100.0,12.26,36,C,Late,383300.0,13,Not Verified,Mobile App,2023
P2P101125,2024-10-14,Delhi,Business Owner,47500.0,Small Business,116500.0,107700.0,11.24,24,B,Active,74600.0,3,Verified,Web,2024
P2P101351,2025-07-19,Delhi,Self-employed,53500.0,Debt Consolidation,249400.0,232000.0,15.2,12,C,Completed,276400.0,6,Verified,Mobile App,2025
P2P100094,2024-05-23,Pune,Freelancer,79200.0,Education,393800.0,367900.0,9.06,60,A,Completed,496500.0,12,Verified,Web,2024
P2P101939,2024-02-16,Delhi,Salaried,60500.0,Debt Consolidation,658100.0,592400.0,15.07,24,C,Active,294900.0,20,Verified,Web,2024
P2P101909,2023-04-09,Delhi,Salaried,72800.0,Medical,179700.0,175800.0,21.36,36,E,Late,157100.0,4,Not Verified,Web,2023
P2P101264,2023-12-08,Unknown,Salaried,25400.0,Debt Consolidation,235300.0,230000.0,13.99,36,C,Active,171200.0,7,Verified,Mobile App,2023
P2P100709,2022-11-14,Chennai,Business Owner,62700.0,Debt Consolidation,274700.0,255000.0,12.19,12,B,Completed,294300.0,5,Verified,Mobile App,2022
P2P101741,2025-05-31,Pune,Business Owner,28700.0,Wedding,185900.0,181100.0,10.94,48,A,Active,75500.0,6,Verified,Mobile App,2025
P2P101700,2024-05-05,Mumbai,Salaried,43800.0,Debt Consolidation,180400.0,167000.0,15.82,36,D,Active,103800.0,5,Verified,Mobile App,2024
P2P101781,2021-04-28,Hyderabad,Self-employed,43400.0,Home Improvement,262800.0,241300.0,10.15,24,A,Active,195600.0,7,Verified,Web,2021
P2P101603,2022-09-09,Pune,Salaried,90700.0,Debt Consolidation,413400.0,388600.0,12.75,36,B,Completed,498500.0,9,Verified,Mobile App,2022
P2P101257,2022-07-10,Bengaluru,Salaried,37200.0,Small Business,151400.0,142500.0,11.57,36,B,Completed,184000.0,6,Verified,Web,2022
P2P101255,2024-11-29,Delhi,Business Owner,99300.0,Home Improvement,84500.0,83200.0,11.07,48,B,Completed,104900.0,2,Not Verified,Mobile App,2024
P2P100189,2024-04-05,Bengaluru,Self-employed,57700.0,Vehicle,501200.0,468900.0,7.5,12,A,Active,354500.0,11,Verified,Mobile App,2024
P2P101664,2024-02-14,Hyderabad,Salaried,44700.0,Debt Consolidation,304700.0,301000.0,9.1,36,A,Active,126600.0,6,Not Verified,Web,2024
P2P101196,2025-07-25,Pune,Business Owner,54400.0,Education,352900.0,351300.0,17.27,24,D,Completed,424800.0,8,Not Verified,Mobile App,2025
P2P101003,2025-07-26,Ahmedabad,Business Owner,67500.0,Debt Consolidation,420100.0,399400.0,11.7,24,B,Active,170100.0,13,Verified,Mobile App,2025
P2P101892,2023-08-28,Hyderabad,Self-employed,57300.0,Education,217500.0,215900.0,9.96,24,A,Completed,244400.0,5,Verified,Mobile App,2023
P2P101360,2024-07-10,Ahmedabad,Salaried,58600.0,Small Business,264100.0,251800.0,13.21,24,C,Completed,305200.0,5,Verified,Web,2024
P2P100344,2023-10-29,Ahmedabad,Business Owner,123600.0,Home Improvement,61100.0,56300.0,13.65,24,C,Active,24000.0,2,Not Verified,Web,2023
P2P101883,2024-09-15,Pune,Salaried,56400.0,Travel,146100.0,136900.0,11.55,36,B,Completed,175100.0,4,Verified,Web,2024
P2P100008,2025-07-18,Bengaluru,Salaried,55700.0,Small Business,185200.0,181000.0,11.6,36,B,Completed,229400.0,5,Verified,Web,2025
P2P100760,2025-04-12,Mumbai,Freelancer,72000.0,Debt Consolidation,225400.0,223500.0,11.16,12,B,Active,156400.0,8,Verified,Mobile App,2025
P2P101853,2025-07-12,Kolkata,Business Owner,83400.0,Medical,231300.0,228000.0,11.24,12,C,Active,147100.0,5,Verified,Web,2025
P2P101945,2025-04-13,Delhi,Freelancer,55500.0,Debt Consolidation,92500.0,85400.0,10.74,36,B,Completed,110200.0,2,Verified,Mobile App,2025
P2P101348,2023-07-01,Hyderabad,Salaried,34200.0,Debt Consolidation,253000.0,238000.0,7.68,24,A,Completed,281300.0,9,Verified,Web,2023
P2P101358,2023-10-06,Lucknow,Freelancer,37700.0,Home Improvement,240200.0,236500.0,20.55,12,E,Late,97200.0,5,Not Verified,Web,2023
P2P100216,2022-10-04,Unknown,Business Owner,58700.0,Home Improvement,508300.0,473400.0,10.2,24,A,Late,190900.0,17,Verified,Web,2022
P2P100110,2021-08-24,Lucknow,Salaried,52600.0,Travel,423200.0,422400.0,16.5,12,D,Active,292700.0,13,Not Verified,Mobile App,2021
P2P100220,2025-06-27,Bengaluru,Salaried,53200.0,Debt Consolidation,250900.0,231500.0,13.38,24,C,Completed,292400.0,6,Verified,Web,2025
P2P101701,2025-11-19,Lucknow,Salaried,50900.0,Medical,149200.0,142800.0,12.48,48,C,Active,91800.0,3,Not Verified,Mobile App,2025
P2P100073,2021-01-17,Mumbai,Self-employed,50900.0,Debt Consolidation,195200.0,176800.0,12.73,36,A,Completed,242800.0,4,Verified,Web,2021
P2P101997,2025-11-08,Mumbai,Salaried,50600.0,Home Improvement,445800.0,441200.0,22.35,48,E,Active,269600.0,16,Verified,Mobile App,2025
P2P101625,2022-05-12,Hyderabad,Salaried,36600.0,Debt Consolidation,127900.0,123300.0,12.09,12,C,Completed,142100.0,3,Verified,Web,2022
P2P101297,2022-04-24,Bengaluru,Salaried,86000.0,Medical,318600.0,309900.0,12.08,24,B,Completed,369700.0,6,Not Verified,Mobile App,2022
P2P101968,2023-06-15,Bengaluru,Salaried,78600.0,Debt Consolidation,305500.0,286400.0,14.23,24,C,Active,208500.0,7,Verified,Mobile App,2023
P2P101658,2023-02-27,Chennai,Business Owner,46300.0,Education,290200.0,270500.0,7.68,36,A,Active,116900.0,9,Verified,Web,2023
P2P100922,2024-01-31,Bengaluru,Self-employed,223700.0,Small Business,81400.0,80100.0,11.09,12,B,Completed,88600.0,3,Verified,Web,2024
P2P101492,2023-07-06,Delhi,Self-employed,44900.0,Medical,118200.0,110800.0,9.5,36,A,Completed,141500.0,3,Verified,Mobile App,2023
P2P100729,2022-07-13,Lucknow,Self-employed,54400.0,Debt Consolidation,218300.0,206700.0,9.59,36,B,Completed,253100.0,5,Verified,Mobile App,2022
P2P100028,2024-03-12,Bengaluru,Salaried,57800.0,Travel,202800.0,192200.0,18.21,36,D,Completed,272900.0,4,Verified,Mobile App,2024
P2P101460,2024-10-19,Mumbai,Freelancer,75800.0,Medical,126000.0,116400.0,15.36,48,C,Active,86100.0,3,Verified,Web,2024
P2P100231,2025-04-20,Pune,Self-employed,110000.0,Small Business,300600.0,281200.0,11.08,24,B,Completed,333600.0,6,Verified,Web,2025
P2P100607,2022-07-24,Bengaluru,Business Owner,37400.0,Debt Consolidation,317600.0,305700.0,8.53,36,A,Completed,357500.0,12,Verified,Mobile App,2022
P2P100507,2025-09-12,Kolkata,Self-employed,54400.0,Vehicle,302000.0,293500.0,11.64,48,A,Completed,384500.0,9,Verified,Mobile App,2025
P2P100416,2023-11-25,Delhi,Salaried,53000.0,Travel,242000.0,239700.0,11.35,12,A,Active,139800.0,7,Not Verified,Web,2023
P2P100053,2025-10-17,Hyderabad,Business Owner,21600.0,Debt Consolidation,915400.0,843900.0,14.15,48,C,Completed,1190600.0,17,Verified,Web,2025
P2P101676,2023-02-26,Pune,Salaried,76100.0,Debt Consolidation,122500.0,112700.0,11.68,48,B,Completed,154500.0,4,Verified,Mobile App,2023
P2P100809,2023-11-30,Delhi,Salaried,35400.0,Education,731400.0,669400.0,11.74,12,A,Completed,783200.0,15,Verified,Mobile App,2023
P2P101313,2024-05-02,Delhi,Freelancer,108300.0,Small Business,164200.0,151700.0,10.57,12,B,Completed,174400.0,3,Verified,Mobile App,2024
P2P100882,2024-11-08,Mumbai,Salaried,36200.0,Vehicle,273300.0,262500.0,8.36,12,B,Late,74800.0,9,Verified,Web,2024
P2P101212,2023-12-01,Mumbai,Salaried,44600.0,Small Business,187000.0,181100.0,10.39,48,B,Active,148800.0,4,Verified,Mobile App,2023
P2P100801,2025-01-01,Bengaluru,Salaried,57600.0,Vehicle,354300.0,336200.0,13.32,24,B,Active,128200.0,8,Not Verified,Mobile App,2025
P2P100376,2023-03-25,Bengaluru,Unknown,36700.0,Debt Consolidation,293900.0,287600.0,13.51,60,B,Active,190300.0,11,Verified,Mobile App,2023
P2P100197,2025-01-25,Mumbai,Salaried,53400.0,Education,69200.0,67200.0,9.68,60,B,Completed,88900.0,2,Verified,Mobile App,2025
P2P101733,2024-04-01,Bengaluru,Self-employed,47500.0,Home Improvement,60900.0,55600.0,11.02,48,B,Completed,76200.0,1,Verified,Mobile App,2024
P2P100065,2023-01-12,Mumbai,Business Owner,49200.0,Debt Consolidation,318400.0,302100.0,9.21,24,A,Completed,347600.0,10,Verified,Mobile App,2023
P2P101374,2024-02-07,Pune,Business Owner,39400.0,Small Business,577500.0,525900.0,11.89,36,B,Active,379200.0,13,Verified,Mobile App,2024
P2P100848,2025-12-28,Hyderabad,Salaried,39500.0,Debt Consolidation,288500.0,285000.0,16.67,36,D,Defaulted,97800.0,8,Verified,Web,2025
P2P100380,2023-01-13,Jaipur,Salaried,62100.0,Vehicle,235200.0,226000.0,15.57,24,C,Completed,286400.0,6,Not Verified,Mobile App,2023
P2P101278,2025-12-15,Bengaluru,Salaried,28900.0,Education,176500.0,161100.0,11.84,12,C,Completed,187200.0,3,Not Verified,Web,2025
P2P100972,2025-10-14,Pune,Business Owner,49700.0,Debt Consolidation,430600.0,418200.0,21.87,36,E,Completed,612400.0,10,Verified,Mobile App,2025
P2P101217,2021-09-10,Pune,Salaried,18900.0,Debt Consolidation,193100.0,179700.0,9.15,24,A,Completed,218200.0,5,Not Verified,Mobile App,2021
P2P101588,2023-09-03,Kolkata,Salaried,48700.0,Small Business,106300.0,100600.0,13.59,12,B,Active,75000.0,2,Verified,Mobile App,2023
P2P100139,2023-06-17,Pune,Self-employed,23400.0,Debt Consolidation,131200.0,129100.0,10.36,12,A,Completed,139000.0,3,Verified,Mobile App,2023
P2P100358,2024-06-29,Hyderabad,Self-employed,62900.0,Debt Consolidation,238800.0,230800.0,13.44,12,C,Active,120500.0,5,Verified,Mobile App,2024
P2P100484,2024-09-01,Bengaluru,Salaried,45500.0,Debt Consolidation,254700.0,237500.0,9.44,48,A,Completed,318800.0,9,Verified,Web,2024
P2P100236,2025-01-20,Ahmedabad,Salaried,75200.0,Medical,663200.0,640700.0,14.44,36,C,Active,400900.0,15,Verified,Web,2025
P2P101373,2025-07-03,Bengaluru,Salaried,37700.0,Debt Consolidation,330400.0,298900.0,14.29,36,C,Completed,407800.0,9,Verified,Web,2025
P2P100787,2024-06-26,Jaipur,Business Owner,56300.0,Travel,202000.0,199500.0,10.0,12,B,Active,81400.0,8,Verified,Mobile App,2024
P2P101393,2022-04-29,Ahmedabad,Business Owner,72600.0,Wedding,189400.0,172400.0,11.88,48,B,Completed,248200.0,5,Verified,Web,2022
P2P101252,2024-01-22,Jaipur,Freelancer,32700.0,Debt Consolidation,189900.0,186500.0,16.07,12,D,Completed,215500.0,5,Not Verified,Web,2024
P2P101953,2024-07-19,Pune,Business Owner,57900.0,Travel,227100.0,224700.0,12.45,36,B,Completed,268500.0,8,Verified,Web,2024
P2P100704,2022-02-05,Delhi,Self-employed,78000.0,Debt Consolidation,103800.0,95100.0,14.23,24,C,Active,40400.0,2,Verified,Mobile App,2022
P2P100591,2022-02-15,Hyderabad,Salaried,31400.0,Vehicle,119700.0,111800.0,21.97,12,E,Completed,141000.0,3,Not Verified,Web,2022
P2P101384,2022-11-22,Pune,Salaried,82500.0,Debt Consolidation,419200.0,418300.0,12.99,36,C,Active,275700.0,15,Verified,Mobile App,2022
P2P100945,2022-07-24,Pune,Business Owner,52200.0,Small Business,282300.0,263500.0,19.17,12,E,Defaulted,60600.0,7,Verified,Web,2022
P2P100176,2022-05-10,Hyderabad,Freelancer,36500.0,Vehicle,80200.0,78400.0,9.9,36,A,Active,47400.0,2,Verified,Mobile App,2022
P2P100436,2024-12-23,Pune,Salaried,63900.0,Home Improvement,188300.0,179400.0,10.44,36,B,Defaulted,74000.0,6,Verified,Mobile App,2024
P2P100823,2023-04-21,Lucknow,Salaried,100600.0,Medical,326100.0,324500.0,14.46,36,C,Completed,399900.0,7,Verified,Web,2023
P2P101622,2021-07-04,Pune,Business Owner,98200.0,Debt Consolidation,434500.0,404900.0,14.93,36,C,Completed,541000.0,10,Not Verified,Web,2021
P2P100375,2021-08-07,Mumbai,Salaried,55800.0,Small Business,251800.0,238100.0,9.85,12,A,Completed,267400.0,8,Verified,Web,2021
P2P101097,2022-08-26,Ahmedabad,Business Owner,65300.0,Travel,155600.0,142500.0,17.05,36,D,Completed,201400.0,3,Verified,Web,2022
P2P100803,2024-06-15,Mumbai,Business Owner,73100.0,Travel,115600.0,109800.0,10.08,24,A,Late,30800.0,3,Verified,Mobile App,2024
P2P100083,2023-04-16,Delhi,Self-employed,67000.0,Education,238400.0,222900.0,11.64,12,A,Active,130200.0,6,Not Verified,Web,2023
P2P100438,2025-05-24,Bengaluru,Business Owner,34600.0,Home Improvement,83900.0,83600.0,11.87,48,A,Active,39200.0,2,Not Verified,Web,2025
P2P100553,2024-05-09,Pune,Salaried,55600.0,Vehicle,199500.0,198900.0,9.73,36,A,Completed,238000.0,7,Not Verified,Mobile App,2024
P2P101740,2023-09-21,Bengaluru,Salaried,50600.0,Medical,191100.0,185200.0,11.19,60,B,Active,109600.0,4,Verified,Mobile App,2023
P2P100806,2025-02-07,Kolkata,Salaried,51400.0,Travel,294400.0,265200.0,14.17,36,C,Active,224100.0,7,Not Verified,Mobile App,2025
P2P101127,2021-09-24,Bengaluru,Salaried,60200.0,Small Business,60800.0,55300.0,11.75,24,B,Completed,68000.0,1,Verified,Mobile App,2021
P2P101394,2024-03-20,Hyderabad,Self-employed,105900.0,Home Improvement,131100.0,128400.0,14.97,24,C,Late,89800.0,3,Not Verified,Web,2024
P2P101369,2022-05-22,Mumbai,Business Owner,77100.0,Debt Consolidation,248500.0,231600.0,13.62,36,B,Completed,303900.0,9,Verified,Mobile App,2022
P2P101782,2025-08-31,Bengaluru,Salaried,78000.0,Home Improvement,609200.0,591600.0,9.47,24,A,Active,499200.0,15,Verified,Web,2025
P2P101105,2025-12-25,Mumbai,Salaried,46400.0,Debt Consolidation,101000.0,91700.0,13.02,36,C,Active,76700.0,2,Verified,Mobile App,2025
P2P100369,2022-06-29,Hyderabad,Salaried,61300.0,Home Improvement,455900.0,413700.0,13.66,12,C,Completed,481100.0,10,Verified,Web,2022
P2P100451,2025-03-29,Ahmedabad,Salaried,48800.0,Debt Consolidation,329000.0,319600.0,12.91,24,B,Completed,374600.0,6,Verified,Mobile App,2025
P2P100278,2024-10-06,Delhi,Salaried,24500.0,Education,291100.0,267300.0,16.77,36,C,Completed,381100.0,8,Not Verified,Web,2024
P2P101106,2022-05-09,Bengaluru,Salaried,75300.0,Home Improvement,166700.0,165500.0,14.17,24,C,Completed,189400.0,4,Not Verified,Web,2022
P2P100572,2025-04-06,Bengaluru,Self-employed,44800.0,Wedding,180900.0,172300.0,12.04,12,B,Completed,190000.0,7,Verified,Web,2025
P2P100677,2021-12-10,Pune,Salaried,111000.0,Home Improvement,330400.0,311700.0,12.58,24,B,Completed,374400.0,11,Verified,Mobile App,2021
P2P101924,2023-06-02,Bengaluru,Self-employed,44300.0,Debt Consolidation,401300.0,381600.0,12.54,36,C,Active,251100.0,13,Verified,Web,2023
P2P101203,2021-03-09,Hyderabad,Self-employed,40700.0,Debt Consolidation,731300.0,720100.0,14.4,36,B,Completed,930900.0,17,Verified,Mobile App,2021
P2P100872,2022-12-21,Bengaluru,Salaried,72200.0,Travel,104100.0,97200.0,10.2,48,A,Active,64100.0,3,Verified,Mobile App,2022
P2P100715,2023-05-20,Ahmedabad,Salaried,54100.0,Debt Consolidation,72800.0,71600.0,15.27,24,C,Active,34200.0,3,Verified,Web,2023
P2P101617,2025-12-24,Delhi,Business Owner,40300.0,Education,194800.0,184900.0,10.18,24,A,Active,72000.0,4,Verified,Web,2025
P2P100594,2023-05-14,Ahmedabad,Salaried,43200.0,Education,831600.0,779300.0,10.14,48,A,Active,495100.0,16,Verified,Web,2023
P2P101527,2023-01-19,Pune,Self-employed,59900.0,Travel,309000.0,300100.0,22.05,36,E,Late,124400.0,8,Verified,Mobile App,2023
P2P100628,2025-02-20,Chennai,Salaried,33900.0,Small Business,238900.0,237600.0,9.82,48,A,Completed,294200.0,5,Verified,Web,2025
P2P100429,2023-05-24,Mumbai,Salaried,117200.0,Home Improvement,164100.0,159900.0,9.66,24,A,Active,57600.0,5,Verified,Mobile App,2023
P2P101099,2025-04-01,Mumbai,Salaried,41400.0,Debt Consolidation,350200.0,341900.0,12.92,24,B,Active,216100.0,11,Verified,Web,2025
P2P101033,2022-09-17,Pune,Salaried,61300.0,Small Business,306400.0,277900.0,12.45,12,D,Active,239300.0,10,Not Verified,Mobile App,2022
P2P100721,2025-10-16,Kolkata,Salaried,42800.0,Wedding,112200.0,102400.0,12.03,12,B,Active,59100.0,3,Verified,Web,2025
P2P100345,2023-08-23,Delhi,Self-employed,70500.0,Travel,52500.0,49800.0,10.51,36,B,Completed,61700.0,1,Not Verified,Mobile App,2023
P2P101398,2022-10-31,Jaipur,Salaried,80700.0,Vehicle,83600.0,82100.0,12.07,24,B,Completed,94500.0,2,Verified,Mobile App,2022
P2P101214,2025-04-20,Hyderabad,Self-employed,67900.0,Small Business,91700.0,87500.0,20.73,48,E,Late,46600.0,2,Verified,Web,2025
P2P100426,2024-05-05,Bengaluru,Salaried,49700.0,Wedding,396600.0,374300.0,14.23,48,C,Completed,544200.0,8,Verified,Web,2024
P2P101138,2024-02-12,Pune,Salaried,73100.0,Small Business,205600.0,187900.0,9.14,24,A,Completed,224300.0,6,Verified,Mobile App,2024
P2P100052,2025-03-27,Lucknow,Self-employed,76500.0,Education,363000.0,344700.0,13.04,12,B,Completed,384300.0,10,Verified,Mobile App,2025
P2P100974,2022-08-13,Delhi,Self-employed,40100.0,Small Business,65400.0,63800.0,9.97,24,B,Completed,71600.0,2,Not Verified,Mobile App,2022
P2P101861,2025-03-28,Bengaluru,Salaried,78500.0,Vehicle,264500.0,238100.0,11.59,12,B,Active,102400.0,7,Verified,Mobile App,2025
P2P100519,2025-12-16,Lucknow,Salaried,134800.0,Small Business,281800.0,264100.0,11.71,12,B,Completed,302300.0,6,Not Verified,Web,2025
P2P100880,2022-08-29,Mumbai,Business Owner,46800.0,Debt Consolidation,170900.0,166800.0,16.76,12,D,Late,92000.0,4,Verified,Web,2022
P2P101231,2025-08-22,Bengaluru,Self-employed,57200.0,Education,81600.0,78300.0,16.51,24,D,Completed,96400.0,2,Verified,Web,2025
P2P101702,2023-10-26,Kolkata,Salaried,75900.0,Small Business,236400.0,232700.0,17.19,24,D,Late,157400.0,6,Not Verified,Mobile App,2023
P2P101372,2022-05-25,Pune,Salaried,48300.0,Medical,77700.0,76000.0,13.08,24,C,Active,41700.0,2,Not Verified,Web,2022
P2P101051,2025-07-29,Ahmedabad,Salaried,43900.0,Debt Consolidation,114300.0,105300.0,13.22,24,C,Defaulted,34600.0,3,Not Verified,Mobile App,2025
P2P100862,2023-12-04,Jaipur,Business Owner,30100.0,Debt Consolidation,440500.0,434000.0,11.16,48,B,Completed,554900.0,12,Verified,Mobile App,2023
P2P101881,2024-12-04,Bengaluru,Salaried,55000.0,Education,355100.0,350700.0,13.53,60,C,Completed,508500.0,8,Verified,Mobile App,2024
P2P101054,2025-04-25,Hyderabad,Salaried,81100.0,Debt Consolidation,301000.0,271500.0,21.31,36,E,Completed,408200.0,6,Verified,Web,2025
P2P101729,2025-05-14,Jaipur,Salaried,45600.0,Debt Consolidation,375700.0,361500.0,19.64,48,D,Late,235700.0,14,Verified,Web,2025
P2P100346,2024-08-15,Unknown,Salaried,36100.0,Small Business,190600.0,173200.0,12.03,24,B,Completed,214200.0,5,Verified,Mobile App,2024
P2P100998,2022-02-11,Jaipur,Salaried,91100.0,Home Improvement,110200.0,110000.0,12.96,12,B,Completed,122800.0,2,Verified,Mobile App,2022
P2P100696,2024-08-07,Kolkata,Business Owner,43400.0,Education,617800.0,600600.0,13.32,48,C,Active,393700.0,15,Verified,Mobile App,2024
P2P101305,2025-01-04,Bengaluru,Salaried,36700.0,Debt Consolidation,35600.0,34500.0,12.9,24,B,Completed,41300.0,1,Verified,Mobile App,2025
P2P101985,2022-02-03,Hyderabad,Salaried,58900.0,Vehicle,207000.0,191600.0,16.21,24,D,Active,152700.0,6,Not Verified,Mobile App,2022
P2P100289,2023-01-22,Lucknow,Salaried,49900.0,Education,566400.0,539900.0,10.73,24,A,Completed,624600.0,13,Verified,Mobile App,2023
P2P101021,2024-12-17,Pune,Self-employed,44800.0,Debt Consolidation,234300.0,229000.0,11.63,36,A,Completed,275500.0,6,Verified,Web,2024
P2P101430,2025-07-20,Chennai,Self-employed,61400.0,Medical,466600.0,425800.0,13.57,60,C,Completed,642900.0,14,Verified,Web,2025
P2P100126,2023-10-16,Unknown,Self-employed,108100.0,Small Business,122100.0,115900.0,8.19,24,A,Completed,136400.0,4,Verified,Web,2023
P2P100365,2025-10-20,Hyderabad,Salaried,31300.0,Medical,116200.0,115200.0,16.33,36,C,Completed,147400.0,3,Verified,Web,2025
P2P101324,2022-08-23,Chennai,Freelancer,54400.0,Medical,141400.0,135800.0,10.52,36,B,Completed,173000.0,4,Verified,Web,2022
P2P100986,2024-02-12,Delhi,Salaried,88100.0,Travel,283800.0,275300.0,13.08,12,C,Completed,312600.0,6,Not Verified,Web,2024
P2P100877,2025-01-12,Mumbai,Self-employed,45600.0,Education,112900.0,105400.0,16.12,60,C,Active,91600.0,3,Not Verified,Web,2025
P2P101103,2025-08-09,Lucknow,Salaried,38900.0,Wedding,329900.0,321600.0,12.18,36,B,Completed,408700.0,8,Verified,Mobile App,2025
P2P101506,2023-08-23,Lucknow,Salaried,119400.0,Medical,415000.0,402700.0,9.5,36,A,Active,240800.0,8,Verified,Web,2023
P2P101898,2022-06-11,Hyderabad,Salaried,57000.0,Vehicle,268600.0,259000.0,13.31,36,B,Active,132400.0,6,Verified,Web,2022
P2P101886,2023-12-20,Ahmedabad,Salaried,73100.0,Wedding,108800.0,98800.0,10.53,36,B,Active,94200.0,2,Verified,Web,2023
P2P100528,2022-12-28,Ahmedabad,Business Owner,45200.0,Travel,97900.0,96100.0,10.73,48,B,Active,39000.0,2,Verified,Web,2022
P2P101666,2025-06-30,Mumbai,Business Owner,46400.0,Home Improvement,218500.0,197100.0,20.73,36,E,Late,164500.0,4,Verified,Web,2025
P2P100589,2022-01-21,Mumbai,Unknown,86700.0,Debt Consolidation,180800.0,179500.0,10.87,24,B,Completed,199700.0,5,Verified,Web,2022
P2P100500,2025-12-14,Kolkata,Salaried,36600.0,Home Improvement,103900.0,101700.0,11.92,48,B,Completed,134000.0,3,Verified,Mobile App,2025
P2P101062,2025-12-12,Hyderabad,Freelancer,42800.0,Debt Consolidation,240900.0,237400.0,8.79,24,A,Active,82300.0,6,Verified,Web,2025
P2P100707,2023-03-31,Jaipur,Business Owner,100800.0,Debt Consolidation,268300.0,246900.0,10.9,36,A,Completed,313300.0,6,Verified,Web,2023
P2P101626,2024-12-06,Chennai,Business Owner,58600.0,Debt Consolidation,188900.0,179200.0,17.63,36,D,Completed,250100.0,4,Verified,Web,2024
P2P100647,2024-07-11,Jaipur,Self-employed,46600.0,Travel,273100.0,267500.0,9.71,24,B,Completed,316600.0,5,Verified,Web,2024
P2P101130,2022-11-26,Lucknow,Business Owner,29000.0,Vehicle,128300.0,122900.0,14.22,12,C,Active,46100.0,4,Verified,Web,2022
P2P100734,2024-03-25,Delhi,Freelancer,95400.0,Travel,284500.0,272100.0,13.41,60,C,Active,186900.0,6,Verified,Mobile App,2024
P2P101609,2022-09-26,Delhi,Salaried,64000.0,Wedding,253500.0,244300.0,9.26,24,A,Late,60900.0,7,Verified,Mobile App,2022
P2P100976,2022-12-02,Hyderabad,Salaried,53400.0,Debt Consolidation,284900.0,257200.0,12.92,12,C,Active,157500.0,5,Verified,Web,2022
P2P101085,2025-10-24,Chennai,Salaried,47700.0,Small Business,131200.0,122700.0,16.62,36,D,Active,58300.0,3,Verified,Mobile App,2025
P2P100385,2025-02-05,Hyderabad,Business Owner,43600.0,Home Improvement,106200.0,97700.0,14.6,24,C,Defaulted,14100.0,3,Not Verified,Web,2025
P2P100162,2024-09-09,Delhi,Salaried,72000.0,Medical,107300.0,98700.0,10.89,48,A,Completed,134700.0,3,Not Verified,Mobile App,2024
P2P101224,2025-10-22,Unknown,Salaried,38500.0,Debt Consolidation,129200.0,124700.0,12.45,24,C,Completed,151200.0,3,Verified,Web,2025
P2P101760,2024-05-03,Mumbai,Salaried,58900.0,Vehicle,256900.0,245600.0,14.73,48,C,Completed,346700.0,5,Verified,Mobile App,2024
P2P100490,2025-08-17,Chennai,Salaried,44800.0,Home Improvement,167000.0,160600.0,13.52,24,C,Active,98800.0,6,Verified,Mobile App,2025
P2P101011,2022-08-27,Mumbai,Salaried,60800.0,Education,443400.0,411400.0,14.57,36,C,Completed,570800.0,11,Verified,Mobile App,2022
P2P100478,2024-05-12,Bengaluru,Salaried,51100.0,Vehicle,196800.0,180300.0,16.02,24,C,Completed,239000.0,5,Verified,Mobile App,2024
P2P101006,2024-10-19,Delhi,Salaried,105000.0,Vehicle,280300.0,275200.0,9.68,24,A,Completed,303400.0,6,Verified,Mobile App,2024
P2P100442,2025-12-15,Bengaluru,Business Owner,28100.0,Education,391000.0,390400.0,13.2,12,C,Active,258600.0,11,Verified,Mobile App,2025
P2P100632,2025-08-23,Bengaluru,Salaried,54800.0,Small Business,115900.0,111600.0,14.67,24,C,Completed,133200.0,2,Verified,Web,2025
P2P101207,2024-11-26,Mumbai,Business Owner,38400.0,Vehicle,169200.0,165700.0,11.12,24,C,Completed,190000.0,4,Verified,Mobile App,2024
P2P101528,2023-03-03,Pune,Salaried,32800.0,Small Business,143900.0,138800.0,11.15,24,B,Completed,162800.0,4,Verified,Web,2023
P2P100640,2023-07-13,Hyderabad,Business Owner,84900.0,Small Business,728400.0,681800.0,8.88,48,A,Active,490000.0,19,Verified,Mobile App,2023
P2P101491,2022-10-05,Bengaluru,Salaried,36300.0,Debt Consolidation,247400.0,246100.0,11.75,12,B,Active,171500.0,6,Not Verified,Web,2022
P2P100724,2025-02-12,Delhi,Salaried,65800.0,Education,345600.0,319200.0,12.0,36,A,Defaulted,39100.0,9,Verified,Mobile App,2025
P2P101683,2024-09-22,Pune,Business Owner,61200.0,Small Business,101300.0,92500.0,13.69,48,C,Completed,132700.0,3,Verified,Mobile App,2024
P2P100494,2022-06-11,Mumbai,Business Owner,103200.0,Home Improvement,67600.0,65100.0,17.29,24,D,Active,45200.0,2,Not Verified,Web,2022
P2P101819,2024-08-28,Jaipur,Freelancer,91900.0,Vehicle,1119600.0,1024100.0,11.87,24,B,Completed,1246500.0,35,Verified,Mobile App,2024
P2P100119,2025-08-20,Mumbai,Salaried,33000.0,Debt Consolidation,265200.0,259300.0,10.68,36,B,Active,185300.0,7,Verified,Mobile App,2025
P2P101732,2024-08-27,Bengaluru,Salaried,78300.0,Travel,154700.0,149900.0,14.61,36,C,Completed,201000.0,4,Not Verified,Web,2024
P2P101199,2025-02-23,Jaipur,Salaried,119600.0,Debt Consolidation,184900.0,180900.0,11.62,48,B,Late,57800.0,6,Verified,Web,2025
P2P101933,2024-05-22,Pune,Salaried,88500.0,Medical,83500.0,76000.0,10.3,12,A,Completed,92000.0,2,Verified,Mobile App,2024
P2P101091,2025-10-21,Bengaluru,Salaried,54400.0,Education,190900.0,187500.0,17.3,24,D,Active,167000.0,4,Verified,Mobile App,2025
P2P100890,2022-10-18,Hyderabad,Self-employed,55800.0,Vehicle,67900.0,63800.0,12.8,48,B,Active,60700.0,2,Not Verified,Web,2022
P2P101258,2024-02-06,Bengaluru,Salaried,50000.0,Debt Consolidation,176900.0,169100.0,14.92,36,C,Active,88800.0,5,Verified,Web,2024
P2P101239,2025-11-22,Chennai,Salaried,72400.0,Medical,272400.0,266400.0,10.6,48,B,Completed,347900.0,10,Verified,Mobile App,2025
P2P100771,2021-12-05,Bengaluru,Salaried,29700.0,Debt Consolidation,77900.0,77300.0,14.04,24,C,Active,60100.0,2,Not Verified,Web,2021
P2P100805,2023-10-10,Hyderabad,Business Owner,23000.0,Education,360300.0,356300.0,16.81,36,C,Late,229500.0,13,Verified,Mobile App,2023
P2P101817,2023-02-08,Mumbai,Salaried,49500.0,Home Improvement,134800.0,125600.0,15.46,36,C,Completed,171800.0,4,Verified,Mobile App,2023
P2P100949,2025-07-28,Jaipur,Business Owner,64000.0,Home Improvement,130200.0,128500.0,14.36,12,C,Completed,141500.0,4,Verified,Mobile App,2025
P2P101678,2023-08-31,Lucknow,Salaried,25400.0,Home Improvement,70100.0,69200.0,12.26,24,B,Completed,81200.0,2,Not Verified,Web,2023
P2P100573,2023-08-19,Bengaluru,Salaried,30000.0,Home Improvement,297300.0,273600.0,16.5,36,D,Active,121200.0,7,Not Verified,Mobile App,2023
P2P101450,2024-11-26,Bengaluru,Salaried,63400.0,Debt Consolidation,241500.0,222200.0,10.21,36,A,Completed,279600.0,6,Verified,Web,2024
P2P101424,2022-03-10,Delhi,Salaried,28900.0,Debt Consolidation,181100.0,167600.0,10.14,24,A,Active,140000.0,4,Verified,Mobile App,2022
P2P101287,2021-09-27,Pune,Freelancer,65700.0,Home Improvement,57700.0,56100.0,13.95,24,C,Completed,67700.0,1,Verified,Mobile App,2021
P2P100673,2021-09-03,Mumbai,Self-employed,100900.0,Small Business,374300.0,363100.0,8.55,24,A,Active,236400.0,8,Verified,Web,2021
P2P100400,2025-03-01,Ahmedabad,Salaried,51500.0,Medical,150100.0,140800.0,9.06,36,A,Completed,178200.0,4,Verified,Mobile App,2025
P2P100552,2025-07-01,Hyderabad,Salaried,25300.0,Debt Consolidation,59900.0,58900.0,13.54,48,C,Completed,80900.0,2,Verified,Web,2025
P2P100321,2024-05-05,Pune,Self-employed,64800.0,Wedding,183000.0,179700.0,8.58,24,A,Completed,208200.0,6,Verified,Mobile App,2024
P2P100470,2025-11-16,Kolkata,Business Owner,55800.0,Education,609800.0,571900.0,13.52,60,C,Completed,853200.0,13,Verified,Web,2025
P2P101888,2022-10-26,Delhi,Business Owner,84200.0,Medical,870900.0,852200.0,12.29,24,C,Active,327200.0,34,Verified,Mobile App,2022
P2P101236,2023-06-27,Hyderabad,Salaried,21200.0,Debt Consolidation,426500.0,420000.0,12.19,36,B,Active,272300.0,16,Not Verified,Mobile App,2023
P2P101208,2023-11-20,Delhi,Salaried,43900.0,Small Business,377100.0,350100.0,7.81,60,A,Completed,448000.0,8,Verified,Mobile App,2023
P2P101233,2022-08-08,Bengaluru,Self-employed,43300.0,Debt Consolidation,374900.0,343100.0,15.4,24,C,Completed,456600.0,8,Verified,Mobile App,2022
P2P100080,2021-12-21,Delhi,Salaried,28800.0,Small Business,268500.0,257900.0,10.35,12,A,Completed,286500.0,6,Not Verified,Mobile App,2021
P2P100534,2024-05-14,Bengaluru,Salaried,32400.0,Debt Consolidation,217300.0,197300.0,14.28,36,C,Active,178500.0,5,Verified,Mobile App,2024
P2P101544,2022-11-18,Lucknow,Business Owner,106300.0,Home Improvement,188400.0,179900.0,16.62,24,D,Late,102400.0,6,Verified,Mobile App,2022
P2P100458,2024-01-02,Delhi,Salaried,59100.0,Medical,568900.0,516300.0,16.04,36,D,Completed,706600.0,16,Verified,Mobile App,2024
P2P100291,2021-04-04,Bengaluru,Salaried,106600.0,Medical,774300.0,768300.0,14.84,36,C,Completed,950200.0,22,Not Verified,Web,2021
P2P101469,2025-07-24,Pune,Business Owner,82100.0,Vehicle,30000.0,28600.0,18.25,60,D,Active,18000.0,1,Verified,Web,2025
P2P100371,2021-11-05,Chennai,Salaried,64900.0,Small Business,210600.0,194600.0,17.1,12,D,Completed,239300.0,5,Verified,Web,2021
P2P100266,2025-02-12,Hyderabad,Salaried,50400.0,Medical,310000.0,301500.0,15.74,60,D,Completed,444700.0,6,Verified,Web,2025
P2P101707,2024-09-22,Pune,Business Owner,47800.0,Small Business,126800.0,117300.0,12.45,12,C,Active,62900.0,4,Verified,Web,2024
P2P100165,2021-10-04,Mumbai,Self-employed,37500.0,Education,325700.0,320500.0,14.08,36,C,Active,170900.0,10,Verified,Mobile App,2021
P2P101323,2025-07-25,Hyderabad,Salaried,187200.0,Small Business,99100.0,96000.0,7.5,12,A,Completed,102400.0,2,Verified,Mobile App,2025
P2P101490,2023-11-26,Kolkata,Business Owner,38500.0,Home Improvement,273600.0,267800.0,13.38,60,C,Completed,377500.0,5,Verified,Mobile App,2023
P2P100474,2025-08-18,Lucknow,Salaried,79600.0,Small Business,89900.0,83400.0,11.92,36,A,Completed,108200.0,2,Verified,Web,2025
P2P100876,2022-03-28,Hyderabad,Self-employed,35600.0,Education,155500.0,155000.0,13.43,36,C,Completed,191200.0,6,Not Verified,Web,2022
P2P100198,2025-08-25,Ahmedabad,Salaried,46800.0,Vehicle,439400.0,413900.0,7.93,60,A,Completed,559100.0,11,Verified,Mobile App,2025
P2P100186,2024-10-21,Kolkata,Self-employed,29200.0,Wedding,116000.0,110500.0,9.36,36,B,Completed,137000.0,3,Not Verified,Mobile App,2024
P2P101332,2025-01-16,Ahmedabad,Salaried,75500.0,Small Business,140300.0,130500.0,10.26,36,B,Active,90700.0,3,Not Verified,Mobile App,2025
P2P100422,2025-04-14,Hyderabad,Freelancer,18000.0,Debt Consolidation,270900.0,244800.0,11.85,36,B,Active,184000.0,6,Not Verified,Mobile App,2025
P2P100257,2025-10-13,Pune,Freelancer,74900.0,Education,207000.0,187500.0,12.89,24,C,Defaulted,75100.0,4,Verified,Web,2025
P2P100136,2023-04-02,Bengaluru,Salaried,48500.0,Wedding,249700.0,247400.0,10.38,24,B,Late,109300.0,9,Verified,Web,2023
P2P101608,2025-04-27,Pune,Business Owner,78200.0,Debt Consolidation,551600.0,500900.0,11.23,36,B,Active,236200.0,11,Verified,Mobile App,2025
P2P101357,2025-08-30,Lucknow,Salaried,77400.0,Small Business,513800.0,479700.0,7.5,36,A,Active,227000.0,16,Verified,Web,2025
P2P101477,2025-05-06,Chennai,Salaried,49600.0,Travel,379100.0,374600.0,13.95,60,C,Active,384600.0,8,Verified,Web,2025
P2P101238,2024-01-09,Ahmedabad,Self-employed,47800.0,Travel,180800.0,176100.0,15.46,36,C,Completed,223500.0,5,Verified,Mobile App,2024
P2P100867,2022-03-26,Delhi,Salaried,89600.0,Education,262700.0,253600.0,9.06,48,A,Active,127200.0,10,Verified,Mobile App,2022
P2P101466,2021-05-28,Delhi,Salaried,25300.0,Small Business,229300.0,219400.0,9.23,24,B,Completed,252900.0,7,Verified,Mobile App,2021
P2P101794,2024-11-21,Chennai,Business Owner,180200.0,Small Business,622100.0,564700.0,12.7,24,A,Active,435100.0,16,Verified,Mobile App,2024
P2P101038,2025-01-23,Hyderabad,Freelancer,94800.0,Travel,223100.0,202200.0,9.92,36,A,Completed,254700.0,8,Verified,Mobile App,2025
P2P101949,2023-04-11,Jaipur,Self-employed,45700.0,Debt Consolidation,153100.0,151100.0,9.52,60,A,Completed,201600.0,4,Verified,Web,2023
P2P100050,2022-06-03,Jaipur,Salaried,34500.0,Debt Consolidation,153200.0,147000.0,14.32,24,C,Completed,177200.0,4,Verified,Mobile App,2022
P2P100527,2023-09-22,Bengaluru,Self-employed,50900.0,Debt Consolidation,307700.0,306500.0,9.68,60,A,Active,277200.0,6,Verified,Web,2023
P2P100453,2023-10-10,Hyderabad,Business Owner,23000.0,Education,143600.0,139700.0,11.52,36,B,Late,77000.0,4,Verified,Web,2023
P2P101834,2025-02-21,Ahmedabad,Salaried,52100.0,Home Improvement,161500.0,159800.0,14.29,36,C,Completed,201000.0,6,Not Verified,Web,2025
P2P100683,2022-05-02,Ahmedabad,Freelancer,31300.0,Debt Consolidation,190000.0,188700.0,17.34,60,D,Completed,287800.0,5,Verified,Web,2022
P2P100463,2025-02-19,Lucknow,Freelancer,21100.0,Medical,211000.0,202300.0,13.19,12,C,Completed,225300.0,7,Verified,Web,2025
P2P100936,2022-12-25,Hyderabad,Salaried,62300.0,Debt Consolidation,74200.0,72100.0,13.68,24,C,Completed,87300.0,3,Verified,Web,2022
P2P101848,2022-07-03,Hyderabad,Self-employed,42800.0,Education,170400.0,164500.0,10.58,60,B,Active,77600.0,4,Verified,Web,2022
P2P100648,2024-11-19,Jaipur,Salaried,75500.0,Education,316600.0,290500.0,16.52,36,D,Active,130000.0,7,Verified,Web,2024
P2P101950,2023-10-29,Mumbai,Business Owner,34200.0,Debt Consolidation,419900.0,406100.0,10.72,36,B,Completed,495400.0,10,Verified,Web,2023
P2P101058,2023-08-29,Mumbai,Salaried,131900.0,Debt Consolidation,268900.0,253700.0,17.86,48,D,Completed,373800.0,9,Verified,Web,2023
P2P100860,2021-07-21,Pune,Business Owner,53600.0,Debt Consolidation,205900.0,194000.0,10.66,48,B,Completed,258100.0,6,Verified,Mobile App,2021
P2P100248,2025-11-20,Kolkata,Salaried,71500.0,Vehicle,179700.0,170500.0,19.84,24,E,Completed,215600.0,5,Verified,Mobile App,2025
P2P100991,2025-04-26,Lucknow,Freelancer,41500.0,Debt Consolidation,79400.0,72200.0,17.3,48,D,Active,76200.0,2,Not Verified,Mobile App,2025
P2P101180,2024-04-22,Hyderabad,Business Owner,62800.0,Small Business,165800.0,155900.0,14.19,60,B,Active,135100.0,6,Verified,Mobile App,2024
P2P101877,2024-07-06,Chennai,Business Owner,77300.0,Debt Consolidation,586600.0,579800.0,23.68,36,E,Completed,834800.0,13,Verified,Mobile App,2024
P2P101505,2023-07-19,Pune,Salaried,66700.0,Wedding,243700.0,229900.0,22.74,36,E,Completed,349500.0,6,Not Verified,Mobile App,2023
P2P101776,2023-03-18,Bengaluru,Salaried,91700.0,Wedding,109100.0,98300.0,11.04,24,A,Completed,125200.0,3,Verified,Mobile App,2023
P2P100217,2023-04-06,Bengaluru,Salaried,18000.0,Vehicle,145700.0,133300.0,15.87,12,C,Completed,159700.0,4,Verified,Mobile App,2023
P2P101963,2025-06-15,Bengaluru,Salaried,20300.0,Debt Consolidation,361400.0,332800.0,16.82,24,D,Active,273000.0,12,Verified,Web,2025
P2P100544,2024-11-08,Mumbai,Salaried,67000.0,Medical,135900.0,126500.0,9.9,12,B,Late,31400.0,4,Verified,Web,2024
P2P101486,2023-06-23,Chennai,Freelancer,41300.0,Medical,654100.0,627500.0,12.4,24,C,Completed,771200.0,18,Verified,Mobile App,2023
P2P100439,2024-12-31,Bengaluru,Freelancer,25500.0,Education,135000.0,122200.0,15.66,36,C,Completed,171300.0,2,Not Verified,Mobile App,2024
P2P100861,2025-03-27,Bengaluru,Self-employed,70400.0,Vehicle,340300.0,319300.0,10.11,36,B,Completed,390500.0,11,Verified,Web,2025
P2P100951,2024-07-22,Kolkata,Salaried,88500.0,Vehicle,165800.0,156800.0,22.24,24,E,Completed,213500.0,6,Not Verified,Mobile App,2024
P2P100327,2024-05-12,Lucknow,Salaried,42200.0,Vehicle,335000.0,326600.0,9.34,48,A,Completed,405100.0,11,Verified,Mobile App,2024
P2P100227,2025-11-28,Bengaluru,Salaried,55500.0,Home Improvement,424300.0,424200.0,14.47,60,B,Active,357000.0,10,Verified,Web,2025
P2P101663,2025-09-22,Kolkata,Business Owner,42800.0,Debt Consolidation,618100.0,560800.0,14.73,48,C,Active,616000.0,18,Not Verified,Mobile App,2025
P2P100554,2024-05-22,Bengaluru,Business Owner,117900.0,Travel,143000.0,133700.0,11.63,24,B,Completed,159900.0,4,Verified,Web,2024
P2P100062,2022-12-23,Delhi,Salaried,74800.0,Education,165700.0,152800.0,13.81,36,C,Active,137200.0,4,Verified,Web,2022
P2P101536,2022-01-07,Chennai,Salaried,53100.0,Debt Consolidation,470200.0,438300.0,16.62,36,D,Completed,629700.0,12,Verified,Web,2022
P2P101901,2024-05-12,Pune,Self-employed,43100.0,Home Improvement,302300.0,300000.0,11.21,12,B,Completed,318600.0,6,Verified,Mobile App,2024
P2P101958,2023-10-05,Ahmedabad,Salaried,62100.0,Home Improvement,215300.0,203500.0,11.72,24,A,Completed,247700.0,5,Not Verified,Web,2023
P2P100156,2022-10-15,Bengaluru,Salaried,86100.0,Debt Consolidation,223400.0,210900.0,17.07,36,D,Completed,291200.0,4,Not Verified,Web,2022
P2P101614,2023-04-04,Delhi,Salaried,55100.0,Vehicle,265600.0,258500.0,10.38,48,B,Active,145300.0,10,Verified,Mobile App,2023
P2P101851,2023-01-21,Delhi,Salaried,43800.0,Home Improvement,163500.0,163100.0,8.74,12,A,Completed,177900.0,5,Verified,Mobile App,2023
P2P101365,2025-02-02,Hyderabad,Salaried,34600.0,Wedding,204300.0,188300.0,10.65,12,B,Completed,213800.0,5,Not Verified,Web,2025
P2P101643,2024-03-22,Hyderabad,Salaried,66200.0,Education,194100.0,190300.0,10.83,36,B,Completed,239300.0,4,Verified,Web,2024
P2P101826,2024-04-06,Ahmedabad,Salaried,35900.0,Debt Consolidation,37500.0,37300.0,11.54,24,B,Completed,42000.0,1,Not Verified,Mobile App,2024
P2P101640,2025-10-02,Bengaluru,Salaried,62600.0,Debt Consolidation,709500.0,651800.0,14.02,12,C,Late,368300.0,21,Verified,Mobile App,2025
P2P100349,2023-07-08,Pune,Business Owner,61800.0,Medical,108400.0,98700.0,8.54,12,A,Active,61700.0,2,Verified,Mobile App,2023
P2P101808,2022-06-04,Ahmedabad,Freelancer,66300.0,Home Improvement,516700.0,473700.0,11.84,24,B,Completed,586900.0,10,Verified,Mobile App,2022
P2P100167,2023-03-28,Delhi,Salaried,69800.0,Medical,100300.0,90900.0,8.23,12,A,Completed,104400.0,3,Not Verified,Web,2023
P2P101526,2022-11-19,Pune,Salaried,49800.0,Debt Consolidation,148900.0,143700.0,13.68,48,C,Completed,194100.0,4,Verified,Mobile App,2022
P2P101897,2024-08-15,Chennai,Business Owner,148400.0,Debt Consolidation,509300.0,495900.0,17.93,24,D,Completed,630500.0,14,Verified,Mobile App,2024
P2P100205,2024-07-31,Bengaluru,Salaried,97300.0,Small Business,434800.0,392700.0,14.45,24,C,Completed,512100.0,12,Not Verified,Mobile App,2024
P2P100907,2025-05-18,Mumbai,Freelancer,31100.0,Travel,258400.0,257200.0,12.17,36,B,Completed,309100.0,6,Verified,Web,2025
P2P100914,2023-09-12,Mumbai,Salaried,70900.0,Travel,480600.0,462400.0,12.88,36,C,Completed,610200.0,16,Verified,Web,2023
P2P101807,2024-10-23,Chennai,Salaried,90500.0,Home Improvement,209300.0,198700.0,12.08,36,B,Completed,248200.0,4,Verified,Web,2024
P2P100187,2025-05-18,Kolkata,Salaried,65900.0,Vehicle,318900.0,292800.0,15.4,12,C,Active,109600.0,8,Verified,Mobile App,2025
P2P100778,2025-01-20,Hyderabad,Salaried,51300.0,Debt Consolidation,73600.0,70200.0,10.16,12,A,Active,33700.0,2,Verified,Mobile App,2025
P2P101940,2021-08-24,Hyderabad,Salaried,54700.0,Home Improvement,144500.0,144000.0,12.55,24,B,Active,68100.0,4,Verified,Mobile App,2021
P2P101854,2025-06-24,Mumbai,Business Owner,46200.0,Wedding,437000.0,418500.0,14.2,12,C,Active,207600.0,14,Verified,Web,2025
P2P101034,2022-01-04,Pune,Self-employed,63000.0,Debt Consolidation,194800.0,185100.0,10.41,36,A,Late,145900.0,7,Verified,Mobile App,2022
P2P100011,2021-03-05,Kolkata,Salaried,31500.0,Debt Consolidation,257500.0,250500.0,8.47,60,A,Completed,320400.0,8,Verified,Web,2021
P2P101978,2023-10-21,Kolkata,Salaried,91700.0,Education,476700.0,443100.0,13.02,36,C,Completed,568400.0,10,Verified,Web,2023
P2P101234,2021-04-06,Pune,Salaried,33900.0,Debt Consolidation,162300.0,161400.0,8.24,24,A,Active,62600.0,5,Verified,Web,2021
P2P100556,2023-09-01,Chennai,Salaried,48200.0,Travel,239800.0,230200.0,16.75,24,D,Active,184700.0,9,Verified,Web,2023
P2P100290,2024-07-07,Hyderabad,Business Owner,32400.0,Debt Consolidation,75900.0,72600.0,17.99,24,D,Completed,94800.0,2,Verified,Mobile App,2024
P2P100428,2025-08-14,Kolkata,Salaried,122700.0,Travel,189100.0,175300.0,13.75,24,C,Active,135500.0,6,Verified,Web,2025
P2P101331,2024-05-14,Mumbai,Salaried,84900.0,Medical,181200.0,164300.0,12.95,36,B,Active,113200.0,6,Verified,Mobile App,2024
P2P100122,2025-08-24,Bengaluru,Salaried,58500.0,Education,125100.0,113200.0,10.47,12,B,Defaulted,20600.0,3,Verified,Mobile App,2025
P2P100657,2023-01-17,Mumbai,Business Owner,182600.0,Vehicle,408700.0,403000.0,15.21,24,C,Completed,470300.0,12,Verified,Web,2023
P2P101381,2022-04-14,Hyderabad,Salaried,49900.0,Home Improvement,418100.0,378800.0,12.04,36,B,Active,252400.0,8,Verified,Mobile App,2022
P2P100152,2022-10-09,Pune,Salaried,41600.0,Debt Consolidation,146600.0,140000.0,12.38,36,B,Active,83100.0,5,Not Verified,Mobile App,2022
P2P101532,2024-08-06,Bengaluru,Salaried,48700.0,Vehicle,174800.0,160900.0,14.44,48,C,Completed,229400.0,3,Not Verified,Web,2024
P2P101137,2025-06-29,Ahmedabad,Self-employed,27800.0,Small Business,376600.0,350100.0,14.3,12,C,Completed,418400.0,7,Verified,Web,2025
P2P101463,2021-11-23,Jaipur,Salaried,106500.0,Medical,242300.0,221500.0,13.05,12,B,Completed,256800.0,5,Not Verified,Web,2021
P2P100131,2023-09-27,Delhi,Salaried,28200.0,Debt Consolidation,145400.0,133400.0,16.01,24,C,Active,61100.0,4,Verified,Mobile App,2023
P2P100851,2021-07-25,Mumbai,Freelancer,37100.0,Small Business,420200.0,387500.0,16.58,24,D,Active,274600.0,14,Verified,Web,2021
P2P100134,2023-04-29,Bengaluru,Self-employed,47500.0,Education,242600.0,230600.0,12.48,36,C,Completed,296800.0,6,Verified,Mobile App,2023
P2P100001,2023-07-08,Chennai,Salaried,84700.0,Debt Consolidation,137600.0,132200.0,10.34,60,A,Active,70400.0,4,Verified,Web,2023
P2P101447,2024-12-10,Pune,Salaried,76400.0,Vehicle,141200.0,128300.0,21.19,24,E,Completed,174100.0,3,Verified,Mobile App,2024
P2P101592,2025-12-21,Ahmedabad,Salaried,34900.0,Debt Consolidation,191100.0,175400.0,7.9,36,A,Active,145600.0,5,Verified,Web,2025
P2P101533,2025-01-12,Mumbai,Self-employed,60700.0,Home Improvement,898900.0,810100.0,8.17,24,A,Completed,1023800.0,21,Verified,Mobile App,2025
P2P100700,2024-01-21,Mumbai,Freelancer,24700.0,Small Business,442000.0,435000.0,11.68,12,C,Completed,462800.0,15,Verified,Web,2024
P2P101385,2024-10-16,Chennai,Self-employed,43900.0,Debt Consolidation,64700.0,63500.0,12.26,36,B,Active,45500.0,2,Verified,Web,2024
P2P101318,2025-02-01,Chennai,Freelancer,65700.0,Debt Consolidation,144400.0,131000.0,16.41,48,D,Late,54600.0,4,Verified,Mobile App,2025
P2P101096,2022-05-15,Pune,Salaried,58600.0,Small Business,161500.0,148500.0,15.63,12,C,Active,69500.0,3,Not Verified,Mobile App,2022
P2P101717,2021-06-26,Mumbai,Salaried,142800.0,Home Improvement,138200.0,131000.0,7.5,36,B,Completed,161700.0,4,Not Verified,Mobile App,2021
P2P100323,2024-10-21,Pune,Self-employed,41000.0,Medical,427500.0,414600.0,15.89,24,D,Defaulted,158800.0,13,Not Verified,Mobile App,2024
P2P100002,2025-10-31,Mumbai,Business Owner,91400.0,Debt Consolidation,240800.0,230100.0,12.9,48,C,Late,115900.0,9,Verified,Mobile App,2025
P2P101569,2024-08-27,Ahmedabad,Business Owner,109300.0,Small Business,228500.0,227100.0,12.48,24,B,Late,100200.0,6,Not Verified,Web,2024
P2P100957,2024-03-19,Pune,Salaried,42300.0,Small Business,1330200.0,1284500.0,15.04,24,C,Completed,1618900.0,27,Verified,Web,2024
P2P101838,2023-04-30,Chennai,Salaried,64300.0,Debt Consolidation,94700.0,87100.0,12.36,12,B,Active,71200.0,2,Verified,Web,2023
P2P100184,2025-08-01,Lucknow,Salaried,169300.0,Home Improvement,359900.0,342600.0,7.5,24,A,Completed,392400.0,11,Verified,Mobile App,2025
P2P101242,2025-03-29,Jaipur,Salaried,100900.0,Home Improvement,152000.0,146800.0,10.77,36,B,Completed,187200.0,3,Verified,Web,2025
P2P101344,2025-01-26,Hyderabad,Salaried,42900.0,Debt Consolidation,181900.0,179700.0,9.53,48,A,Active,131200.0,4,Verified,Mobile App,2025
P2P100307,2024-03-15,Delhi,Salaried,38600.0,Debt Consolidation,43100.0,39200.0,10.99,24,B,Completed,50400.0,1,Verified,Mobile App,2024
P2P100730,2022-04-15,Kolkata,Salaried,43300.0,Education,188300.0,187900.0,8.46,48,A,Completed,219100.0,5,Not Verified,Mobile App,2022
P2P101010,2024-02-03,Mumbai,Salaried,39100.0,Debt Consolidation,118400.0,118400.0,8.86,24,B,Active,92800.0,3,Verified,Mobile App,2024
P2P100550,2025-03-23,Hyderabad,Business Owner,39200.0,Debt Consolidation,134700.0,125200.0,14.74,24,C,Active,73900.0,3,Verified,Mobile App,2025
P2P100970,2024-01-13,Hyderabad,Salaried,61200.0,Education,505000.0,482200.0,10.48,48,B,Late,367100.0,10,Verified,Web,2024
P2P101061,2025-07-27,Lucknow,Freelancer,88600.0,Debt Consolidation,215900.0,205500.0,11.71,24,B,Active,109500.0,7,Verified,Web,2025
P2P100111,2023-01-28,Lucknow,Salaried,24400.0,Debt Consolidation,110600.0,109600.0,18.37,12,E,Active,85200.0,2,Not Verified,Web,2023
P2P101406,2024-01-11,Mumbai,Business Owner,53800.0,Vehicle,419400.0,413700.0,14.96,36,D,Active,287900.0,9,Not Verified,Mobile App,2024
P2P100889,2021-11-01,Bengaluru,Salaried,59100.0,Vehicle,119500.0,115700.0,8.38,24,A,Completed,131100.0,2,Verified,Mobile App,2021
P2P101507,2024-06-21,Delhi,Salaried,115000.0,Travel,57200.0,54100.0,12.34,36,B,Completed,71400.0,1,Verified,Mobile App,2024
P2P100916,2023-11-02,Mumbai,Business Owner,110700.0,Small Business,262000.0,256300.0,11.76,24,B,Active,182500.0,6,Verified,Web,2023
P2P101605,2021-08-01,Delhi,Salaried,57200.0,Debt Consolidation,332700.0,311200.0,16.85,48,D,Completed,470200.0,12,Not Verified,Mobile App,2021
P2P100927,2022-12-17,Delhi,Salaried,59100.0,Vehicle,69700.0,64300.0,13.44,36,B,Completed,88100.0,1,Verified,Web,2022
P2P100746,2025-08-29,Lucknow,Salaried,52700.0,Vehicle,211500.0,193700.0,11.72,12,B,Late,77600.0,5,Verified,Mobile App,2025
P2P100776,2022-03-13,Mumbai,Business Owner,139000.0,Home Improvement,103900.0,94500.0,18.11,36,D,Active,57200.0,2,Verified,Mobile App,2022
P2P101340,2021-04-04,Hyderabad,Salaried,57300.0,Small Business,280600.0,254400.0,15.06,36,C,Completed,363000.0,6,Verified,Mobile App,2021
P2P101565,2025-05-25,Hyderabad,Freelancer,81000.0,Education,271100.0,257700.0,13.6,36,C,Completed,341800.0,6,Verified,Web,2025
P2P100578,2025-10-01,Mumbai,Salaried,26400.0,Medical,144300.0,137600.0,12.73,12,B,Completed,158500.0,3,Verified,Web,2025
P2P101188,2021-07-27,Delhi,Salaried,79100.0,Home Improvement,262000.0,254300.0,13.36,12,C,Completed,280400.0,7,Not Verified,Web,2021
P2P100264,2024-03-18,Lucknow,Salaried,75600.0,Home Improvement,222600.0,220300.0,10.25,36,A,Completed,257400.0,5,Not Verified,Web,2024
P2P101256,2023-10-22,Pune,Salaried,54600.0,Debt Consolidation,354500.0,326000.0,17.43,12,D,Active,164800.0,13,Verified,Web,2023
P2P100303,2024-04-21,Hyderabad,Self-employed,53500.0,Education,327700.0,316600.0,16.66,36,C,Late,159900.0,10,Verified,Web,2024
P2P100928,2024-04-23,Chennai,Salaried,74100.0,Travel,222800.0,217700.0,16.39,36,C,Active,121800.0,4,Verified,Web,2024
P2P101200,2022-01-26,Lucknow,Salaried,58100.0,Home Improvement,519800.0,505700.0,16.21,48,C,Completed,736400.0,17,Verified,Mobile App,2022
P2P101613,2024-04-10,Jaipur,Business Owner,47200.0,Home Improvement,336600.0,327400.0,19.29,36,D,Active,136500.0,9,Verified,Mobile App,2024
P2P100150,2023-01-07,Lucknow,Business Owner,85100.0,Vehicle,295500.0,274600.0,8.91,24,A,Active,211000.0,9,Verified,Mobile App,2023
P2P101405,2024-10-27,Delhi,Salaried,111800.0,Small Business,605600.0,596300.0,11.82,48,C,Completed,779900.0,14,Verified,Mobile App,2024
P2P100072,2022-07-06,Delhi,Self-employed,97600.0,Education,45000.0,43900.0,8.9,24,A,Active,20900.0,1,Verified,Mobile App,2022
P2P100456,2024-02-08,Mumbai,Salaried,68600.0,Debt Consolidation,266300.0,244000.0,9.23,12,A,Active,141800.0,6,Verified,Mobile App,2024
P2P100090,2024-01-08,Bengaluru,Salaried,54900.0,Home Improvement,203900.0,200200.0,21.58,24,E,Late,155500.0,4,Verified,Web,2024
P2P100118,2022-06-07,Lucknow,Salaried,49600.0,Medical,157900.0,155800.0,11.05,12,B,Completed,165300.0,5,Verified,Web,2022
P2P100322,2025-01-10,Hyderabad,Freelancer,54000.0,Small Business,477000.0,431900.0,7.5,24,A,Active,307400.0,13,Verified,Mobile App,2025
P2P101757,2025-11-11,Mumbai,Self-employed,59700.0,Debt Consolidation,300200.0,279700.0,7.95,24,A,Completed,328500.0,9,Verified,Web,2025
P2P101581,2022-09-22,Chennai,Salaried,98100.0,Education,100900.0,98300.0,11.61,24,B,Active,35200.0,4,Verified,Mobile App,2022
P2P100460,2021-12-30,Delhi,Salaried,50400.0,Home Improvement,94800.0,87500.0,11.49,36,C,Completed,115300.0,3,Verified,Mobile App,2021
P2P101962,2023-09-13,Delhi,Freelancer,52900.0,Home Improvement,198700.0,182100.0,11.52,12,B,Active,79100.0,4,Not Verified,Mobile App,2023
P2P101459,2022-08-14,Mumbai,Freelancer,99400.0,Small Business,87400.0,85200.0,9.74,36,B,Completed,103600.0,2,Verified,Web,2022
P2P100242,2025-11-04,Bengaluru,Salaried,50800.0,Debt Consolidation,218700.0,218700.0,12.81,24,B,Completed,249500.0,8,Not Verified,Web,2025
P2P100699,2022-03-24,Kolkata,Salaried,78300.0,Small Business,361800.0,329800.0,9.92,24,B,Completed,417700.0,7,Verified,Web,2022
P2P100842,2024-10-27,Mumbai,Freelancer,25800.0,Small Business,170600.0,158400.0,9.81,12,A,Completed,177300.0,4,Not Verified,Web,2024
P2P101561,2023-05-29,Kolkata,Salaried,29100.0,Home Improvement,310600.0,296100.0,15.48,12,C,Completed,351500.0,6,Verified,Mobile App,2023
P2P100703,2023-04-27,Delhi,Self-employed,75600.0,Debt Consolidation,198900.0,181300.0,12.37,12,B,Active,71200.0,6,Verified,Mobile App,2023
P2P101509,2024-08-02,Pune,Salaried,71300.0,Vehicle,152600.0,147600.0,10.1,24,A,Completed,166700.0,5,Not Verified,Web,2024
P2P100585,2024-09-10,Chennai,Self-employed,28300.0,Medical,274200.0,256100.0,15.34,36,C,Completed,344500.0,6,Not Verified,Web,2024
P2P100980,2024-07-16,Bengaluru,Salaried,101800.0,Travel,235800.0,235400.0,16.4,24,C,Active,115000.0,7,Verified,Mobile App,2024
P2P100693,2024-03-02,Chennai,Salaried,41400.0,Debt Consolidation,217300.0,213500.0,8.63,36,B,Active,175500.0,6,Verified,Mobile App,2024
P2P100271,2025-05-08,Delhi,Self-employed,144300.0,Debt Consolidation,287300.0,273400.0,10.64,24,A,Active,156800.0,7,Not Verified,Web,2025
P2P101136,2021-08-22,Kolkata,Unknown,53600.0,Medical,205000.0,186300.0,7.5,36,B,Active,146200.0,4,Verified,Web,2021
P2P100596,2024-01-10,Mumbai,Self-employed,33100.0,Small Business,268200.0,253000.0,8.8,24,A,Active,115800.0,6,Verified,Web,2024
P2P100786,2025-09-09,Ahmedabad,Salaried,23500.0,Debt Consolidation,803100.0,742600.0,13.76,12,C,Completed,897300.0,24,Not Verified,Mobile App,2025
P2P101251,2025-04-22,Ahmedabad,Salaried,27700.0,Education,315700.0,303900.0,14.33,24,C,Active,119400.0,7,Verified,Mobile App,2025
P2P100497,2024-06-26,Delhi,Salaried,48400.0,Medical,497800.0,472500.0,7.96,48,B,Completed,592200.0,14,Not Verified,Mobile App,2024
P2P100221,2024-10-17,Kolkata,Salaried,46600.0,Small Business,159500.0,148900.0,16.11,36,C,Completed,206800.0,4,Not Verified,Mobile App,2024
P2P101818,2025-03-19,Lucknow,Self-employed,55300.0,Vehicle,106000.0,102200.0,10.39,48,B,Active,76500.0,2,Verified,Web,2025
P2P101220,2022-12-27,Jaipur,Salaried,26900.0,Small Business,798100.0,731300.0,14.96,48,C,Completed,1073400.0,18,Verified,Mobile App,2022
P2P100878,2024-10-19,Mumbai,Self-employed,39700.0,Debt Consolidation,163300.0,157600.0,13.69,24,C,Active,67300.0,4,Verified,Mobile App,2024
P2P100921,2025-07-21,Jaipur,Freelancer,50200.0,Home Improvement,405000.0,404300.0,13.26,60,C,Completed,570400.0,12,Not Verified,Web,2025
P2P101435,2022-02-17,Bengaluru,Self-employed,186200.0,Small Business,288800.0,280500.0,9.7,48,A,Active,167000.0,8,Not Verified,Web,2022
P2P100985,2025-01-27,Ahmedabad,Salaried,89200.0,Education,290600.0,271300.0,12.02,36,C,Completed,352300.0,8,Verified,Web,2025
P2P101522,2025-10-11,Hyderabad,Salaried,62500.0,Education,163200.0,160900.0,14.74,48,B,Late,125700.0,4,Verified,Mobile App,2025
P2P101380,2024-07-10,Bengaluru,Salaried,38300.0,Small Business,89500.0,88100.0,12.04,36,B,Completed,107100.0,3,Verified,Web,2024
P2P101162,2022-01-23,Delhi,Salaried,32800.0,Debt Consolidation,260300.0,255000.0,19.38,48,E,Completed,390700.0,9,Verified,Mobile App,2022
P2P100313,2021-03-19,Chennai,Salaried,77700.0,Education,218300.0,211700.0,12.36,12,B,Active,137900.0,6,Verified,Mobile App,2021
P2P101611,2025-08-04,Delhi,Salaried,50000.0,Medical,138000.0,137100.0,11.0,24,B,Completed,161800.0,3,Verified,Mobile App,2025
P2P100508,2025-05-25,Jaipur,Salaried,30600.0,Home Improvement,362300.0,337400.0,16.2,12,C,Active,123200.0,11,Verified,Mobile App,2025
P2P101582,2023-08-08,Delhi,Salaried,53600.0,Vehicle,294300.0,287800.0,17.89,48,D,Late,118800.0,8,Not Verified,Web,2023
P2P100394,2025-03-28,Chennai,Salaried,33800.0,Debt Consolidation,396400.0,393300.0,10.08,60,A,Completed,507100.0,12,Verified,Mobile App,2025
P2P101991,2025-03-15,Chennai,Salaried,79000.0,Debt Consolidation,124200.0,121100.0,11.4,12,B,Active,48100.0,4,Verified,Web,2025
P2P100410,2021-10-07,Lucknow,Salaried,104600.0,Education,163900.0,147600.0,11.81,36,B,Active,72600.0,4,Verified,Mobile App,2021
P2P100678,2023-08-21,Mumbai,Freelancer,22900.0,Debt Consolidation,190300.0,173600.0,13.27,12,C,Active,119600.0,6,Not Verified,Mobile App,2023
P2P100953,2022-05-12,Hyderabad,Salaried,76000.0,Small Business,253700.0,249200.0,17.31,48,D,Active,243100.0,8,Verified,Mobile App,2022
P2P101889,2025-01-25,Delhi,Business Owner,72200.0,Medical,127800.0,115400.0,11.52,12,C,Active,73400.0,4,Verified,Mobile App,2025
P2P100329,2023-10-02,Hyderabad,Salaried,27200.0,Medical,92800.0,84900.0,9.3,48,A,Active,70700.0,2,Verified,Mobile App,2023
P2P101037,2023-05-03,Mumbai,Self-employed,55400.0,Home Improvement,224700.0,217700.0,12.59,24,C,Completed,254500.0,4,Not Verified,Mobile App,2023
P2P100086,2023-04-06,Hyderabad,Salaried,29000.0,Education,279900.0,265000.0,12.54,36,B,Completed,351900.0,7,Verified,Mobile App,2023
P2P100084,2021-07-14,Mumbai,Self-employed,97300.0,Wedding,85300.0,84400.0,12.18,12,B,Active,35600.0,2,Verified,Web,2021
P2P100207,2021-11-07,Mumbai,Self-employed,31700.0,Debt Consolidation,148900.0,144500.0,15.61,36,C,Completed,191600.0,3,Not Verified,Mobile App,2021
P2P100104,2024-03-03,Jaipur,Salaried,100400.0,Small Business,47300.0,47200.0,21.42,36,E,Late,30900.0,1,Verified,Mobile App,2024
P2P101334,2025-12-27,Hyderabad,Salaried,45600.0,Debt Consolidation,88200.0,83200.0,8.91,48,A,Completed,107300.0,2,Verified,Mobile App,2025
P2P101219,2024-10-13,Jaipur,Salaried,85700.0,Small Business,429600.0,405900.0,12.45,24,B,Active,173400.0,15,Verified,Mobile App,2024
P2P100735,2023-06-08,Mumbai,Salaried,27100.0,Travel,224800.0,216100.0,17.23,24,D,Late,118600.0,5,Not Verified,Mobile App,2023
P2P101205,2024-02-02,Jaipur,Freelancer,60300.0,Small Business,203400.0,192300.0,13.0,12,B,Completed,220500.0,4,Verified,Web,2024
P2P100695,2021-12-18,Pune,Salaried,77700.0,Travel,469800.0,461500.0,11.32,48,B,Completed,611100.0,14,Verified,Web,2021
P2P101190,2025-01-02,Pune,Salaried,38800.0,Vehicle,213700.0,194500.0,9.44,36,A,Active,181100.0,5,Not Verified,Mobile App,2025
P2P100498,2021-08-27,Bengaluru,Salaried,95700.0,Vehicle,476100.0,452900.0,13.37,24,C,Active,359300.0,11,Verified,Web,2021
P2P101341,2022-11-21,Lucknow,Business Owner,45100.0,Wedding,261300.0,258100.0,11.75,24,B,Completed,304500.0,8,Verified,Mobile App,2022
P2P101166,2025-05-19,Bengaluru,Freelancer,46600.0,Education,65700.0,65600.0,11.65,48,B,Completed,83600.0,2,Verified,Mobile App,2025
P2P101349,2025-12-16,Chennai,Salaried,90400.0,Home Improvement,456600.0,425700.0,12.3,12,B,Completed,501900.0,15,Verified,Mobile App,2025
P2P100328,2024-08-08,Delhi,Freelancer,67000.0,Debt Consolidation,141000.0,133100.0,12.18,36,B,Completed,167900.0,3,Verified,Web,2024
P2P101974,2024-03-18,Jaipur,Business Owner,65200.0,Small Business,318900.0,308300.0,20.08,48,E,Active,340900.0,8,Verified,Web,2024
P2P100661,2023-06-03,Pune,Salaried,68800.0,Education,260000.0,250000.0,13.68,36,B,Completed,314200.0,7,Verified,Mobile App,2023
P2P100347,2024-09-13,Mumbai,Business Owner,90500.0,Small Business,258300.0,251800.0,12.59,36,B,Active,153700.0,8,Verified,Web,2024
P2P100211,2024-05-04,Hyderabad,Salaried,39000.0,Small Business,256800.0,243100.0,11.97,24,A,Completed,299000.0,7,Verified,Web,2024
P2P100568,2023-11-04,Pune,Salaried,30300.0,Debt Consolidation,90500.0,87800.0,10.24,24,B,Active,71800.0,3,Verified,Mobile App,2023
P2P100143,2024-02-15,Bengaluru,Salaried,78300.0,Small Business,248600.0,237300.0,8.65,36,A,Active,208200.0,5,Not Verified,Mobile App,2024
P2P100515,2021-05-19,Hyderabad,Salaried,22700.0,Medical,184800.0,167500.0,16.2,24,D,Completed,219200.0,4,Verified,Web,2021
P2P101387,2025-03-25,Bengaluru,Salaried,49500.0,Debt Consolidation,217400.0,211100.0,12.1,36,B,Active,190200.0,6,Verified,Web,2025
P2P101029,2023-03-25,Delhi,Self-employed,206800.0,Small Business,550400.0,515000.0,10.47,36,B,Completed,647000.0,19,Verified,Mobile App,2023
P2P101069,2023-05-31,Bengaluru,Freelancer,60400.0,Debt Consolidation,82700.0,82600.0,11.3,48,B,Completed,101500.0,2,Not Verified,Mobile App,2023
P2P100865,2023-08-27,Hyderabad,Salaried,129200.0,Home Improvement,97400.0,90300.0,17.03,60,D,Late,35000.0,2,Verified,Web,2023
P2P101306,2025-07-24,Jaipur,Salaried,41300.0,Home Improvement,291800.0,271200.0,9.32,24,A,Active,155000.0,7,Verified,Web,2025
P2P100892,2025-07-05,Jaipur,Salaried,85900.0,Small Business,275600.0,249100.0,8.87,60,A,Completed,348200.0,7,Verified,Mobile App,2025
P2P101227,2023-08-21,Ahmedabad,Self-employed,28200.0,Debt Consolidation,246600.0,234500.0,14.59,48,C,Active,225300.0,6,Verified,Mobile App,2023
P2P100815,2025-07-23,Hyderabad,Business Owner,121100.0,Education,627700.0,605700.0,16.16,12,D,Completed,671000.0,12,Not Verified,Web,2025
P2P101499,2023-07-18,Mumbai,Salaried,37800.0,Debt Consolidation,403700.0,392800.0,9.45,24,A,Completed,441600.0,10,Not Verified,Web,2023
P2P101383,2025-11-23,Lucknow,Salaried,86000.0,Debt Consolidation,132500.0,128800.0,12.82,24,B,Active,76200.0,3,Verified,Mobile App,2025
P2P100564,2021-02-14,Pune,Salaried,87500.0,Debt Consolidation,502900.0,472300.0,11.78,12,A,Active,348800.0,14,Verified,Mobile App,2021
P2P101432,2024-03-14,Hyderabad,Salaried,55000.0,Travel,97900.0,90300.0,11.61,48,B,Active,45000.0,3,Verified,Mobile App,2024
P2P100372,2021-02-25,Delhi,Salaried,58200.0,Vehicle,477900.0,460200.0,10.55,12,B,Completed,501500.0,15,Verified,Mobile App,2021
P2P101182,2023-05-07,Delhi,Business Owner,47800.0,Debt Consolidation,263100.0,246200.0,12.86,36,B,Active,99700.0,9,Verified,Web,2023
P2P101012,2025-12-16,Kolkata,Self-employed,22900.0,Debt Consolidation,208000.0,203400.0,15.19,36,C,Completed,271900.0,4,Verified,Web,2025
P2P101304,2024-04-22,Jaipur,Business Owner,39600.0,Home Improvement,592700.0,547700.0,10.25,12,B,Active,421900.0,16,Verified,Mobile App,2024
P2P100891,2025-01-20,Hyderabad,Salaried,53000.0,Home Improvement,328800.0,322100.0,16.82,12,D,Completed,368200.0,10,Verified,Mobile App,2025
P2P101634,2025-04-21,Lucknow,Unknown,80600.0,Home Improvement,238400.0,236900.0,11.09,12,B,Completed,249500.0,5,Verified,Web,2025
P2P101262,2025-04-24,Mumbai,Business Owner,81500.0,Education,543200.0,521900.0,13.13,24,B,Completed,641700.0,13,Verified,Web,2025
P2P100684,2024-11-03,Delhi,Salaried,42800.0,Home Improvement,650000.0,622200.0,7.5,60,A,Active,318600.0,14,Verified,Mobile App,2024
P2P101298,2021-11-17,Hyderabad,Self-employed,61700.0,Debt Consolidation,178200.0,173000.0,12.26,36,B,Active,146900.0,4,Verified,Web,2021
P2P101413,2022-12-19,Mumbai,Self-employed,98700.0,Debt Consolidation,295700.0,287900.0,8.46,24,A,Active,116100.0,8,Verified,Mobile App,2022
P2P100633,2024-03-08,Chennai,Business Owner,81700.0,Debt Consolidation,330700.0,309200.0,16.33,60,D,Completed,482700.0,8,Verified,Mobile App,2024
P2P100195,2023-05-02,Chennai,Self-employed,86200.0,Debt Consolidation,311600.0,298800.0,11.15,24,B,Active,131600.0,7,Verified,Mobile App,2023
P2P100514,2025-07-18,Kolkata,Self-employed,59600.0,Education,229600.0,215300.0,14.05,24,C,Active,109300.0,5,Verified,Web,2025
P2P100210,2022-04-08,Bengaluru,Salaried,81800.0,Wedding,321700.0,303400.0,11.12,24,B,Late,224700.0,9,Verified,Mobile App,2022
P2P101001,2022-06-04,Bengaluru,Salaried,44800.0,Small Business,311400.0,295500.0,9.44,36,A,Completed,365300.0,6,Verified,Web,2022
P2P101187,2024-12-03,Pune,Self-employed,61600.0,Home Improvement,161000.0,157200.0,9.25,12,A,Completed,168700.0,4,Not Verified,Mobile App,2024
P2P100636,2023-11-23,Delhi,Freelancer,44700.0,Small Business,944100.0,884100.0,16.2,48,C,Late,712200.0,21,Verified,Mobile App,2023
P2P101631,2025-03-03,Hyderabad,Self-employed,50800.0,Small Business,337200.0,306700.0,12.45,12,E,Completed,382700.0,9,Verified,Mobile App,2025
P2P100088,2024-09-17,Mumbai,Self-employed,77300.0,Small Business,97400.0,88300.0,12.95,24,B,Completed,109100.0,3,Verified,Mobile App,2024
P2P101724,2021-11-06,Kolkata,Salaried,51700.0,Debt Consolidation,574900.0,570800.0,7.5,24,A,Completed,634300.0,19,Verified,Mobile App,2021
P2P101557,2024-08-07,Mumbai,Salaried,18000.0,Debt Consolidation,315700.0,314900.0,14.08,24,C,Completed,369500.0,11,Verified,Web,2024
P2P100910,2023-07-18,Hyderabad,Salaried,46400.0,Home Improvement,120600.0,109900.0,11.73,36,A,Completed,143000.0,2,Verified,Mobile App,2023
P2P100191,2021-10-13,Chennai,Self-employed,84600.0,Debt Consolidation,204400.0,204300.0,16.36,48,D,Active,90400.0,4,Not Verified,Web,2021
P2P100179,2025-10-14,Mumbai,Salaried,75100.0,Small Business,178500.0,167000.0,16.29,24,D,Completed,210000.0,6,Verified,Web,2025
P2P100557,2022-02-04,Delhi,Self-employed,41600.0,Education,77600.0,75900.0,16.68,12,C,Active,40400.0,3,Verified,Mobile App,2022
P2P101504,2023-05-06,Bengaluru,Salaried,42800.0,Debt Consolidation,93800.0,84700.0,11.31,24,B,Defaulted,24900.0,3,Verified,Web,2023
P2P101417,2021-05-01,Delhi,Salaried,48100.0,Home Improvement,323900.0,305400.0,11.11,36,B,Late,189600.0,9,Verified,Mobile App,2021
P2P101994,2022-02-07,Delhi,Salaried,87300.0,Debt Consolidation,184400.0,167600.0,15.99,48,C,Defaulted,26300.0,4,Not Verified,Web,2022
P2P101934,2024-07-27,Delhi,Freelancer,78400.0,Debt Consolidation,242000.0,229300.0,12.64,36,C,Late,101600.0,9,Verified,Mobile App,2024
P2P100745,2022-09-22,Hyderabad,Salaried,55300.0,Medical,505000.0,499900.0,13.2,36,B,Completed,637100.0,16,Verified,Web,2022
P2P101749,2025-03-08,Delhi,Freelancer,33800.0,Home Improvement,69500.0,62900.0,13.87,36,C,Active,41200.0,2,Verified,Mobile App,2025
P2P101129,2023-07-05,Delhi,Salaried,56000.0,Travel,385500.0,369600.0,8.91,36,A,Completed,437800.0,10,Verified,Mobile App,2023
P2P101470,2025-04-05,Delhi,Salaried,50200.0,Debt Consolidation,264600.0,252600.0,10.01,36,B,Completed,312100.0,7,Verified,Mobile App,2025
P2P101098,2022-06-07,Bengaluru,Salaried,101700.0,Debt Consolidation,333500.0,315900.0,12.45,36,A,Completed,384200.0,7,Verified,Mobile App,2022
P2P100512,2023-09-29,Kolkata,Salaried,21300.0,Wedding,343500.0,333900.0,10.49,24,A,Active,128200.0,8,Verified,Web,2023
P2P101899,2023-06-02,Mumbai,Freelancer,18000.0,Education,265900.0,259500.0,13.45,36,C,Completed,323800.0,7,Not Verified,Web,2023
P2P101661,2024-07-22,Bengaluru,Salaried,38700.0,Education,344200.0,340800.0,9.24,36,A,Active,226300.0,10,Verified,Mobile App,2024
P2P100472,2025-11-24,Ahmedabad,Freelancer,32500.0,Travel,337200.0,326600.0,12.27,36,C,Completed,423000.0,8,Verified,Web,2025
P2P100399,2025-02-25,Hyderabad,Salaried,94000.0,Medical,619200.0,598300.0,19.14,24,D,Active,415500.0,20,Verified,Mobile App,2025
P2P100036,2025-05-07,Mumbai,Freelancer,45000.0,Home Improvement,91300.0,90100.0,10.75,36,B,Completed,110900.0,2,Verified,Mobile App,2025
P2P100206,2021-01-29,Lucknow,Salaried,68600.0,Wedding,127600.0,126700.0,13.6,24,B,Active,50700.0,4,Verified,Web,2021
P2P100609,2024-02-24,Jaipur,Freelancer,21300.0,Small Business,124200.0,112600.0,9.41,24,A,Active,89200.0,3,Verified,Mobile App,2024
P2P101716,2025-12-25,Lucknow,Salaried,39400.0,Home Improvement,296300.0,271200.0,16.39,36,D,Late,179100.0,6,Verified,Mobile App,2025
P2P101488,2024-12-14,Lucknow,Self-employed,91400.0,Debt Consolidation,148900.0,143100.0,22.83,36,E,Active,67600.0,3,Not Verified,Mobile App,2024
P2P101068,2021-12-05,Hyderabad,Salaried,43800.0,Travel,279700.0,264500.0,8.89,12,A,Active,219900.0,9,Verified,Web,2021
P2P101286,2024-03-17,Hyderabad,Self-employed,79500.0,Debt Consolidation,320900.0,311100.0,9.21,24,A,Active,260800.0,11,Verified,Web,2024
P2P101173,2024-09-08,Delhi,Salaried,52700.0,Debt Consolidation,55200.0,54900.0,13.06,24,B,Active,32800.0,1,Verified,Mobile App,2024
P2P100430,2021-12-25,Pune,Business Owner,37000.0,Wedding,202100.0,190400.0,13.71,36,C,Active,137100.0,5,Not Verified,Mobile App,2021
P2P101648,2025-05-29,Mumbai,Self-employed,55200.0,Home Improvement,512400.0,501800.0,11.74,24,B,Active,302200.0,14,Verified,Mobile App,2025
P2P100229,2025-08-19,Kolkata,Salaried,71400.0,Debt Consolidation,124000.0,111600.0,9.24,24,A,Completed,134400.0,3,Not Verified,Mobile App,2025
P2P101004,2025-02-01,Kolkata,Salaried,18000.0,Medical,404600.0,365700.0,15.36,24,C,Active,333600.0,8,Verified,Mobile App,2025
P2P101030,2025-06-02,Bengaluru,Salaried,76200.0,Medical,179900.0,178800.0,14.59,24,C,Completed,212500.0,4,Verified,Web,2025
P2P101956,2025-10-09,Hyderabad,Self-employed,61000.0,Vehicle,185500.0,184900.0,14.9,12,C,Completed,208500.0,4,Verified,Mobile App,2025
P2P101990,2025-01-29,Ahmedabad,Business Owner,148700.0,Vehicle,89000.0,88900.0,10.7,60,B,Completed,113400.0,2,Verified,Mobile App,2025
P2P101800,2021-02-07,Mumbai,Salaried,54400.0,Education,250700.0,232300.0,15.68,24,D,Defaulted,31900.0,7,Verified,Web,2021
P2P100728,2025-04-21,Bengaluru,Business Owner,63600.0,Debt Consolidation,141500.0,130200.0,13.78,24,B,Completed,164200.0,3,Verified,Mobile App,2025
P2P100319,2022-03-29,Chennai,Salaried,18900.0,Home Improvement,131600.0,126200.0,17.05,24,D,Active,73600.0,3,Not Verified,Web,2022
P2P100630,2022-11-09,Chennai,Salaried,80700.0,Home Improvement,246800.0,240400.0,13.39,12,C,Completed,263700.0,5,Verified,Mobile App,2022
P2P100926,2021-03-10,Bengaluru,Salaried,53800.0,Wedding,146400.0,143300.0,10.58,60,B,Completed,196700.0,3,Verified,Mobile App,2021
P2P100894,2023-08-20,Delhi,Salaried,62900.0,Small Business,81400.0,78500.0,10.94,24,A,Active,35500.0,2,Verified,Mobile App,2023
P2P101020,2021-04-14,Kolkata,Business Owner,52200.0,Vehicle,169000.0,164100.0,8.36,60,A,Completed,204000.0,5,Not Verified,Web,2021
P2P101842,2023-10-25,Hyderabad,Salaried,44600.0,Debt Consolidation,128700.0,116700.0,16.15,36,C,Active,100000.0,3,Not Verified,Web,2023
P2P100035,2025-11-19,Pune,Salaried,75100.0,Medical,117100.0,115100.0,12.03,48,A,Active,107200.0,3,Verified,Mobile App,2025
P2P101337,2022-07-08,Bengaluru,Salaried,104900.0,Wedding,147900.0,142900.0,11.45,24,B,Late,70900.0,4,Not Verified,Mobile App,2022
P2P100076,2025-01-28,Bengaluru,Salaried,56600.0,Vehicle,120300.0,116400.0,15.95,36,D,Late,46600.0,4,Verified,Mobile App,2025
P2P100174,2022-09-09,Ahmedabad,Salaried,72600.0,Vehicle,151200.0,150900.0,10.52,36,B,Active,132100.0,4,Verified,Mobile App,2022
P2P101825,2024-09-26,Hyderabad,Salaried,81700.0,Debt Consolidation,299200.0,294800.0,13.77,36,C,Defaulted,94500.0,8,Verified,Mobile App,2024
P2P101076,2023-10-17,Mumbai,Salaried,72300.0,Vehicle,486800.0,481000.0,11.68,12,B,Completed,518000.0,11,Not Verified,Web,2023
P2P101606,2024-03-19,Chennai,Self-employed,48500.0,Debt Consolidation,995600.0,968600.0,12.61,36,B,Completed,1245400.0,29,Verified,Mobile App,2024
P2P101774,2025-11-06,Delhi,Self-employed,58900.0,Small Business,179800.0,172000.0,10.56,24,A,Active,67300.0,4,Verified,Mobile App,2025
P2P101912,2025-07-31,Delhi,Freelancer,35400.0,Debt Consolidation,204500.0,199900.0,20.08,24,E,Defaulted,77300.0,6,Verified,Web,2025
P2P101904,2021-04-19,Kolkata,Salaried,45000.0,Debt Consolidation,478900.0,441300.0,7.53,60,A,Completed,595400.0,12,Verified,Mobile App,2021
P2P100748,2024-04-26,Bengaluru,Salaried,32700.0,Debt Consolidation,394100.0,389300.0,21.84,36,E,Completed,541200.0,10,Verified,Mobile App,2024
P2P101245,2025-03-09,Mumbai,Self-employed,55300.0,Small Business,340300.0,307700.0,20.83,12,E,Active,256600.0,7,Verified,Mobile App,2025
P2P101846,2022-10-12,Pune,Salaried,116300.0,Small Business,199500.0,186100.0,15.06,12,C,Completed,223500.0,6,Verified,Web,2022
P2P100509,2025-10-30,Unknown,Self-employed,67100.0,Vehicle,241600.0,218300.0,10.81,24,B,Completed,274600.0,5,Verified,Web,2025
P2P100711,2025-03-08,Bengaluru,Salaried,81500.0,Small Business,42700.0,40500.0,13.83,24,B,Completed,49200.0,1,Verified,Web,2025
P2P101718,2024-12-14,Jaipur,Salaried,85400.0,Debt Consolidation,706300.0,681400.0,14.01,12,B,Completed,772300.0,16,Verified,Mobile App,2024
P2P100608,2023-06-19,Hyderabad,Salaried,36800.0,Debt Consolidation,343300.0,319000.0,8.37,36,A,Completed,390400.0,7,Not Verified,Mobile App,2023
P2P100388,2022-05-17,Kolkata,Salaried,40200.0,Medical,242100.0,221200.0,12.73,24,B,Active,190600.0,5,Not Verified,Mobile App,2022
P2P101118,2025-08-01,Bengaluru,Salaried,49200.0,Debt Consolidation,187000.0,172900.0,9.2,12,A,Completed,196500.0,4,Verified,Mobile App,2025
P2P101961,2021-12-29,Ahmedabad,Salaried,50500.0,Medical,323100.0,302800.0,16.88,36,D,Active,261000.0,6,Verified,Web,2021
P2P100752,2025-10-18,Pune,Salaried,63700.0,Small Business,176900.0,170800.0,13.47,36,C,Late,94500.0,5,Not Verified,Mobile App,2025
P2P100912,2022-12-15,Unknown,Salaried,45800.0,Debt Consolidation,311100.0,307400.0,11.86,36,B,Completed,365600.0,7,Not Verified,Mobile App,2022
P2P100149,2021-06-07,Pune,Self-employed,48600.0,Education,70300.0,63500.0,20.55,48,E,Active,33200.0,2,Not Verified,Mobile App,2021
P2P100754,2023-04-24,Bengaluru,Salaried,25300.0,Home Improvement,140500.0,126800.0,9.27,48,A,Completed,176400.0,3,Verified,Web,2023
P2P100403,2024-02-27,Mumbai,Salaried,54400.0,Home Improvement,683600.0,631300.0,11.68,24,B,Completed,781300.0,22,Not Verified,Web,2024
P2P101274,2021-05-02,Bengaluru,Business Owner,29300.0,Education,127000.0,121200.0,12.13,36,B,Active,97300.0,4,Verified,Web,2021
P2P100341,2024-02-06,Mumbai,Salaried,37500.0,Small Business,462600.0,416400.0,7.5,36,A,Active,223700.0,16,Verified,Mobile App,2024
P2P101647,2022-01-20,Hyderabad,Salaried,85300.0,Education,193400.0,182400.0,12.93,60,B,Active,126000.0,6,Verified,Web,2022
P2P100988,2023-10-30,Hyderabad,Self-employed,54600.0,Education,392800.0,373900.0,17.29,12,D,Completed,450400.0,14,Verified,Mobile App,2023
P2P100201,2024-09-24,Chennai,Business Owner,67000.0,Travel,754100.0,698700.0,11.53,12,B,Completed,801500.0,20,Verified,Mobile App,2024
P2P101116,2024-06-21,Jaipur,Self-employed,36500.0,Vehicle,282400.0,264500.0,7.56,36,A,Completed,316100.0,6,Not Verified,Mobile App,2024
P2P100733,2024-10-29,Jaipur,Self-employed,113300.0,Debt Consolidation,215800.0,206600.0,18.57,48,E,Late,83600.0,5,Not Verified,Web,2024
P2P100541,2025-11-04,Mumbai,Salaried,127700.0,Small Business,210200.0,197900.0,9.63,24,A,Completed,231100.0,7,Verified,Mobile App,2025
P2P100692,2023-10-13,Mumbai,Salaried,89200.0,Medical,67700.0,64200.0,10.46,36,B,Active,40200.0,2,Verified,Mobile App,2023
P2P101467,2025-12-03,Ahmedabad,Business Owner,75200.0,Education,347500.0,320300.0,13.27,60,A,Completed,482100.0,8,Verified,Web,2025
P2P100610,2024-12-07,Delhi,Salaried,100500.0,Debt Consolidation,129100.0,117200.0,12.63,24,B,Active,86500.0,4,Verified,Mobile App,2024
P2P101976,2025-10-19,Bengaluru,Freelancer,78200.0,Wedding,283800.0,266500.0,9.12,36,A,Active,204200.0,7,Verified,Mobile App,2025
P2P100956,2023-07-24,Delhi,Self-employed,73700.0,Small Business,107900.0,101900.0,12.44,36,C,Defaulted,18300.0,2,Verified,Mobile App,2023
P2P100281,2025-08-17,Ahmedabad,Salaried,48700.0,Debt Consolidation,76800.0,72700.0,10.17,36,A,Active,63800.0,2,Verified,Mobile App,2025
P2P100411,2023-03-25,Bengaluru,Salaried,104900.0,Small Business,103000.0,97600.0,19.31,48,E,Active,83400.0,4,Verified,Mobile App,2023
P2P101823,2024-08-13,Delhi,Self-employed,47300.0,Vehicle,183400.0,175600.0,12.7,36,B,Defaulted,32100.0,4,Verified,Mobile App,2024
P2P101706,2021-11-20,Bengaluru,Salaried,107900.0,Wedding,132400.0,119200.0,9.38,36,A,Active,87000.0,4,Verified,Web,2021
P2P101641,2024-04-20,Hyderabad,Salaried,28700.0,Debt Consolidation,819000.0,777900.0,7.5,36,A,Completed,944300.0,28,Verified,Web,2024
P2P101515,2022-06-29,Pune,Salaried,42400.0,Vehicle,237000.0,232900.0,14.75,36,C,Completed,293300.0,9,Verified,Mobile App,2022
P2P100688,2023-01-10,Delhi,Salaried,53600.0,Home Improvement,164700.0,155000.0,8.28,24,A,Late,65700.0,5,Verified,Web,2023
P2P100336,2021-05-05,Kolkata,Salaried,30500.0,Home Improvement,105200.0,104200.0,13.11,60,C,Active,72400.0,3,Verified,Mobile App,2021
P2P100643,2022-08-05,Hyderabad,Business Owner,24500.0,Vehicle,115700.0,105800.0,12.45,36,C,Active,94600.0,3,Not Verified,Mobile App,2022
P2P100315,2025-06-10,Mumbai,Freelancer,89800.0,Travel,83100.0,77400.0,16.28,12,C,Active,52400.0,2,Verified,Web,2025
P2P100783,2022-11-07,Hyderabad,Salaried,47900.0,Travel,537900.0,530200.0,9.06,36,A,Completed,640400.0,11,Verified,Mobile App,2022
P2P101566,2023-10-09,Jaipur,Salaried,79200.0,Small Business,237300.0,225000.0,22.37,36,E,Completed,335000.0,7,Not Verified,Web,2023
P2P101916,2025-01-20,Mumbai,Salaried,21900.0,Home Improvement,37100.0,36000.0,9.58,48,A,Completed,46600.0,1,Not Verified,Web,2025
P2P101911,2023-02-27,Jaipur,Salaried,38600.0,Debt Consolidation,339900.0,330800.0,13.01,36,C,Completed,408600.0,7,Verified,Web,2023
P2P101275,2024-01-20,Hyderabad,Salaried,20900.0,Vehicle,77200.0,75400.0,12.55,12,B,Completed,84800.0,2,Verified,Mobile App,2024
P2P101735,2022-01-27,Bengaluru,Self-employed,27300.0,Debt Consolidation,180500.0,177200.0,13.52,24,C,Completed,213000.0,7,Verified,Web,2022
P2P100093,2025-03-09,Delhi,Salaried,36600.0,Debt Consolidation,127700.0,117200.0,12.79,36,C,Late,34700.0,4,Verified,Mobile App,2025
P2P100835,2024-02-17,Jaipur,Salaried,41000.0,Home Improvement,194100.0,186500.0,7.6,36,A,Completed,222900.0,6,Verified,Mobile App,2024
P2P100593,2022-05-27,Delhi,Salaried,40000.0,Education,106000.0,104700.0,12.51,36,B,Completed,129900.0,3,Verified,Mobile App,2022
P2P101960,2025-04-09,Bengaluru,Business Owner,119200.0,Debt Consolidation,393600.0,366100.0,14.56,36,C,Active,301900.0,13,Verified,Web,2025
P2P101451,2024-02-15,Hyderabad,Salaried,79200.0,Education,109300.0,106100.0,12.37,24,B,Completed,129300.0,3,Verified,Mobile App,2024
P2P100395,2023-05-05,Lucknow,Freelancer,86100.0,Wedding,1010600.0,1002000.0,15.83,24,C,Active,445100.0,32,Verified,Mobile App,2023
P2P101721,2022-02-24,Pune,Salaried,24300.0,Home Improvement,532900.0,484900.0,8.15,12,A,Completed,572500.0,11,Verified,Mobile App,2022
P2P101070,2023-01-24,Mumbai,Salaried,56500.0,Small Business,213000.0,202700.0,11.98,36,B,Completed,257200.0,4,Verified,Web,2023
P2P100576,2025-10-30,Chennai,Salaried,39500.0,Medical,99300.0,93400.0,12.9,24,C,Completed,114500.0,2,Not Verified,Mobile App,2025
P2P100574,2024-08-24,Jaipur,Self-employed,36700.0,Education,177200.0,176100.0,11.34,36,B,Active,132400.0,6,Verified,Mobile App,2024
P2P101840,2022-09-04,Ahmedabad,Self-employed,39500.0,Small Business,358900.0,340800.0,12.24,24,C,Completed,424700.0,13,Not Verified,Mobile App,2022
P2P101303,2021-06-09,Mumbai,Business Owner,63100.0,Education,384100.0,374900.0,11.63,60,B,Active,359300.0,13,Verified,Mobile App,2021
P2P100736,2025-08-01,Pune,Salaried,36200.0,Vehicle,528000.0,501700.0,15.91,36,C,Completed,657100.0,19,Verified,Mobile App,2025
P2P100280,2025-04-21,Mumbai,Salaried,61400.0,Debt Consolidation,147200.0,142700.0,14.89,24,C,Late,106800.0,3,Verified,Web,2025
P2P100338,2024-12-27,Mumbai,Business Owner,54000.0,Home Improvement,147400.0,136800.0,9.44,36,A,Completed,170500.0,3,Verified,Mobile App,2024
P2P100228,2023-08-12,Lucknow,Self-employed,38300.0,Medical,164700.0,163800.0,9.46,48,A,Completed,199400.0,4,Verified,Web,2023
P2P100009,2024-07-23,Pune,Self-employed,50600.0,Debt Consolidation,122400.0,121900.0,15.98,60,D,Late,103400.0,3,Verified,Web,2024
P2P101110,2022-03-23,Delhi,Freelancer,57500.0,Medical,122000.0,118500.0,9.89,48,B,Active,94800.0,2,Verified,Mobile App,2022
P2P101722,2022-01-06,Jaipur,Salaried,35900.0,Vehicle,229500.0,209800.0,10.91,24,B,Completed,253200.0,4,Verified,Web,2022
P2P101792,2025-02-08,Mumbai,Self-employed,44100.0,Debt Consolidation,116300.0,115300.0,14.19,24,C,Completed,134200.0,4,Not Verified,Web,2025
P2P100069,2021-08-17,Bengaluru,Self-employed,49000.0,Debt Consolidation,171200.0,156800.0,14.18,24,C,Completed,204600.0,4,Verified,Web,2021
P2P101824,2025-03-26,Chennai,Self-employed,81900.0,Home Improvement,202500.0,196500.0,12.91,12,C,Active,110600.0,6,Verified,Mobile App,2025
P2P101121,2025-08-15,Jaipur,Salaried,33000.0,Debt Consolidation,266000.0,263500.0,13.13,36,C,Active,209600.0,7,Verified,Mobile App,2025
P2P101366,2022-01-29,Delhi,Freelancer,44200.0,Medical,171600.0,159300.0,10.32,36,A,Completed,196800.0,3,Verified,Mobile App,2022
P2P101146,2025-08-03,Chennai,Business Owner,44200.0,Home Improvement,153600.0,140800.0,16.21,60,D,Defaulted,12600.0,4,Not Verified,Web,2025
P2P101181,2025-11-15,Mumbai,Salaried,42800.0,Debt Consolidation,88000.0,87300.0,10.97,24,B,Completed,100700.0,2,Verified,Web,2025
P2P101725,2024-12-09,Jaipur,Salaried,32900.0,Home Improvement,258100.0,249900.0,11.33,36,B,Active,134700.0,9,Verified,Mobile App,2024
P2P101593,2022-01-22,Chennai,Salaried,23000.0,Education,201300.0,182700.0,10.14,36,B,Active,139500.0,5,Verified,Mobile App,2022
P2P100025,2023-12-10,Bengaluru,Self-employed,43600.0,Home Improvement,198300.0,185500.0,10.4,36,A,Completed,236900.0,6,Verified,Web,2023
P2P100634,2024-04-08,Hyderabad,Business Owner,68300.0,Debt Consolidation,213100.0,208200.0,14.8,36,C,Active,177500.0,7,Verified,Web,2024
P2P100471,2021-02-07,Chennai,Business Owner,20300.0,Debt Consolidation,131800.0,121600.0,13.51,36,D,Completed,165400.0,3,Verified,Mobile App,2021
P2P100558,2021-03-30,Bengaluru,Self-employed,54400.0,Debt Consolidation,67600.0,63900.0,10.47,60,A,Completed,87500.0,2,Not Verified,Web,2021
P2P100294,2023-06-11,Delhi,Business Owner,100000.0,Education,193400.0,182500.0,11.76,36,C,Completed,235700.0,4,Verified,Web,2023
P2P100773,2022-01-20,Pune,Salaried,76500.0,Vehicle,836400.0,809200.0,12.42,36,B,Active,388100.0,20,Verified,Web,2022
P2P101803,2023-05-29,Lucknow,Salaried,32700.0,Vehicle,125900.0,123200.0,13.79,36,C,Completed,161200.0,4,Verified,Mobile App,2023
P2P101263,2023-03-08,Chennai,Salaried,64800.0,Home Improvement,298600.0,279400.0,12.45,36,C,Completed,368400.0,8,Verified,Mobile App,2023
P2P101895,2024-05-13,Hyderabad,Salaried,73500.0,Small Business,262600.0,247900.0,12.88,36,B,Completed,331500.0,7,Not Verified,Mobile App,2024
P2P101189,2023-02-19,Hyderabad,Freelancer,48800.0,Vehicle,252100.0,235200.0,10.22,12,A,Completed,270500.0,6,Verified,Web,2023
P2P101023,2025-09-28,Lucknow,Unknown,68100.0,Small Business,86000.0,81700.0,7.5,36,A,Active,42300.0,2,Verified,Mobile App,2025
P2P100121,2025-05-06,Bengaluru,Salaried,98800.0,Vehicle,149100.0,146800.0,12.22,36,B,Completed,186300.0,4,Verified,Mobile App,2025
P2P100906,2025-08-20,Bengaluru,Salaried,107500.0,Debt Consolidation,66400.0,66200.0,15.06,24,C,Defaulted,20600.0,1,Verified,Mobile App,2025
P2P101307,2025-01-10,Ahmedabad,Salaried,46500.0,Home Improvement,87000.0,78400.0,14.04,24,C,Active,37300.0,3,Verified,Web,2025
P2P101389,2025-11-24,Mumbai,Salaried,66100.0,Debt Consolidation,301500.0,293400.0,9.84,60,B,Completed,391100.0,7,Verified,Mobile App,2025
P2P101335,2025-11-30,Delhi,Freelancer,33600.0,Wedding,209400.0,192000.0,10.77,48,A,Active,147900.0,6,Verified,Mobile App,2025
P2P100511,2024-08-11,Bengaluru,Salaried,37700.0,Debt Consolidation,232500.0,212200.0,7.78,48,A,Active,161600.0,8,Verified,Web,2024
P2P100180,2022-02-12,Delhi,Salaried,22100.0,Education,215400.0,215100.0,18.67,60,D,Completed,329900.0,6,Verified,Web,2022
P2P101094,2024-03-10,Bengaluru,Salaried,24100.0,Vehicle,347200.0,343800.0,9.98,24,B,Completed,391200.0,10,Verified,Mobile App,2024
P2P101927,2024-07-03,Ahmedabad,Business Owner,49200.0,Medical,155600.0,149200.0,14.21,24,C,Late,114500.0,4,Not Verified,Mobile App,2024
P2P101560,2025-08-29,Ahmedabad,Self-employed,58800.0,Education,299100.0,282600.0,12.98,24,C,Completed,347300.0,7,Verified,Web,2025
P2P101184,2025-10-08,Kolkata,Freelancer,41500.0,Debt Consolidation,510600.0,505600.0,18.85,36,D,Completed,702300.0,12,Not Verified,Mobile App,2025
P2P100816,2024-03-19,Bengaluru,Freelancer,46700.0,Small Business,353400.0,337600.0,11.4,48,B,Completed,453300.0,7,Verified,Web,2024
P2P101942,2023-04-23,Chennai,Salaried,100500.0,Wedding,307600.0,305000.0,17.95,24,D,Completed,361200.0,11,Verified,Mobile App,2023
P2P100864,2023-11-11,Bengaluru,Salaried,52200.0,Medical,211100.0,202400.0,9.52,24,A,Completed,231200.0,8,Not Verified,Web,2023
P2P101083,2023-09-28,Hyderabad,Business Owner,49200.0,Debt Consolidation,137500.0,129300.0,13.11,36,B,Completed,164900.0,4,Not Verified,Web,2023
P2P101209,2022-12-28,Delhi,Unknown,120600.0,Home Improvement,46500.0,41900.0,7.6,12,B,Completed,50200.0,1,Verified,Mobile App,2022
P2P101989,2023-11-03,Kolkata,Self-employed,52900.0,Home Improvement,115000.0,104600.0,10.07,36,B,Completed,137700.0,4,Not Verified,Mobile App,2023
P2P101290,2021-08-29,Ahmedabad,Self-employed,72300.0,Debt Consolidation,179600.0,174000.0,12.02,12,C,Completed,193000.0,6,Verified,Mobile App,2021
P2P101746,2024-01-22,Pune,Self-employed,40000.0,Debt Consolidation,252100.0,247600.0,11.38,36,C,Defaulted,62700.0,6,Verified,Mobile App,2024
P2P101778,2023-11-05,Kolkata,Salaried,100300.0,Education,111900.0,107600.0,12.63,36,C,Active,74200.0,2,Verified,Web,2023
P2P100381,2021-12-28,Pune,Salaried,75900.0,Vehicle,73500.0,73300.0,10.88,48,A,Completed,92300.0,2,Verified,Web,2021
P2P100605,2022-01-04,Hyderabad,Self-employed,32600.0,Debt Consolidation,354500.0,323200.0,14.34,36,C,Completed,430700.0,8,Verified,Mobile App,2022
P2P101907,2025-11-09,Bengaluru,Salaried,33900.0,Education,221400.0,217300.0,8.88,36,A,Active,158400.0,5,Verified,Mobile App,2025
P2P101742,2025-02-03,Mumbai,Salaried,84200.0,Vehicle,238500.0,226800.0,12.33,36,B,Completed,292800.0,5,Verified,Web,2025
P2P100551,2024-03-21,Delhi,Freelancer,55800.0,Home Improvement,74500.0,68200.0,14.5,60,C,Active,61400.0,2,Verified,Web,2024
P2P101172,2025-12-08,Jaipur,Salaried,97600.0,Debt Consolidation,158200.0,155700.0,13.34,48,B,Completed,211400.0,4,Not Verified,Web,2025
P2P100252,2023-07-28,Mumbai,Salaried,39300.0,Wedding,221100.0,205500.0,15.09,12,C,Completed,244400.0,4,Verified,Web,2023
P2P101855,2025-09-22,Hyderabad,Salaried,59700.0,Small Business,107800.0,102600.0,7.5,36,A,Completed,125000.0,2,Not Verified,Mobile App,2025
P2P101500,2025-07-14,Chennai,Self-employed,40500.0,Small Business,305100.0,275200.0,13.56,36,B,Active,158500.0,6,Not Verified,Mobile App,2025
P2P100213,2024-10-09,Delhi,Salaried,58700.0,Debt Consolidation,166100.0,152200.0,14.2,24,C,Active,59700.0,5,Verified,Web,2024
P2P101465,2025-12-31,Delhi,Salaried,177100.0,Debt Consolidation,403500.0,399700.0,13.57,48,C,Completed,528000.0,8,Verified,Web,2025
P2P101705,2023-11-08,Bengaluru,Business Owner,57600.0,Travel,421600.0,406400.0,17.71,36,D,Active,348000.0,9,Verified,Web,2023
P2P101866,2025-10-15,Lucknow,Salaried,76100.0,Home Improvement,237300.0,233000.0,9.26,36,A,Completed,283800.0,5,Not Verified,Mobile App,2025
P2P100331,2023-06-03,Bengaluru,Salaried,46100.0,Debt Consolidation,589100.0,557300.0,13.51,12,C,Completed,656600.0,16,Not Verified,Mobile App,2023
P2P100433,2024-08-18,Jaipur,Salaried,72500.0,Travel,79300.0,73700.0,11.86,36,B,Completed,98400.0,2,Not Verified,Mobile App,2024
P2P100277,2025-04-25,Mumbai,Salaried,61700.0,Small Business,50800.0,48100.0,13.46,48,C,Completed,65300.0,2,Verified,Web,2025
P2P101779,2022-11-14,Jaipur,Business Owner,40200.0,Small Business,731600.0,660000.0,9.87,24,A,Completed,826600.0,17,Not Verified,Mobile App,2022
P2P101336,2024-10-06,Mumbai,Freelancer,46700.0,Small Business,582100.0,552800.0,10.87,36,B,Late,380000.0,15,Verified,Mobile App,2024
P2P101620,2025-01-30,Hyderabad,Salaried,93200.0,Debt Consolidation,255000.0,236100.0,10.28,36,A,Completed,300000.0,9,Not Verified,Web,2025
P2P100292,2021-04-25,Delhi,Salaried,41600.0,Debt Consolidation,240300.0,231300.0,15.34,48,C,Active,200200.0,5,Not Verified,Mobile App,2021
P2P100902,2021-03-23,Mumbai,Unknown,37600.0,Small Business,183100.0,178500.0,7.5,24,A,Completed,199800.0,6,Verified,Mobile App,2021
P2P100449,2023-07-11,Bengaluru,Salaried,82200.0,Debt Consolidation,390100.0,379400.0,12.06,48,B,Active,276300.0,11,Verified,Mobile App,2023
P2P101998,2021-07-31,Hyderabad,Business Owner,87500.0,Home Improvement,293900.0,274400.0,14.52,24,C,Active,113600.0,8,Not Verified,Mobile App,2021
P2P101806,2025-03-26,Bengaluru,Salaried,79500.0,Travel,205200.0,193200.0,14.4,60,C,Defaulted,95400.0,5,Verified,Web,2025
P2P101549,2021-05-13,Ahmedabad,Salaried,135400.0,Home Improvement,145200.0,134500.0,11.14,36,B,Completed,174200.0,5,Not Verified,Web,2021
P2P100146,2021-04-23,Mumbai,Self-employed,44700.0,Vehicle,925100.0,893400.0,13.32,60,B,Completed,1273000.0,20,Verified,Mobile App,2021
P2P100304,2024-09-17,Kolkata,Self-employed,25600.0,Debt Consolidation,460900.0,448700.0,14.73,24,C,Completed,557700.0,13,Verified,Mobile App,2024
P2P101512,2025-01-15,Lucknow,Freelancer,46000.0,Debt Consolidation,455800.0,417200.0,19.9,48,E,Active,288800.0,16,Verified,Mobile App,2025
P2P101709,2024-08-20,Hyderabad,Self-employed,48300.0,Debt Consolidation,400600.0,364300.0,12.69,24,C,Active,258400.0,9,Verified,Web,2024
P2P101873,2024-02-28,Lucknow,Self-employed,44500.0,Debt Consolidation,143100.0,131700.0,8.97,24,A,Active,71000.0,3,Verified,Mobile App,2024
P2P100941,2022-12-29,Ahmedabad,Salaried,37500.0,Debt Consolidation,218100.0,216800.0,15.98,24,D,Active,174400.0,6,Not Verified,Web,2022
P2P100068,2025-04-29,Delhi,Freelancer,45400.0,Debt Consolidation,256500.0,250100.0,9.91,24,A,Completed,287400.0,7,Verified,Mobile App,2025
P2P100020,2023-01-31,Unknown,Salaried,54800.0,Small Business,93000.0,92200.0,11.08,24,A,Active,32400.0,2,Not Verified,Mobile App,2023
P2P100325,2025-11-05,Bengaluru,Business Owner,65100.0,Vehicle,176400.0,171700.0,17.36,24,D,Active,64300.0,4,Verified,Mobile App,2025
P2P101285,2023-04-08,Mumbai,Salaried,34500.0,Education,286800.0,260800.0,7.5,24,A,Completed,308400.0,5,Verified,Mobile App,2023
P2P101831,2025-12-07,Mumbai,Unknown,62400.0,Home Improvement,126200.0,118900.0,7.92,24,A,Completed,141200.0,3,Verified,Mobile App,2025
P2P101434,2024-11-01,Mumbai,Salaried,25900.0,Home Improvement,200400.0,195700.0,8.93,36,A,Completed,231200.0,6,Verified,Mobile App,2024
P2P101425,2025-12-15,Hyderabad,Salaried,30800.0,Vehicle,220300.0,215600.0,11.89,24,B,Completed,252700.0,5,Verified,Web,2025
P2P101474,2023-09-02,Hyderabad,Self-employed,72100.0,Small Business,617400.0,564600.0,10.29,24,B,Completed,690800.0,18,Verified,Mobile App,2023
P2P100055,2024-07-18,Ahmedabad,Business Owner,144500.0,Vehicle,212000.0,208800.0,12.02,24,B,Active,167300.0,5,Verified,Web,2024
P2P100964,2023-08-05,Chennai,Self-employed,40900.0,Travel,340800.0,332100.0,12.87,48,B,Completed,451200.0,13,Verified,Mobile App,2023
P2P100932,2025-06-09,Bengaluru,Salaried,76300.0,Small Business,201800.0,189700.0,13.84,48,B,Completed,262900.0,4,Verified,Mobile App,2025
P2P101878,2024-03-03,Delhi,Self-employed,49100.0,Vehicle,455100.0,421100.0,14.54,36,C,Active,243100.0,9,Verified,Web,2024
P2P100151,2025-09-08,Pune,Salaried,33600.0,Home Improvement,123700.0,116200.0,11.7,12,B,Completed,135500.0,4,Not Verified,Mobile App,2025
P2P101662,2024-03-14,Pune,Salaried,76600.0,Education,188900.0,178400.0,13.69,36,C,Completed,229900.0,4,Verified,Mobile App,2024
P2P101122,2025-11-06,Bengaluru,Freelancer,87400.0,Debt Consolidation,237100.0,235000.0,12.03,12,B,Completed,254000.0,7,Verified,Web,2025
P2P101671,2023-07-20,Kolkata,Business Owner,41000.0,Debt Consolidation,381100.0,360600.0,11.08,36,B,Completed,463700.0,11,Verified,Mobile App,2023
P2P101131,2025-01-21,Mumbai,Salaried,67700.0,Vehicle,183200.0,174800.0,16.75,36,D,Completed,241000.0,5,Verified,Mobile App,2025
P2P100744,2024-02-23,Ahmedabad,Freelancer,42800.0,Debt Consolidation,83800.0,83400.0,10.4,24,B,Active,64200.0,2,Verified,Web,2024
P2P101693,2023-08-23,Mumbai,Self-employed,40000.0,Small Business,478100.0,473400.0,17.37,36,D,Active,235100.0,19,Verified,Mobile App,2023
P2P100750,2024-08-27,Delhi,Unknown,65800.0,Medical,105600.0,99200.0,11.23,24,B,Active,65900.0,3,Verified,Mobile App,2024
P2P100756,2025-04-19,Hyderabad,Business Owner,54300.0,Debt Consolidation,204200.0,192800.0,17.22,36,D,Late,117900.0,7,Not Verified,Mobile App,2025
P2P101049,2025-07-23,Mumbai,Salaried,36400.0,Home Improvement,271700.0,256900.0,12.51,60,B,Active,252500.0,10,Verified,Mobile App,2025
P2P100812,2025-06-14,Bengaluru,Business Owner,35900.0,Medical,178300.0,164700.0,18.47,12,D,Completed,203500.0,4,Verified,Web,2025
P2P100662,2025-12-15,Hyderabad,Self-employed,47200.0,Wedding,189600.0,183800.0,10.06,36,A,Active,89400.0,4,Verified,Mobile App,2025
P2P101558,2023-09-15,Hyderabad,Self-employed,70300.0,Education,836100.0,803300.0,15.14,60,C,Active,630200.0,31,Verified,Web,2023
P2P101830,2023-02-03,Bengaluru,Salaried,71600.0,Debt Consolidation,112200.0,101800.0,13.48,24,D,Late,33100.0,2,Not Verified,Mobile App,2023
P2P101107,2023-08-18,Bengaluru,Salaried,23700.0,Small Business,170800.0,160500.0,13.48,12,B,Completed,192700.0,4,Not Verified,Web,2023
P2P100256,2024-05-16,Pune,Self-employed,90700.0,Medical,888900.0,859400.0,7.71,36,A,Active,511900.0,19,Verified,Web,2024
P2P100935,2022-05-03,Lucknow,Salaried,49000.0,Small Business,311800.0,301200.0,11.37,36,B,Completed,385000.0,10,Verified,Web,2022
P2P100870,2025-10-25,Lucknow,Business Owner,49200.0,Home Improvement,226500.0,222500.0,13.82,12,C,Late,81400.0,5,Verified,Web,2025
P2P101847,2022-01-06,Ahmedabad,Salaried,61900.0,Travel,71300.0,64600.0,10.96,60,B,Active,28900.0,2,Verified,Mobile App,2022
P2P100893,2025-06-03,Jaipur,Self-employed,77000.0,Small Business,114200.0,110400.0,10.38,36,B,Completed,135900.0,2,Verified,Mobile App,2025
P2P100874,2023-09-11,Delhi,Salaried,64700.0,Home Improvement,172100.0,155300.0,13.17,36,B,Active,85200.0,4,Verified,Mobile App,2023
P2P100614,2021-09-08,Bengaluru,Salaried,30800.0,Small Business,291600.0,264300.0,10.29,60,B,Active,241200.0,7,Not Verified,Web,2021
P2P101404,2025-02-07,Delhi,Salaried,48100.0,Home Improvement,130000.0,118100.0,17.06,24,D,Late,37400.0,4,Verified,Mobile App,2025
P2P101101,2021-06-27,Bengaluru,Salaried,52300.0,Debt Consolidation,78400.0,76700.0,17.62,36,D,Completed,100700.0,2,Verified,Web,2021
P2P100389,2025-02-24,Mumbai,Salaried,68100.0,Small Business,306600.0,281800.0,12.55,12,C,Completed,329300.0,11,Verified,Web,2025
P2P100937,2021-02-26,Delhi,Business Owner,36100.0,Vehicle,127600.0,123200.0,11.5,12,A,Completed,142300.0,4,Verified,Mobile App,2021
P2P100407,2023-08-05,Delhi,Freelancer,106200.0,Home Improvement,551800.0,539600.0,13.28,48,B,Active,515700.0,18,Verified,Web,2023
P2P101316,2024-09-26,Lucknow,Salaried,107800.0,Small Business,102700.0,101700.0,14.52,24,C,Completed,119900.0,3,Not Verified,Mobile App,2024
P2P100795,2021-02-25,Hyderabad,Salaried,186300.0,Home Improvement,96800.0,93500.0,16.44,60,D,Completed,146700.0,2,Verified,Web,2021
P2P100716,2025-10-05,Delhi,Salaried,54400.0,Debt Consolidation,136500.0,123300.0,11.12,48,B,Active,108000.0,3,Verified,Mobile App,2025
P2P101135,2024-11-26,Hyderabad,Freelancer,38800.0,Debt Consolidation,237000.0,221500.0,13.92,24,C,Completed,282400.0,5,Verified,Mobile App,2024
P2P101649,2025-04-04,Delhi,Self-employed,29100.0,Medical,386700.0,373600.0,14.41,48,C,Completed,507800.0,9,Verified,Web,2025
P2P101024,2025-11-25,Kolkata,Self-employed,75600.0,Home Improvement,278300.0,257000.0,13.78,48,C,Late,157700.0,6,Verified,Mobile App,2025
P2P101056,2023-05-24,Bengaluru,Self-employed,49600.0,Travel,357600.0,329800.0,11.52,60,B,Active,204000.0,12,Verified,Mobile App,2023
P2P101750,2022-02-11,Chennai,Self-employed,32400.0,Wedding,332800.0,318600.0,8.86,24,A,Completed,360400.0,7,Not Verified,Web,2022
P2P100247,2023-10-18,Mumbai,Salaried,65600.0,Debt Consolidation,165800.0,155700.0,16.16,24,C,Active,104000.0,3,Verified,Mobile App,2023
P2P101863,2022-05-17,Bengaluru,Salaried,24800.0,Home Improvement,44000.0,42800.0,10.29,36,C,Completed,51600.0,1,Verified,Web,2022
P2P101153,2024-12-18,Lucknow,Business Owner,34200.0,Small Business,364700.0,345500.0,18.56,12,E,Active,249900.0,8,Verified,Mobile App,2024
P2P101835,2025-05-11,Bengaluru,Business Owner,36500.0,Education,101300.0,91700.0,9.84,12,A,Active,75400.0,4,Verified,Mobile App,2025
P2P100623,2023-06-30,Hyderabad,Salaried,22000.0,Home Improvement,106300.0,105000.0,12.81,36,C,Completed,131800.0,2,Verified,Mobile App,2023
P2P101966,2024-07-03,Bengaluru,Business Owner,34000.0,Vehicle,202900.0,187300.0,12.42,36,B,Active,79700.0,6,Verified,Web,2024
P2P100461,2021-12-26,Mumbai,Salaried,62900.0,Travel,101700.0,96300.0,11.34,24,B,Completed,116200.0,3,Verified,Mobile App,2021
P2P100487,2021-05-20,Lucknow,Salaried,33500.0,Education,342100.0,336900.0,10.6,36,B,Completed,407900.0,8,Verified,Web,2021
P2P101900,2025-04-07,Jaipur,Salaried,96000.0,Vehicle,252900.0,248300.0,10.38,24,A,Completed,294800.0,9,Verified,Mobile App,2025
P2P100091,2022-01-01,Delhi,Self-employed,26900.0,Small Business,612100.0,591300.0,15.94,36,D,Completed,763200.0,15,Verified,Mobile App,2022
P2P101230,2023-09-12,Delhi,Self-employed,72600.0,Debt Consolidation,490100.0,474900.0,16.27,24,C,Defaulted,155300.0,17,Not Verified,Mobile App,2023
P2P100493,2023-01-05,Delhi,Salaried,50300.0,Small Business,103600.0,95800.0,12.95,36,B,Active,72700.0,2,Verified,Mobile App,2023
P2P100171,2024-11-17,Bengaluru,Salaried,58300.0,Small Business,143400.0,136600.0,17.43,24,D,Completed,179200.0,3,Verified,Mobile App,2024
P2P101646,2025-03-02,Chennai,Salaried,79000.0,Debt Consolidation,147600.0,143500.0,13.32,36,C,Defaulted,46600.0,4,Verified,Web,2025
P2P100057,2021-09-28,Hyderabad,Business Owner,22500.0,Education,152500.0,151700.0,14.92,24,C,Completed,184100.0,4,Verified,Mobile App,2021
P2P100405,2023-03-27,Bengaluru,Freelancer,45700.0,Small Business,251300.0,243400.0,10.41,24,B,Late,78100.0,7,Not Verified,Mobile App,2023
P2P101266,2021-08-10,Bengaluru,Salaried,31700.0,Debt Consolidation,307800.0,284200.0,8.82,24,A,Completed,349400.0,10,Verified,Web,2021
P2P100600,2021-05-06,Pune,Salaried,56400.0,Debt Consolidation,252900.0,232300.0,10.56,36,B,Completed,290500.0,5,Verified,Web,2021
P2P101016,2025-09-30,Ahmedabad,Salaried,96200.0,Home Improvement,115100.0,115100.0,21.09,48,E,Defaulted,37300.0,3,Verified,Mobile App,2025
P2P101371,2025-11-26,Chennai,Salaried,63900.0,Debt Consolidation,112800.0,108200.0,11.77,36,C,Completed,141000.0,3,Verified,Mobile App,2025
P2P100098,2023-10-17,Ahmedabad,Salaried,28900.0,Medical,214700.0,199600.0,15.33,12,C,Active,140900.0,5,Verified,Mobile App,2023
P2P100827,2023-05-16,Mumbai,Self-employed,60000.0,Small Business,318800.0,305000.0,15.34,36,D,Completed,398200.0,6,Verified,Mobile App,2023
P2P101141,2025-05-27,Lucknow,Salaried,57300.0,Home Improvement,116900.0,110600.0,12.91,48,B,Completed,155100.0,3,Verified,Mobile App,2025
P2P101226,2024-09-18,Lucknow,Salaried,45900.0,Wedding,293200.0,268100.0,13.19,12,C,Active,205000.0,8,Verified,Mobile App,2024
P2P101876,2024-04-24,Pune,Salaried,109400.0,Home Improvement,314500.0,295000.0,11.92,24,B,Active,218200.0,8,Verified,Mobile App,2024
P2P100480,2024-03-26,Bengaluru,Unknown,55200.0,Vehicle,409500.0,403800.0,19.8,24,E,Defaulted,89900.0,15,Not Verified,Web,2024
P2P100324,2023-01-10,Delhi,Salaried,21900.0,Home Improvement,252400.0,238200.0,9.61,36,A,Completed,299500.0,8,Verified,Web,2023
P2P101218,2024-11-22,Chennai,Self-employed,74400.0,Debt Consolidation,169100.0,165700.0,12.94,12,C,Completed,187400.0,3,Not Verified,Mobile App,2024
P2P101468,2023-09-07,Chennai,Business Owner,93000.0,Small Business,69500.0,63400.0,9.32,36,A,Active,42100.0,2,Not Verified,Mobile App,2023
P2P101796,2021-09-17,Bengaluru,Business Owner,92800.0,Small Business,268300.0,268000.0,15.19,36,C,Defaulted,96200.0,7,Verified,Mobile App,2021
P2P101479,2025-04-24,Ahmedabad,Business Owner,46200.0,Education,163400.0,158100.0,9.46,36,A,Active,80600.0,5,Verified,Web,2025
P2P101553,2025-05-21,Chennai,Freelancer,35100.0,Medical,151900.0,149900.0,12.94,36,C,Completed,187400.0,6,Verified,Mobile App,2025
P2P101785,2024-10-20,Lucknow,Salaried,22500.0,Vehicle,117200.0,106400.0,14.03,36,C,Active,90300.0,2,Verified,Mobile App,2024
P2P101575,2022-08-17,Bengaluru,Self-employed,42100.0,Wedding,754500.0,726100.0,10.32,24,A,Completed,880200.0,17,Verified,Web,2022
P2P100099,2021-03-19,Mumbai,Salaried,63800.0,Vehicle,256100.0,254300.0,14.47,60,C,Late,184300.0,7,Verified,Mobile App,2021
P2P100425,2021-06-26,Hyderabad,Salaried,38200.0,Debt Consolidation,1500000.0,1469600.0,15.89,36,D,Completed,1948800.0,35,Verified,Web,2021
P2P100297,2025-03-20,Delhi,Salaried,24900.0,Debt Consolidation,109800.0,108300.0,10.62,24,B,Completed,126800.0,3,Verified,Mobile App,2025
P2P100738,2025-05-17,Bengaluru,Salaried,38700.0,Education,218900.0,216700.0,19.77,36,E,Active,200900.0,7,Verified,Web,2025
P2P101885,2022-04-06,Bengaluru,Salaried,70700.0,Wedding,95900.0,89300.0,8.76,60,A,Active,44000.0,3,Not Verified,Mobile App,2022
P2P100903,2022-05-26,Bengaluru,Salaried,25100.0,Debt Consolidation,106200.0,100100.0,12.77,24,B,Completed,123300.0,3,Verified,Mobile App,2022
P2P100602,2023-01-07,Pune,Business Owner,44600.0,Debt Consolidation,244200.0,226200.0,11.44,36,B,Completed,291700.0,8,Verified,Mobile App,2023
P2P101000,2023-11-21,Pune,Self-employed,43600.0,Vehicle,381500.0,381400.0,15.87,24,D,Completed,449900.0,9,Verified,Web,2023
P2P101805,2023-05-22,Bengaluru,Salaried,54100.0,Debt Consolidation,317200.0,298200.0,14.43,24,C,Completed,383000.0,7,Verified,Mobile App,2023
P2P100396,2025-10-06,Mumbai,Business Owner,91300.0,Home Improvement,88600.0,83200.0,9.62,36,A,Completed,101700.0,2,Not Verified,Web,2025
P2P100427,2023-11-12,Lucknow,Salaried,34400.0,Debt Consolidation,287800.0,286700.0,15.75,24,C,Completed,338600.0,9,Not Verified,Mobile App,2023
P2P101801,2025-11-07,Bengaluru,Salaried,44300.0,Debt Consolidation,56100.0,54600.0,14.44,24,C,Completed,64200.0,2,Verified,Mobile App,2025
P2P101584,2024-02-14,Bengaluru,Self-employed,68100.0,Vehicle,108000.0,100600.0,14.66,36,C,Completed,138900.0,2,Verified,Web,2024
P2P101550,2024-09-10,Chennai,Salaried,47900.0,Education,198800.0,186700.0,12.91,60,C,Late,54800.0,5,Verified,Mobile App,2024
P2P101556,2022-08-06,Hyderabad,Self-employed,36900.0,Medical,171300.0,161100.0,13.96,60,C,Completed,241600.0,3,Not Verified,Mobile App,2022
P2P101039,2021-07-20,Hyderabad,Self-employed,42000.0,Debt Consolidation,119800.0,118100.0,11.87,24,B,Completed,138300.0,3,Verified,Mobile App,2021
P2P100253,2025-06-29,Delhi,Salaried,48500.0,Small Business,406100.0,397000.0,10.35,24,B,Completed,446700.0,12,Verified,Web,2025
P2P100239,2024-09-29,Ahmedabad,Self-employed,62400.0,Debt Consolidation,178600.0,166500.0,17.84,36,D,Completed,234000.0,5,Verified,Web,2024
P2P101145,2022-12-13,Jaipur,Salaried,78000.0,Debt Consolidation,130800.0,125000.0,9.9,36,B,Active,77100.0,3,Verified,Mobile App,2022
P2P100845,2022-03-11,Jaipur,Salaried,71700.0,Medical,187300.0,182200.0,12.34,36,C,Active,72100.0,5,Verified,Web,2022
P2P101310,2025-05-15,Bengaluru,Business Owner,18000.0,Education,332600.0,321300.0,14.75,36,C,Active,186200.0,7,Verified,Web,2025
P2P100846,2023-09-22,Mumbai,Salaried,18000.0,Home Improvement,161000.0,160900.0,10.78,12,B,Completed,170200.0,4,Verified,Mobile App,2023
P2P100555,2025-07-31,Kolkata,Salaried,58900.0,Debt Consolidation,251800.0,233900.0,9.23,36,A,Completed,299000.0,5,Not Verified,Mobile App,2025
P2P101221,2025-10-31,Lucknow,Salaried,59500.0,Education,408900.0,371900.0,17.12,36,D,Defaulted,42400.0,11,Verified,Web,2025
P2P101370,2022-10-05,Jaipur,Salaried,22200.0,Small Business,283200.0,282100.0,15.15,36,C,Active,180700.0,7,Verified,Mobile App,2022
P2P100546,2023-06-07,Bengaluru,Business Owner,68100.0,Education,238100.0,218400.0,10.1,24,B,Active,185700.0,5,Verified,Mobile App,2023
P2P100251,2023-02-06,Hyderabad,Salaried,65800.0,Debt Consolidation,309900.0,293300.0,14.86,36,C,Completed,405100.0,6,Verified,Mobile App,2023
P2P100740,2023-07-13,Jaipur,Self-employed,54400.0,Debt Consolidation,266600.0,244600.0,14.56,12,C,Completed,290000.0,8,Not Verified,Web,2023
P2P100965,2023-01-26,Mumbai,Salaried,81500.0,Vehicle,187400.0,169000.0,11.87,24,B,Active,66300.0,6,Verified,Mobile App,2023
P2P101670,2025-05-18,Delhi,Self-employed,73500.0,Home Improvement,347100.0,316300.0,10.75,12,B,Active,239400.0,10,Verified,Mobile App,2025
P2P100199,2025-08-13,Mumbai,Salaried,95500.0,Education,1121200.0,1084100.0,22.04,24,E,Defaulted,90300.0,35,Verified,Mobile App,2025
P2P101437,2023-03-04,Mumbai,Salaried,60500.0,Debt Consolidation,400900.0,361100.0,12.45,24,B,Active,272900.0,13,Verified,Mobile App,2023
P2P101510,2025-03-14,Jaipur,Salaried,50800.0,Debt Consolidation,139400.0,129000.0,11.83,12,B,Late,54200.0,3,Not Verified,Mobile App,2025
P2P101455,2021-04-04,Ahmedabad,Self-employed,35800.0,Travel,363700.0,344700.0,10.84,36,B,Active,232200.0,13,Verified,Web,2021
P2P100898,2025-08-25,Bengaluru,Salaried,28300.0,Debt Consolidation,163300.0,161700.0,17.35,48,D,Active,146400.0,3,Verified,Web,2025
P2P101771,2023-12-16,Hyderabad,Self-employed,41600.0,Education,418100.0,385800.0,15.94,36,D,Active,178300.0,11,Verified,Web,2023
P2P101743,2025-03-19,Kolkata,Business Owner,84500.0,Small Business,128400.0,128000.0,11.82,24,B,Completed,150700.0,3,Verified,Mobile App,2025
P2P101315,2023-12-03,Bengaluru,Salaried,59200.0,Debt Consolidation,425700.0,398200.0,8.67,60,A,Completed,533100.0,8,Not Verified,Web,2023
P2P100990,2025-05-20,Bengaluru,Business Owner,41200.0,Vehicle,273800.0,267500.0,12.06,48,A,Active,119700.0,10,Verified,Mobile App,2025
P2P101041,2024-04-20,Kolkata,Business Owner,80700.0,Debt Consolidation,545400.0,544600.0,11.51,60,B,Completed,722600.0,16,Verified,Web,2024
P2P101183,2024-09-09,Kolkata,Salaried,47200.0,Home Improvement,83400.0,82200.0,8.61,36,A,Completed,97100.0,3,Verified,Mobile App,2024
P2P100244,2023-06-30,Kolkata,Salaried,46600.0,Travel,769500.0,767600.0,14.96,60,C,Active,633700.0,19,Verified,Web,2023
P2P100067,2022-02-20,Hyderabad,Salaried,38000.0,Debt Consolidation,633200.0,631200.0,11.92,60,C,Completed,873500.0,14,Not Verified,Web,2022
P2P101917,2025-08-12,Chennai,Freelancer,49800.0,Small Business,476000.0,455100.0,16.32,36,D,Completed,605600.0,17,Not Verified,Mobile App,2025
P2P100934,2024-03-29,Bengaluru,Salaried,98100.0,Education,93700.0,85000.0,18.02,24,D,Late,65200.0,2,Verified,Web,2024
P2P100360,2024-06-14,Chennai,Salaried,41400.0,Debt Consolidation,88600.0,87300.0,9.46,36,A,Completed,103000.0,2,Verified,Web,2024
P2P100096,2024-02-10,Kolkata,Salaried,30800.0,Vehicle,245500.0,244600.0,11.98,12,B,Active,183200.0,7,Verified,Mobile App,2024
P2P101656,2025-10-14,Kolkata,Salaried,145300.0,Debt Consolidation,112300.0,106500.0,9.8,24,B,Active,41800.0,3,Verified,Web,2025
P2P101529,2025-04-30,Unknown,Salaried,50400.0,Travel,113500.0,110900.0,12.77,24,B,Active,72400.0,3,Not Verified,Mobile App,2025
P2P101497,2024-08-20,Bengaluru,Salaried,58700.0,Vehicle,204100.0,200700.0,13.1,48,C,Active,143000.0,5,Verified,Mobile App,2024
P2P101955,2025-12-29,Jaipur,Salaried,91100.0,Debt Consolidation,343600.0,328900.0,11.65,24,B,Completed,399100.0,10,Verified,Web,2025
P2P101602,2023-04-02,Mumbai,Salaried,32400.0,Medical,214100.0,197700.0,11.74,36,B,Completed,254500.0,7,Not Verified,Mobile App,2023
P2P101972,2025-06-05,Pune,Salaried,46200.0,Education,405200.0,401700.0,9.11,36,A,Active,148700.0,12,Not Verified,Mobile App,2025
P2P100522,2023-07-20,Mumbai,Salaried,70700.0,Debt Consolidation,144300.0,141500.0,10.38,36,A,Completed,175200.0,3,Not Verified,Web,2023
P2P101862,2024-10-15,Mumbai,Salaried,54500.0,Medical,205900.0,205400.0,12.45,24,B,Completed,240100.0,5,Verified,Web,2024
P2P101555,2022-09-13,Pune,Business Owner,32000.0,Debt Consolidation,126000.0,116200.0,9.33,60,A,Active,97600.0,4,Verified,Mobile App,2022
P2P101433,2024-02-02,Mumbai,Self-employed,58000.0,Small Business,531700.0,498700.0,13.87,24,C,Completed,636300.0,15,Verified,Mobile App,2024
P2P100975,2021-04-06,Pune,Salaried,34200.0,Home Improvement,166900.0,150900.0,20.66,60,E,Active,120500.0,4,Not Verified,Mobile App,2021
P2P100666,2022-03-20,Kolkata,Self-employed,53100.0,Debt Consolidation,266800.0,250400.0,8.94,24,A,Completed,297700.0,9,Verified,Mobile App,2022
P2P100362,2024-09-26,Hyderabad,Self-employed,18000.0,Home Improvement,648900.0,642900.0,8.39,36,A,Completed,740700.0,20,Verified,Mobile App,2024
P2P101457,2024-12-05,Pune,Salaried,29200.0,Education,202600.0,190500.0,12.45,24,B,Completed,228100.0,6,Verified,Mobile App,2024
P2P101456,2025-10-07,Lucknow,Salaried,156100.0,Debt Consolidation,159400.0,151600.0,9.82,24,A,Completed,179600.0,4,Verified,Web,2025
P2P100485,2024-06-27,Mumbai,Salaried,85300.0,Education,331200.0,311800.0,14.22,48,C,Active,302400.0,11,Verified,Mobile App,2024
P2P101176,2024-04-20,Hyderabad,Business Owner,60100.0,Debt Consolidation,618700.0,557500.0,16.68,24,C,Completed,761000.0,13,Verified,Web,2024
P2P101352,2024-06-19,Bengaluru,Freelancer,68300.0,Home Improvement,590300.0,568900.0,9.5,36,A,Completed,694500.0,12,Verified,Mobile App,2024
P2P101281,2024-08-18,Pune,Freelancer,54300.0,Education,81200.0,78600.0,20.95,36,E,Defaulted,22900.0,3,Verified,Mobile App,2024
P2P100312,2021-08-29,Hyderabad,Unknown,147800.0,Vehicle,197400.0,186500.0,15.22,36,D,Defaulted,42500.0,7,Not Verified,Web,2021
P2P101784,2024-09-16,Bengaluru,Salaried,61100.0,Vehicle,246600.0,235300.0,9.41,12,A,Completed,256700.0,5,Verified,Mobile App,2024
P2P101329,2024-10-19,Mumbai,Salaried,89100.0,Debt Consolidation,809600.0,795800.0,15.2,48,C,Completed,1085100.0,16,Verified,Mobile App,2024
P2P100843,2022-05-18,Bengaluru,Salaried,63200.0,Wedding,166500.0,150700.0,13.77,24,C,Completed,189700.0,5,Verified,Mobile App,2022
P2P100414,2024-06-11,Delhi,Self-employed,67700.0,Debt Consolidation,318000.0,301300.0,11.56,48,B,Completed,418500.0,8,Verified,Mobile App,2024
P2P101158,2025-08-05,Hyderabad,Self-employed,30000.0,Debt Consolidation,193000.0,180100.0,14.61,36,C,Active,110000.0,4,Verified,Web,2025
P2P100032,2022-05-01,Delhi,Salaried,48300.0,Education,349600.0,334600.0,8.3,36,A,Completed,404400.0,12,Verified,Mobile App,2022
P2P100766,2024-06-05,Jaipur,Freelancer,50100.0,Travel,319400.0,291700.0,16.05,24,C,Completed,393200.0,9,Verified,Web,2024
P2P100459,2021-06-22,Bengaluru,Salaried,79500.0,Education,413700.0,405500.0,18.72,24,E,Defaulted,118700.0,14,Verified,Web,2021
P2P101186,2025-10-14,Jaipur,Freelancer,67700.0,Education,478400.0,451900.0,15.57,12,D,Active,296000.0,12,Verified,Mobile App,2025
P2P100340,2021-10-27,Mumbai,Salaried,123400.0,Home Improvement,133300.0,131800.0,12.82,24,B,Completed,149700.0,4,Verified,Mobile App,2021
P2P100287,2023-12-28,Ahmedabad,Business Owner,37000.0,Travel,139600.0,139100.0,22.31,24,E,Active,87800.0,3,Verified,Web,2023
P2P101273,2025-04-02,Chennai,Salaried,39500.0,Small Business,286300.0,260800.0,9.2,36,A,Active,194800.0,8,Verified,Web,2025
P2P101981,2022-06-06,Mumbai,Self-employed,79100.0,Vehicle,433100.0,432200.0,12.01,12,B,Completed,469700.0,14,Verified,Mobile App,2022
P2P100950,2024-07-17,Bengaluru,Business Owner,39500.0,Wedding,654500.0,603400.0,10.79,36,B,Late,421800.0,13,Verified,Mobile App,2024
P2P101604,2023-06-01,Jaipur,Self-employed,53300.0,Debt Consolidation,97100.0,89600.0,20.97,24,E,Late,29900.0,3,Verified,Mobile App,2023
P2P100140,2025-11-26,Kolkata,Salaried,51900.0,Vehicle,546300.0,545700.0,10.13,12,A,Completed,569400.0,16,Verified,Web,2025
P2P100849,2024-02-22,Pune,Business Owner,74900.0,Education,337600.0,324200.0,9.58,36,A,Active,117000.0,10,Not Verified,Mobile App,2024
P2P101688,2024-01-30,Delhi,Business Owner,71400.0,Home Improvement,133300.0,127200.0,11.54,60,B,Active,65500.0,3,Verified,Mobile App,2024
P2P101026,2024-01-11,Hyderabad,Salaried,66100.0,Home Improvement,442300.0,404800.0,9.06,24,A,Completed,482700.0,16,Not Verified,Web,2024
P2P101761,2023-12-06,Pune,Business Owner,28000.0,Debt Consolidation,391200.0,369200.0,14.59,60,C,Completed,574700.0,9,Verified,Mobile App,2023
P2P101232,2022-09-17,Hyderabad,Salaried,45100.0,Medical,149200.0,145400.0,13.04,24,C,Completed,168100.0,4,Verified,Mobile App,2022
P2P101654,2023-06-11,Ahmedabad,Salaried,141500.0,Debt Consolidation,346100.0,342800.0,12.46,24,C,Completed,388200.0,11,Not Verified,Mobile App,2023
P2P101139,2024-01-20,Chennai,Self-employed,121700.0,Education,70200.0,66500.0,15.82,12,D,Completed,77800.0,2,Not Verified,Web,2024
P2P100901,2022-07-27,Mumbai,Salaried,79300.0,Debt Consolidation,159900.0,157800.0,13.18,12,C,Late,86600.0,6,Verified,Mobile App,2022
P2P100732,2025-05-15,Mumbai,Salaried,35300.0,Education,102200.0,98500.0,14.75,48,D,Completed,142000.0,3,Verified,Web,2025
P2P101844,2024-08-10,Hyderabad,Salaried,54400.0,Home Improvement,455000.0,440200.0,12.18,48,B,Active,207500.0,14,Not Verified,Web,2024
P2P100265,2025-08-01,Ahmedabad,Self-employed,106800.0,Medical,489500.0,447400.0,13.25,36,C,Defaulted,47000.0,10,Not Verified,Web,2025
P2P100275,2024-03-08,Pune,Self-employed,41800.0,Travel,222400.0,211500.0,10.95,24,A,Active,148300.0,7,Verified,Web,2024
P2P101095,2022-09-19,Delhi,Salaried,102700.0,Debt Consolidation,332800.0,314600.0,11.89,24,B,Completed,393700.0,9,Verified,Mobile App,2022
P2P101665,2025-12-22,Delhi,Self-employed,87400.0,Education,160300.0,148300.0,19.18,36,D,Active,104100.0,4,Verified,Mobile App,2025
P2P100445,2025-05-13,Pune,Salaried,35800.0,Home Improvement,206200.0,196300.0,17.85,36,D,Active,158800.0,7,Verified,Mobile App,2025
P2P100040,2023-11-09,Ahmedabad,Salaried,52300.0,Debt Consolidation,217700.0,211900.0,12.46,24,B,Active,147400.0,7,Verified,Mobile App,2023
P2P101123,2025-07-13,Hyderabad,Salaried,24500.0,Debt Consolidation,387000.0,350400.0,10.72,36,B,Active,321300.0,10,Verified,Mobile App,2025
P2P101265,2021-02-05,Kolkata,Freelancer,46800.0,Vehicle,115900.0,111900.0,9.96,12,B,Completed,123300.0,2,Verified,Mobile App,2021
P2P100022,2022-02-17,Ahmedabad,Salaried,99000.0,Education,639400.0,630500.0,11.57,60,B,Active,257100.0,23,Verified,Mobile App,2022
P2P100706,2025-12-19,Ahmedabad,Salaried,101100.0,Vehicle,416000.0,404000.0,9.2,36,A,Completed,487600.0,11,Verified,Mobile App,2025
P2P101439,2022-07-13,Mumbai,Salaried,75700.0,Wedding,129600.0,119500.0,12.22,12,B,Active,60500.0,3,Verified,Web,2022
P2P100518,2025-05-10,Chennai,Business Owner,43100.0,Education,261800.0,240100.0,17.1,36,D,Active,210300.0,6,Verified,Web,2025
P2P101174,2022-11-26,Kolkata,Salaried,119800.0,Debt Consolidation,224600.0,214200.0,14.74,12,C,Active,146100.0,5,Verified,Mobile App,2022
P2P101672,2025-08-02,Pune,Salaried,43700.0,Debt Consolidation,325700.0,299000.0,16.41,24,D,Completed,393400.0,8,Verified,Mobile App,2025
P2P100355,2021-08-05,Jaipur,Salaried,31100.0,Small Business,174600.0,173400.0,11.63,36,B,Active,84900.0,4,Verified,Web,2021
P2P100298,2022-08-15,Bengaluru,Salaried,120400.0,Debt Consolidation,275400.0,252800.0,8.01,24,A,Completed,313400.0,7,Verified,Web,2022
P2P101077,2023-07-27,Pune,Self-employed,71200.0,Travel,169700.0,155600.0,11.88,60,B,Completed,222900.0,5,Verified,Web,2023
P2P100840,2024-09-09,Lucknow,Salaried,65700.0,Home Improvement,196100.0,186600.0,9.08,36,B,Active,75200.0,5,Verified,Mobile App,2024
P2P101223,2023-10-26,Bengaluru,Salaried,53200.0,Debt Consolidation,120800.0,114300.0,8.97,36,A,Active,100200.0,2,Not Verified,Mobile App,2023
P2P100925,2023-10-12,Pune,Salaried,53600.0,Home Improvement,159800.0,149400.0,10.63,60,B,Active,64000.0,4,Verified,Mobile App,2023
P2P100123,2023-03-23,Bengaluru,Self-employed,42900.0,Travel,327800.0,320700.0,10.77,24,B,Active,188000.0,8,Verified,Mobile App,2023
P2P101228,2022-12-30,Bengaluru,Business Owner,21900.0,Home Improvement,199300.0,197400.0,10.5,24,B,Active,141400.0,6,Verified,Web,2022
P2P101092,2024-10-05,Jaipur,Salaried,47100.0,Travel,215600.0,199500.0,8.4,36,A,Completed,245300.0,6,Verified,Web,2024
P2P101248,2021-04-10,Ahmedabad,Business Owner,117100.0,Home Improvement,57900.0,52700.0,10.66,24,A,Completed,67100.0,1,Verified,Web,2021
P2P101152,2025-06-12,Bengaluru,Salaried,87100.0,Debt Consolidation,255500.0,245600.0,15.03,48,C,Completed,352200.0,6,Not Verified,Web,2025
P2P101680,2024-12-14,Bengaluru,Salaried,43800.0,Home Improvement,158600.0,143700.0,11.21,12,B,Active,56600.0,4,Verified,Web,2024
P2P101164,2025-02-15,Chennai,Salaried,37300.0,Education,97700.0,94700.0,11.31,36,A,Active,72300.0,2,Verified,Mobile App,2025
P2P100418,2023-04-12,Jaipur,Salaried,81000.0,Debt Consolidation,130700.0,128100.0,11.63,24,B,Active,101800.0,5,Verified,Web,2023
P2P100967,2025-01-16,Ahmedabad,Freelancer,59700.0,Small Business,703000.0,663400.0,10.47,36,B,Active,564100.0,14,Verified,Web,2025
P2P101243,2025-03-22,Bengaluru,Salaried,88500.0,Education,549600.0,499800.0,10.94,24,A,Active,307100.0,12,Verified,Mobile App,2025
P2P101571,2024-07-01,Delhi,Freelancer,199700.0,Home Improvement,178700.0,175100.0,10.67,36,B,Completed,213900.0,5,Verified,Mobile App,2024
P2P100158,2025-03-10,Chennai,Business Owner,58200.0,Home Improvement,618200.0,572500.0,12.45,24,B,Completed,693600.0,14,Verified,Web,2025
P2P101119,2022-12-09,Chennai,Self-employed,45400.0,Debt Consolidation,266000.0,245300.0,10.12,12,B,Completed,283800.0,7,Not Verified,Mobile App,2022
P2P101280,2024-02-17,Pune,Salaried,74300.0,Vehicle,88000.0,84600.0,19.76,12,D,Active,53700.0,2,Verified,Web,2024
P2P101616,2024-11-05,Hyderabad,Business Owner,44800.0,Debt Consolidation,155000.0,153500.0,9.55,36,A,Completed,181400.0,5,Verified,Web,2024
P2P101668,2025-10-06,Chennai,Business Owner,91600.0,Debt Consolidation,137000.0,132300.0,10.85,12,B,Completed,143300.0,3,Verified,Web,2025
P2P101763,2021-10-28,Delhi,Freelancer,37000.0,Education,90600.0,82400.0,20.24,12,D,Active,53500.0,2,Verified,Mobile App,2021
P2P101064,2023-09-28,Kolkata,Salaried,77600.0,Medical,82900.0,75300.0,10.1,24,B,Completed,94700.0,3,Not Verified,Web,2023
P2P101155,2024-08-19,Mumbai,Self-employed,36500.0,Home Improvement,365600.0,361500.0,15.6,24,C,Active,199500.0,14,Verified,Web,2024
P2P101996,2024-10-16,Mumbai,Self-employed,65200.0,Home Improvement,612200.0,608000.0,9.04,36,A,Completed,715500.0,18,Verified,Mobile App,2024
P2P100190,2022-10-15,Bengaluru,Self-employed,36600.0,Small Business,117000.0,116000.0,14.45,24,C,Completed,133200.0,4,Verified,Mobile App,2022
P2P101952,2022-08-26,Bengaluru,Salaried,34700.0,Vehicle,133500.0,132900.0,9.36,24,A,Active,79900.0,3,Verified,Mobile App,2022
P2P100590,2022-03-18,Kolkata,Self-employed,269200.0,Small Business,310700.0,294500.0,10.41,12,B,Completed,331600.0,7,Not Verified,Mobile App,2022
P2P101427,2021-01-16,Bengaluru,Freelancer,65000.0,Education,162900.0,149900.0,14.11,36,C,Late,50200.0,3,Verified,Web,2021
P2P100761,2022-03-18,Mumbai,Salaried,39900.0,Debt Consolidation,285400.0,282400.0,12.59,60,C,Active,211500.0,6,Verified,Mobile App,2022
P2P101063,2025-03-18,Chennai,Salaried,87700.0,Medical,452900.0,440800.0,14.02,36,C,Completed,569700.0,11,Not Verified,Web,2025
P2P100243,2025-09-17,Pune,Unknown,57100.0,Medical,228900.0,223800.0,10.7,36,B,Active,161400.0,7,Not Verified,Web,2025
P2P100885,2025-04-27,Lucknow,Salaried,21700.0,Debt Consolidation,72400.0,66800.0,9.89,12,A,Completed,76200.0,2,Verified,Mobile App,2025
P2P101378,2024-03-13,Delhi,Salaried,37100.0,Debt Consolidation,219000.0,206000.0,12.08,24,B,Completed,253100.0,6,Not Verified,Web,2024
P2P100621,2022-06-02,Bengaluru,Business Owner,66800.0,Vehicle,108500.0,99100.0,12.3,36,B,Active,87300.0,2,Verified,Web,2022
P2P100651,2021-09-24,Bengaluru,Salaried,28400.0,Debt Consolidation,119500.0,118600.0,12.32,36,B,Completed,144900.0,3,Verified,Mobile App,2021
P2P101559,2025-06-15,Hyderabad,Salaried,138600.0,Debt Consolidation,326100.0,319000.0,10.6,24,B,Completed,367100.0,8,Not Verified,Mobile App,2025
P2P100504,2025-05-14,Bengaluru,Salaried,52000.0,Travel,59400.0,57000.0,14.68,36,C,Completed,73900.0,1,Verified,Mobile App,2025
P2P100923,2025-08-22,Mumbai,Self-employed,54700.0,Vehicle,83300.0,79000.0,15.74,36,C,Completed,109900.0,2,Verified,Mobile App,2025
P2P100160,2025-01-27,Ahmedabad,Salaried,31100.0,Small Business,54000.0,51600.0,12.45,36,B,Active,22300.0,2,Verified,Web,2025
P2P101419,2023-12-02,Bengaluru,Salaried,50900.0,Debt Consolidation,178100.0,177900.0,10.61,60,A,Completed,230400.0,4,Not Verified,Mobile App,2023
P2P100883,2021-03-02,Delhi,Business Owner,56100.0,Debt Consolidation,196800.0,193200.0,11.1,36,A,Completed,232600.0,4,Verified,Mobile App,2021
P2P100538,2022-10-28,Jaipur,Self-employed,49000.0,Debt Consolidation,323300.0,303800.0,13.92,36,C,Completed,416000.0,6,Verified,Web,2022
P2P101720,2022-10-08,Lucknow,Salaried,42600.0,Debt Consolidation,325800.0,316600.0,16.08,48,D,Completed,465100.0,11,Verified,Mobile App,2022
P2P100241,2025-10-18,Jaipur,Self-employed,25000.0,Vehicle,141100.0,132100.0,18.09,36,D,Active,92000.0,4,Verified,Web,2025
P2P100014,2022-08-07,Hyderabad,Salaried,75900.0,Debt Consolidation,362700.0,356800.0,13.94,36,C,Active,173800.0,10,Verified,Mobile App,2022
P2P101682,2025-12-01,Hyderabad,Salaried,128700.0,Debt Consolidation,257800.0,252600.0,14.32,24,C,Completed,312400.0,6,Verified,Web,2025
P2P100476,2025-12-23,Jaipur,Salaried,63600.0,Vehicle,462200.0,455500.0,11.89,60,B,Completed,605900.0,14,Verified,Web,2025
P2P101905,2025-02-18,Bengaluru,Salaried,72400.0,Vehicle,589400.0,572600.0,16.53,12,D,Active,234700.0,14,Verified,Mobile App,2025
P2P101871,2025-05-19,Ahmedabad,Salaried,61900.0,Home Improvement,333500.0,301500.0,18.81,36,D,Completed,443100.0,8,Verified,Mobile App,2025
P2P100929,2024-09-11,Chennai,Self-employed,34500.0,Small Business,212600.0,201000.0,17.9,24,D,Active,81900.0,4,Verified,Web,2024
P2P101339,2021-08-10,Chennai,Business Owner,21700.0,Medical,72800.0,70400.0,10.15,60,A,Completed,92800.0,2,Verified,Web,2021
P2P101386,2023-04-06,Delhi,Salaried,70200.0,Vehicle,81700.0,75800.0,13.2,12,C,Completed,92000.0,2,Verified,Mobile App,2023
P2P101615,2023-04-20,Mumbai,Salaried,48600.0,Home Improvement,517500.0,477200.0,15.9,36,C,Completed,646300.0,13,Verified,Web,2023
P2P101345,2025-02-14,Hyderabad,Freelancer,23700.0,Education,304900.0,278400.0,9.8,48,A,Active,241800.0,6,Verified,Web,2025
P2P100796,2025-07-25,Mumbai,Salaried,53400.0,Medical,98900.0,91400.0,11.28,48,B,Completed,127400.0,2,Verified,Mobile App,2025
P2P101697,2021-03-21,Delhi,Salaried,115700.0,Travel,303600.0,302000.0,11.93,48,C,Late,176800.0,9,Verified,Mobile App,2021
P2P101589,2023-10-18,Hyderabad,Freelancer,59300.0,Debt Consolidation,496400.0,476400.0,8.3,48,A,Active,217800.0,10,Verified,Web,2023
P2P100356,2024-09-24,Lucknow,Self-employed,109800.0,Debt Consolidation,642100.0,613200.0,11.92,36,C,Active,462000.0,14,Verified,Web,2024
P2P101059,2024-01-19,Jaipur,Salaried,39100.0,Debt Consolidation,555100.0,502900.0,14.65,36,C,Completed,699700.0,16,Verified,Web,2024
P2P100335,2021-05-21,Mumbai,Salaried,65300.0,Debt Consolidation,503800.0,455900.0,19.77,48,D,Completed,741000.0,15,Verified,Web,2021
P2P100689,2025-03-20,Pune,Salaried,71700.0,Education,622900.0,595500.0,14.19,24,C,Active,300100.0,22,Verified,Web,2025
P2P101401,2022-04-23,Bengaluru,Salaried,40900.0,Debt Consolidation,322200.0,290100.0,10.31,12,A,Completed,343700.0,6,Verified,Mobile App,2022
P2P100185,2022-11-21,Bengaluru,Salaried,49600.0,Small Business,288500.0,288000.0,8.6,24,A,Active,176500.0,7,Verified,Web,2022
P2P100824,2023-08-22,Lucknow,Salaried,23000.0,Debt Consolidation,229400.0,209900.0,8.5,36,A,Active,107500.0,7,Verified,Web,2023
P2P101448,2025-06-13,Mumbai,Self-employed,102900.0,Small Business,465300.0,460200.0,9.55,24,B,Active,256100.0,10,Verified,Mobile App,2025
P2P101879,2023-02-12,Chennai,Salaried,18000.0,Education,87400.0,82600.0,13.44,36,C,Defaulted,34700.0,3,Verified,Mobile App,2023
P2P101350,2021-05-03,Lucknow,Self-employed,46300.0,Debt Consolidation,341600.0,327400.0,11.72,48,B,Completed,437900.0,11,Verified,Web,2021
P2P101002,2024-04-23,Mumbai,Salaried,64100.0,Vehicle,69700.0,64300.0,15.95,12,D,Completed,75100.0,1,Not Verified,Mobile App,2024
P2P100188,2024-05-14,Mumbai,Salaried,99700.0,Small Business,137500.0,124100.0,16.97,24,D,Completed,163000.0,3,Verified,Web,2024
P2P100942,2024-05-12,Ahmedabad,Salaried,41200.0,Medical,107200.0,103000.0,13.3,24,C,Active,72500.0,2,Verified,Mobile App,2024
P2P100285,2024-06-18,Mumbai,Salaried,104700.0,Debt Consolidation,739000.0,715500.0,14.33,36,C,Active,607700.0,21,Not Verified,Mobile App,2024
P2P101416,2025-10-14,Pune,Salaried,93500.0,Education,110000.0,109200.0,13.55,12,C,Late,61700.0,4,Verified,Web,2025
P2P100900,2021-09-19,Delhi,Business Owner,56600.0,Debt Consolidation,161400.0,149900.0,11.21,24,B,Active,71300.0,6,Verified,Mobile App,2021
P2P101965,2024-06-08,Pune,Salaried,80100.0,Debt Consolidation,166700.0,158500.0,11.49,24,B,Active,57200.0,4,Verified,Mobile App,2024
P2P100166,2025-06-10,Hyderabad,Salaried,44300.0,Travel,547100.0,535100.0,13.02,48,C,Completed,730900.0,21,Verified,Web,2025
P2P100348,2021-05-19,Lucknow,Salaried,60200.0,Home Improvement,105900.0,104300.0,17.25,24,D,Late,76700.0,3,Verified,Web,2021
P2P100299,2024-08-25,Chennai,Salaried,30800.0,Debt Consolidation,171400.0,170600.0,13.43,48,C,Active,127000.0,4,Verified,Mobile App,2024
P2P100536,2025-10-24,Mumbai,Self-employed,24800.0,Vehicle,91500.0,91200.0,13.32,36,C,Late,39200.0,4,Not Verified,Web,2025
P2P100230,2024-09-07,Delhi,Salaried,67700.0,Debt Consolidation,86100.0,84300.0,15.04,24,C,Active,40300.0,2,Verified,Mobile App,2024
P2P101884,2025-03-09,Jaipur,Freelancer,30300.0,Debt Consolidation,1462300.0,1442900.0,17.94,24,D,Active,1168500.0,32,Not Verified,Web,2025
P2P101852,2025-05-17,Chennai,Freelancer,27800.0,Debt Consolidation,88100.0,86700.0,14.12,36,C,Completed,107400.0,3,Verified,Mobile App,2025
P2P101719,2025-12-11,Delhi,Salaried,18800.0,Home Improvement,600500.0,543800.0,10.16,36,A,Completed,721100.0,12,Verified,Mobile App,2025
P2P101880,2024-05-29,Bengaluru,Salaried,62900.0,Debt Consolidation,254500.0,245300.0,8.83,48,A,Active,159100.0,6,Not Verified,Mobile App,2024
P2P100042,2024-02-12,Bengaluru,Salaried,51100.0,Education,92700.0,84400.0,9.54,36,A,Completed,108400.0,2,Verified,Mobile App,2024
P2P100869,2025-07-13,Pune,Self-employed,44200.0,Debt Consolidation,107700.0,103200.0,17.97,48,D,Active,79800.0,2,Verified,Mobile App,2025
P2P100749,2025-09-06,Lucknow,Salaried,85000.0,Vehicle,289500.0,271500.0,12.64,24,C,Completed,336300.0,6,Verified,Mobile App,2025
P2P101931,2024-06-21,Ahmedabad,Salaried,21900.0,Wedding,123100.0,122200.0,15.39,24,C,Active,89800.0,4,Not Verified,Mobile App,2024
P2P101887,2021-01-29,Mumbai,Salaried,74800.0,Wedding,256100.0,241900.0,11.32,12,A,Late,104800.0,7,Verified,Mobile App,2021
P2P101612,2024-10-07,Mumbai,Self-employed,70200.0,Debt Consolidation,369100.0,342900.0,14.51,36,D,Active,146200.0,11,Verified,Mobile App,2024
P2P101568,2021-10-20,Bengaluru,Self-employed,76200.0,Small Business,179700.0,164900.0,12.88,36,B,Late,113300.0,4,Verified,Mobile App,2021
P2P100447,2025-12-14,Lucknow,Salaried,43800.0,Debt Consolidation,61800.0,58000.0,11.38,24,B,Completed,71700.0,2,Verified,Web,2025
P2P101472,2025-02-09,Bengaluru,Salaried,67200.0,Small Business,191600.0,184500.0,13.73,24,B,Active,140800.0,6,Verified,Mobile App,2025
P2P100350,2024-08-30,Chennai,Self-employed,47100.0,Debt Consolidation,316900.0,311100.0,14.55,24,C,Completed,382900.0,6,Verified,Mobile App,2024
P2P100046,2024-10-25,Kolkata,Salaried,97500.0,Small Business,270200.0,247500.0,10.41,60,A,Active,184600.0,6,Verified,Web,2024
P2P101941,2021-06-29,Delhi,Salaried,50900.0,Small Business,161200.0,148800.0,18.64,60,E,Late,51200.0,4,Verified,Web,2021
P2P101971,2021-03-16,Lucknow,Business Owner,43300.0,Travel,791000.0,742600.0,13.0,60,C,Active,395000.0,23,Not Verified,Web,2021
P2P100109,2022-09-14,Mumbai,Business Owner,67000.0,Debt Consolidation,200000.0,181100.0,12.19,24,C,Completed,229500.0,4,Verified,Mobile App,2022
P2P101642,2025-06-18,Delhi,Business Owner,67200.0,Wedding,723300.0,677700.0,17.88,12,D,Completed,832700.0,19,Not Verified,Mobile App,2025
P2P101686,2025-07-13,Kolkata,Self-employed,46900.0,Education,69400.0,67600.0,8.12,36,A,Completed,78100.0,2,Verified,Mobile App,2025
P2P100030,2021-05-23,Bengaluru,Salaried,29800.0,Small Business,462600.0,425300.0,11.98,48,B,Completed,610500.0,10,Verified,Mobile App,2021
P2P100182,2021-12-14,Mumbai,Self-employed,47400.0,Debt Consolidation,93000.0,87900.0,22.19,48,E,Completed,141100.0,3,Not Verified,Mobile App,2021
P2P100622,2022-07-31,Delhi,Business Owner,39800.0,Wedding,203000.0,197800.0,10.37,36,B,Active,145500.0,6,Verified,Mobile App,2022
P2P101444,2023-11-16,Chennai,Freelancer,38200.0,Travel,335900.0,327500.0,13.36,24,C,Active,285100.0,8,Verified,Mobile App,2023
P2P100635,2021-11-25,Pune,Salaried,105500.0,Small Business,115700.0,114100.0,10.64,24,B,Active,61300.0,3,Verified,Mobile App,2021
P2P101975,2023-02-14,Hyderabad,Salaried,166400.0,Debt Consolidation,237600.0,236800.0,12.37,36,B,Completed,294400.0,7,Verified,Web,2023
P2P100105,2025-09-08,Bengaluru,Salaried,53000.0,Vehicle,835000.0,794700.0,14.95,60,C,Completed,1245100.0,18,Not Verified,Mobile App,2025
P2P100061,2023-08-04,Delhi,Salaried,43700.0,Debt Consolidation,93100.0,89800.0,10.56,24,A,Completed,105100.0,2,Verified,Mobile App,2023
P2P100659,2024-09-30,Bengaluru,Salaried,90900.0,Debt Consolidation,296800.0,295000.0,10.62,60,B,Completed,393200.0,7,Verified,Mobile App,2024
P2P101108,2025-03-06,Mumbai,Salaried,93500.0,Debt Consolidation,531100.0,526900.0,18.03,24,D,Completed,647100.0,18,Not Verified,Mobile App,2025
P2P100491,2023-12-09,Pune,Salaried,82100.0,Debt Consolidation,229200.0,218400.0,15.76,24,D,Active,87900.0,8,Verified,Mobile App,2023
P2P100316,2024-12-15,Jaipur,Salaried,159500.0,Debt Consolidation,352800.0,326100.0,17.41,60,D,Completed,526700.0,9,Verified,Web,2024
P2P101475,2023-04-09,Delhi,Salaried,87800.0,Vehicle,285300.0,272400.0,11.33,36,B,Completed,338900.0,8,Verified,Web,2023
P2P100382,2024-12-16,Hyderabad,Salaried,53700.0,Vehicle,377600.0,377100.0,13.63,36,C,Completed,464800.0,9,Not Verified,Mobile App,2024
P2P100423,2021-10-07,Bengaluru,Self-employed,43900.0,Small Business,201100.0,188500.0,14.8,36,C,Active,134100.0,4,Not Verified,Web,2021
P2P101521,2021-07-04,Delhi,Business Owner,44000.0,Debt Consolidation,130200.0,128400.0,14.02,36,C,Completed,159300.0,4,Verified,Mobile App,2021
P2P101948,2022-03-08,Chennai,Salaried,74600.0,Medical,220900.0,212900.0,20.08,48,E,Completed,326100.0,6,Verified,Mobile App,2022
P2P101764,2024-02-01,Chennai,Salaried,57300.0,Debt Consolidation,212600.0,210300.0,20.41,36,E,Defaulted,90200.0,8,Not Verified,Mobile App,2024
P2P101548,2024-05-06,Mumbai,Salaried,47500.0,Education,343500.0,340000.0,11.79,12,B,Defaulted,42800.0,7,Verified,Mobile App,2024
P2P100446,2025-10-27,Hyderabad,Freelancer,69400.0,Home Improvement,184300.0,168800.0,10.65,36,A,Active,73700.0,6,Verified,Web,2025
P2P100664,2022-10-04,Unknown,Business Owner,70000.0,Small Business,80600.0,72900.0,8.83,12,B,Completed,85300.0,2,Verified,Mobile App,2022
P2P101025,2025-10-23,Pune,Freelancer,93500.0,Debt Consolidation,131000.0,129400.0,10.65,60,A,Active,88000.0,4,Verified,Mobile App,2025
P2P100780,2024-09-22,Bengaluru,Salaried,96200.0,Debt Consolidation,624700.0,619700.0,19.04,24,D,Active,272400.0,18,Verified,Mobile App,2024
P2P101530,2024-04-19,Unknown,Salaried,76900.0,Home Improvement,129600.0,121300.0,9.1,60,A,Active,76800.0,3,Verified,Mobile App,2024
P2P100627,2023-12-22,Kolkata,Salaried,53400.0,Debt Consolidation,114500.0,111400.0,12.86,48,C,Completed,152100.0,2,Verified,Web,2023
P2P101482,2022-01-03,Bengaluru,Salaried,177800.0,Medical,271400.0,265000.0,12.22,24,B,Late,152800.0,9,Verified,Mobile App,2022
P2P101513,2025-11-06,Bengaluru,Business Owner,58000.0,Travel,201700.0,189500.0,16.23,24,D,Defaulted,41800.0,5,Not Verified,Mobile App,2025
P2P101113,2022-09-03,Delhi,Self-employed,154100.0,Small Business,99300.0,97000.0,12.85,36,C,Completed,123600.0,2,Verified,Mobile App,2022
P2P101508,2024-04-11,Delhi,Unknown,23200.0,Education,192600.0,182200.0,8.59,36,A,Completed,229800.0,4,Verified,Web,2024
P2P101485,2023-04-04,Delhi,Self-employed,57700.0,Medical,249400.0,237100.0,14.42,24,B,Active,216200.0,5,Verified,Mobile App,2023
P2P101102,2025-11-23,Mumbai,Salaried,50600.0,Small Business,192300.0,189900.0,20.49,36,E,Completed,257300.0,7,Verified,Mobile App,2025
P2P100269,2023-06-10,Delhi,Business Owner,51800.0,Debt Consolidation,137700.0,132900.0,20.12,24,E,Completed,172500.0,5,Verified,Web,2023
P2P100930,2022-11-21,Pune,Business Owner,117500.0,Home Improvement,336400.0,306400.0,10.44,36,A,Completed,411600.0,9,Verified,Mobile App,2022
P2P101148,2024-10-19,Mumbai,Unknown,49000.0,Small Business,355900.0,351200.0,14.07,36,C,Active,222900.0,8,Verified,Mobile App,2024
P2P101322,2022-04-05,Hyderabad,Salaried,39600.0,Debt Consolidation,392800.0,369600.0,13.88,48,B,Defaulted,31300.0,14,Not Verified,Mobile App,2022
P2P101906,2022-07-15,Lucknow,Self-employed,27300.0,Education,82600.0,78800.0,15.93,24,D,Completed,98200.0,2,Verified,Web,2022
P2P101120,2022-01-25,Pune,Salaried,54700.0,Debt Consolidation,264000.0,252100.0,13.7,12,C,Active,135500.0,9,Verified,Web,2022
P2P101758,2024-02-01,Jaipur,Salaried,35200.0,Home Improvement,86300.0,82700.0,17.8,36,D,Active,72800.0,3,Verified,Mobile App,2024
P2P100012,2025-11-24,Ahmedabad,Salaried,72300.0,Debt Consolidation,126500.0,114800.0,17.03,36,D,Completed,160900.0,2,Verified,Web,2025
P2P100115,2024-09-10,Mumbai,Self-employed,30900.0,Small Business,210900.0,208800.0,11.56,24,B,Active,176700.0,7,Verified,Mobile App,2024
P2P100844,2025-11-13,Bengaluru,Salaried,68100.0,Travel,72600.0,71900.0,11.03,48,A,Completed,89200.0,3,Not Verified,Mobile App,2025
P2P101453,2025-07-21,Mumbai,Salaried,56400.0,Small Business,163400.0,155900.0,9.34,36,A,Completed,184900.0,6,Verified,Web,2025
P2P101282,2024-12-25,Bengaluru,Salaried,101600.0,Debt Consolidation,262100.0,254100.0,14.44,36,C,Completed,340200.0,8,Verified,Mobile App,2024
P2P101756,2025-04-29,Kolkata,Salaried,48300.0,Debt Consolidation,73700.0,68000.0,10.41,24,A,Completed,84500.0,2,Verified,Web,2025
P2P101789,2021-07-24,Bengaluru,Freelancer,34300.0,Debt Consolidation,165400.0,162900.0,15.03,36,C,Active,87800.0,6,Verified,Mobile App,2021
P2P100353,2024-10-19,Bengaluru,Salaried,43000.0,Medical,365300.0,354000.0,18.78,12,D,Active,184400.0,14,Verified,Mobile App,2024
P2P101984,2024-01-24,Mumbai,Salaried,84100.0,Debt Consolidation,269800.0,267500.0,12.93,48,B,Completed,342000.0,10,Verified,Mobile App,2024
P2P100774,2023-08-20,Mumbai,Business Owner,96700.0,Education,599700.0,567700.0,15.72,24,C,Completed,700800.0,22,Verified,Web,2023
P2P100691,2023-04-03,Kolkata,Salaried,84200.0,Education,199000.0,196800.0,17.53,60,D,Completed,312000.0,5,Verified,Web,2023
P2P101947,2023-11-10,Pune,Salaried,251400.0,Small Business,369800.0,333000.0,18.01,36,D,Active,205100.0,9,Verified,Web,2023
P2P100791,2022-03-22,Ahmedabad,Salaried,28500.0,Small Business,103700.0,95100.0,11.92,36,B,Active,76500.0,3,Verified,Mobile App,2022
P2P100532,2025-12-31,Jaipur,Salaried,57800.0,Vehicle,406200.0,397200.0,9.9,36,A,Completed,467700.0,10,Verified,Web,2025
P2P100868,2022-05-27,Mumbai,Salaried,56000.0,Small Business,274800.0,274000.0,11.22,24,B,Active,204800.0,7,Verified,Mobile App,2022
P2P100170,2024-07-07,Bengaluru,Salaried,47700.0,Home Improvement,597700.0,561400.0,11.66,24,B,Completed,692700.0,18,Verified,Mobile App,2024
P2P100240,2022-05-16,Jaipur,Salaried,18000.0,Debt Consolidation,90800.0,84500.0,18.77,12,D,Active,44500.0,3,Verified,Mobile App,2022
P2P101302,2025-10-13,Hyderabad,Salaried,37500.0,Travel,171900.0,159800.0,11.1,60,C,Completed,224500.0,4,Verified,Mobile App,2025
P2P101185,2021-11-10,Mumbai,Self-employed,95600.0,Education,198000.0,188100.0,8.66,36,A,Active,112000.0,4,Verified,Web,2021
P2P100074,2025-05-16,Hyderabad,Self-employed,90200.0,Vehicle,192400.0,189300.0,13.32,36,C,Completed,232900.0,4,Verified,Web,2025
P2P101554,2025-08-09,Hyderabad,Self-employed,37400.0,Education,323200.0,309400.0,9.32,48,A,Completed,393500.0,10,Not Verified,Web,2025
P2P101087,2024-08-11,Chennai,Business Owner,67000.0,Home Improvement,428900.0,415000.0,18.08,36,D,Active,279000.0,9,Not Verified,Mobile App,2024
P2P100762,2023-03-11,Bengaluru,Freelancer,58000.0,Debt Consolidation,131800.0,130600.0,11.35,36,B,Completed,157800.0,5,Verified,Mobile App,2023
P2P101517,2024-10-02,Unknown,Business Owner,44900.0,Debt Consolidation,108400.0,105400.0,14.34,36,C,Active,97300.0,2,Verified,Mobile App,2024
P2P100741,2023-12-22,Mumbai,Self-employed,67700.0,Home Improvement,285900.0,269100.0,12.03,24,B,Completed,338100.0,6,Verified,Web,2023
P2P100751,2021-12-24,Mumbai,Salaried,88200.0,Home Improvement,210100.0,198800.0,9.67,36,A,Completed,255000.0,4,Verified,Mobile App,2021
P2P100742,2023-02-19,Bengaluru,Salaried,27700.0,Debt Consolidation,67200.0,65700.0,11.29,24,B,Active,50700.0,2,Verified,Mobile App,2023
P2P100831,2022-09-04,Jaipur,Business Owner,71800.0,Education,257800.0,248600.0,14.73,36,C,Completed,334500.0,6,Verified,Web,2022
P2P101820,2023-07-22,Pune,Salaried,32300.0,Education,160600.0,150000.0,13.7,36,B,Active,143500.0,4,Verified,Web,2023
P2P100048,2024-03-21,Hyderabad,Salaried,39800.0,Small Business,506900.0,468400.0,11.4,24,B,Active,325300.0,16,Not Verified,Mobile App,2024
P2P100763,2022-10-30,Mumbai,Self-employed,61200.0,Medical,296000.0,288300.0,10.5,36,B,Completed,348800.0,10,Not Verified,Mobile App,2022
P2P100592,2024-09-22,Delhi,Salaried,67300.0,Vehicle,109300.0,106500.0,13.54,36,C,Completed,133600.0,4,Verified,Web,2024
P2P100808,2025-09-30,Delhi,Freelancer,64500.0,Debt Consolidation,289200.0,278300.0,12.52,12,B,Completed,313600.0,6,Verified,Mobile App,2025
P2P101084,2025-08-03,Hyderabad,Salaried,63400.0,Medical,279200.0,265000.0,10.75,36,B,Active,197200.0,7,Verified,Mobile App,2025
P2P100506,2022-04-12,Kolkata,Salaried,75200.0,Debt Consolidation,215800.0,207400.0,11.92,36,B,Completed,257100.0,4,Verified,Web,2022
P2P101045,2025-08-12,Jaipur,Self-employed,38000.0,Small Business,272800.0,265900.0,14.55,36,C,Completed,340700.0,9,Verified,Mobile App,2025
P2P101449,2025-10-24,Chennai,Salaried,55500.0,Medical,160600.0,160000.0,8.6,48,A,Completed,189000.0,3,Not Verified,Mobile App,2025
P2P100653,2024-07-01,Delhi,Salaried,35100.0,Home Improvement,183100.0,179200.0,11.41,36,B,Completed,216300.0,5,Not Verified,Mobile App,2024
P2P100193,2025-08-30,Kolkata,Salaried,34700.0,Small Business,115800.0,112700.0,11.51,36,A,Completed,138300.0,4,Verified,Web,2025
P2P101667,2022-07-29,Chennai,Self-employed,45800.0,Vehicle,229300.0,209500.0,13.62,24,C,Completed,275200.0,8,Verified,Web,2022
P2P101240,2022-06-05,Hyderabad,Salaried,54000.0,Education,151500.0,142400.0,14.72,36,C,Completed,192000.0,4,Verified,Mobile App,2022
P2P100245,2021-02-17,Kolkata,Salaried,27000.0,Vehicle,231900.0,224800.0,16.36,48,C,Completed,328700.0,7,Verified,Web,2021
P2P101388,2022-01-28,Lucknow,Freelancer,50400.0,Education,266200.0,259900.0,14.57,12,C,Active,170700.0,7,Not Verified,Mobile App,2022
P2P100060,2023-04-06,Ahmedabad,Freelancer,91200.0,Education,260000.0,251400.0,11.12,24,A,Completed,296500.0,9,Verified,Mobile App,2023
P2P101246,2024-08-30,Bengaluru,Self-employed,35400.0,Debt Consolidation,357300.0,328400.0,14.19,48,C,Active,239300.0,7,Not Verified,Mobile App,2024
P2P100177,2024-12-07,Pune,Self-employed,49300.0,Debt Consolidation,927900.0,872600.0,12.22,48,B,Completed,1191000.0,19,Verified,Mobile App,2024
P2P100450,2021-09-13,Pune,Self-employed,39000.0,Home Improvement,312600.0,301200.0,10.18,24,A,Completed,353200.0,9,Verified,Web,2021
P2P100056,2025-09-25,Hyderabad,Salaried,27400.0,Small Business,123300.0,111300.0,11.78,12,B,Completed,135400.0,4,Verified,Web,2025
P2P101828,2025-11-22,Delhi,Salaried,62400.0,Education,104200.0,99600.0,15.1,24,C,Completed,121700.0,2,Verified,Web,2025
P2P101279,2022-02-24,Kolkata,Freelancer,93900.0,Home Improvement,570700.0,538500.0,16.59,12,D,Completed,626300.0,13,Not Verified,Mobile App,2022
P2P100920,2022-02-19,Delhi,Salaried,19800.0,Home Improvement,194600.0,182200.0,15.44,36,C,Completed,247400.0,4,Verified,Mobile App,2022
P2P101410,2025-07-21,Pune,Salaried,30200.0,Debt Consolidation,341800.0,313900.0,9.64,24,A,Completed,375700.0,12,Verified,Web,2025
P2P101973,2022-12-27,Mumbai,Business Owner,33200.0,Debt Consolidation,134200.0,125400.0,11.12,48,B,Active,62000.0,4,Not Verified,Mobile App,2022
P2P101222,2022-03-16,Mumbai,Salaried,67400.0,Debt Consolidation,902600.0,855000.0,16.61,48,C,Active,516400.0,25,Not Verified,Web,2022
P2P101093,2024-08-02,Chennai,Business Owner,56100.0,Home Improvement,245700.0,231600.0,7.71,36,A,Active,118600.0,8,Verified,Web,2024
P2P101747,2021-02-28,Mumbai,Self-employed,30700.0,Small Business,296200.0,282700.0,17.14,12,D,Defaulted,18100.0,7,Not Verified,Mobile App,2021
P2P101769,2023-07-11,Bengaluru,Salaried,84200.0,Debt Consolidation,165200.0,160700.0,14.44,24,C,Completed,190200.0,4,Verified,Mobile App,2023
P2P101738,2022-06-26,Mumbai,Salaried,151700.0,Small Business,799800.0,753300.0,10.34,48,B,Completed,965600.0,21,Verified,Web,2022
P2P101193,2023-05-15,Hyderabad,Business Owner,34100.0,Travel,120500.0,112000.0,13.2,60,C,Completed,167100.0,4,Verified,Mobile App,2023
P2P101210,2025-12-28,Kolkata,Salaried,162300.0,Medical,113400.0,111200.0,14.03,48,B,Completed,149300.0,2,Verified,Web,2025
P2P101060,2024-09-01,Jaipur,Salaried,74100.0,Travel,551500.0,522400.0,9.11,36,A,Completed,648300.0,18,Verified,Mobile App,2024
P2P100642,2023-03-31,Kolkata,Salaried,84700.0,Debt Consolidation,275700.0,272800.0,12.48,36,C,Completed,339100.0,9,Verified,Mobile App,2023
