Loan_ID,Issue_Date,Borrower_City,Employment_Type,Annual_Income_INR,Loan_Purpose,Loan_Amount_INR,Funded_Amount_INR,Interest_Rate,Loan_Term_Months,Risk_Grade,Loan_Status,Total_Repayment_INR,Investor_Count,Income_Verification,Loan_Channel
P2P101175,2024-09-11,Bengaluru,Salaried,20000.0,Debt Consolidation,262500,236400,11.69,12,A,Completed,276700,8,Verified,Web
P2P101704,2024-02-29,Delhi,Salaried,71100.0,Vehicle,133300,126400,11.01,24,B,Active,52700,4,Verified,Web
P2P101493,2022-09-11,Delhi,Salaried,56900.0,Wedding,149800,143500,10.6,36,B,Active,58500,4,Verified,Web
P2P101908,2023-06-26,Kolkata,Business Owner,64200.0,Home Improvement,140600,133200,11.24,24,B,Completed,162600,3,Verified,Web
P2P101759,2021-12-03,Jaipur,Salaried,57700.0,Home Improvement,240900,225600,11.95,60,B,Active,153500,5,Verified,Mobile App
P2P100790,2025-10-27,Pune,Salaried,117000.0,Travel,175500,165700,12.37,12,B,Active,78600,4,Verified,Web
P2P101438,2024-12-29,Mumbai,Business Owner,72500.0,Medical,286500,261900,11.92,24,B,Completed,337400,8,Verified,Mobile App
P2P100899,2021-02-09,Delhi,Salaried,58600.0,Home Improvement,648900,627800,10.04,24,B,Completed,705700,16,Not Verified,Web
P2P100631,2025-01-09,Delhi,Salaried,61500.0,Medical,223200,202100,8.98,12,A,Completed,239900,6,Verified,Mobile App
P2P100168,2022-06-07,Lucknow,Salaried,40800.0,Debt Consolidation,152300,142600,8.64,48,A,Active,107800,5,Verified,Web
P2P100948,2025-08-29,Mumbai,Self-employed,28400.0,Education,74000,66700,11.67,12,B,Completed,82600,2,Verified,Web
P2P101925,2025-04-19,Lucknow,Salaried,45300.0,Travel,143000,137100,9.88,24,B,Active,113000,3,Verified,Mobile App
P2P100641,2021-03-03,Kolkata,Freelancer,98700.0,Debt Consolidation,200200,183800,11.15,48,A,Completed,259600,6,Verified,Mobile App
P2P101937,2022-12-19,Hyderabad,Self-employed,113800.0,Home Improvement,82700,77100,7.5,36,A,Active,41800,3,Not Verified,Web
P2P101809,2022-05-09,Mumbai,Self-employed,35700.0,Debt Consolidation,139900,132200,16.27,48,D,Active,130900,3,Verified,Mobile App
P2P100788,2023-08-27,Kolkata,Business Owner,81200.0,Debt Consolidation,151100,149600,9.87,36,A,Completed,172800,4,Not Verified,Web
P2P100310,2022-12-22,Kolkata,Business Owner,84800.0,Home Improvement,321100,295900,10.49,24,B,Active,237200,6,Verified,Mobile App
P2P101179,2025-03-09,Mumbai,Salaried,49700.0,Vehicle,321500,303900,14.76,36,D,Late,115400,9,Not Verified,Web
P2P100147,2024-08-05,Hyderabad,Salaried,20000.0,Education,131900,121700,7.62,60,A,Completed,166700,3,Verified,Mobile App
P2P101872,2022-08-09,Bengaluru,Salaried,38600.0,Debt Consolidation,277400,255300,9.2,36,A,Completed,326100,7,Verified,Mobile App
P2P100384,2025-08-01,Mumbai,Salaried,58700.0,Home Improvement,272100,269000,12.42,36,C,Completed,328600,6,Not Verified,Web
P2P100569,2025-09-03,Delhi,Salaried,66100.0,Vehicle,437600,411200,13.59,36,C,Completed,547400,8,Verified,Web
P2P101520,2025-10-02,Bengaluru,Self-employed,80700.0,Debt Consolidation,284400,262100,13.76,12,C,Defaulted,95800,7,Verified,Mobile App
P2P100212,2024-12-09,Bengaluru,Self-employed,47900.0,Vehicle,300500,297100,15.38,24,C,Completed,345000,7,Verified,Web
P2P101711,2022-03-18,Bengaluru,Salaried,52300.0,Debt Consolidation,93500,87200,9.09,36,A,Completed,110700,2,Verified,Mobile App
P2P101915,2023-11-26,Bengaluru,Salaried,107300.0,Travel,394000,393000,7.56,48,A,Completed,451800,9,Verified,Web
P2P101623,2024-05-25,Bengaluru,Business Owner,47700.0,Debt Consolidation,226800,215500,11.06,12,B,Completed,236300,8,Verified,Web
P2P100524,2025-06-18,Mumbai,Self-employed,42000.0,Home Improvement,90500,90300,10.29,24,B,Completed,98500,3,Verified,Web
P2P100175,2024-09-28,Hyderabad,Business Owner,87700.0,Debt Consolidation,242900,242800,18.73,24,D,Active,138900,5,Verified,Mobile App
P2P101396,2025-06-02,Bengaluru,Salaried,29200.0,Travel,328100,297200,14.27,24,C,Completed,383500,9,Verified,Web
P2P101088,2022-04-23,Pune,Salaried,80000.0,Debt Consolidation,372100,363900,12.6,24,B,Late,140900,8,Verified,Web
P2P100392,2023-09-18,Delhi,Salaried,67800.0,Debt Consolidation,203600,195500,13.92,36,C,Active,113800,5,Verified,Mobile App
P2P100027,2022-07-08,Ahmedabad,Salaried,102900.0,Small Business,228200,205700,7.64,48,A,Completed,265100,6,Verified,Web
P2P101870,2025-01-25,Bengaluru,Self-employed,97100.0,Debt Consolidation,397500,367700,11.7,36,C,Completed,470200,12,Verified,Web
P2P100337,2025-07-05,Mumbai,Self-employed,46000.0,Education,306300,290500,13.62,36,C,Completed,389000,11,Not Verified,Mobile App
P2P100133,2022-01-02,Hyderabad,Self-employed,58400.0,Education,182400,171500,18.29,24,E,Late,67500,5,Not Verified,Mobile App
P2P100003,2025-02-01,Ahmedabad,Business Owner,22900.0,Wedding,377700,364700,14.17,24,C,Active,294300,10,Verified,Mobile App
P2P100881,2022-09-20,Kolkata,Salaried,76400.0,Home Improvement,191200,188600,11.66,24,B,Active,96500,4,Verified,Web
P2P100138,2024-12-26,Jaipur,Salaried,69700.0,Small Business,306600,277300,11.12,36,A,Completed,359000,8,Verified,Mobile App
P2P101673,2025-07-20,Jaipur,Self-employed,57000.0,Small Business,589100,574100,19.71,36,E,Active,246900,13,Verified,Mobile App
P2P101841,2023-07-04,Pune,Salaried,28700.0,Education,147500,143900,14.0,36,C,Active,121400,4,Verified,Web
P2P101577,2021-03-14,Pune,Self-employed,42300.0,Debt Consolidation,107000,98100,11.07,36,A,Completed,124000,2,Verified,Mobile App
P2P101159,2025-07-25,Delhi,Salaried,41900.0,Vehicle,281900,275500,11.44,36,C,Completed,341100,7,Verified,Web
P2P101014,2021-05-01,Mumbai,Self-employed,109900.0,Home Improvement,81000,80800,13.23,48,C,Completed,105700,2,Not Verified,Mobile App
P2P100781,2024-12-12,Delhi,Salaried,38700.0,Debt Consolidation,200600,190400,16.17,60,C,Completed,289300,7,Verified,Mobile App
P2P101017,2022-05-24,Mumbai,Salaried,64500.0,Small Business,162700,156000,11.67,24,B,Completed,189000,4,Verified,Mobile App
P2P100811,2025-12-13,Kolkata,Salaried,99400.0,Debt Consolidation,438800,418500,10.51,60,A,Completed,571000,13,Verified,Web
P2P101124,2025-05-09,Ahmedabad,Salaried,70100.0,Education,223300,202800,11.71,36,C,Completed,262200,8,Verified,Mobile App
P2P100318,2022-05-07,Pune,Salaried,49700.0,Home Improvement,616200,603700,11.2,24,B,Completed,679700,14,Not Verified,Web
P2P100361,2023-08-03,,Salaried,81100.0,Debt Consolidation,369200,354800,16.04,24,D,Completed,445300,10,Verified,Web
P2P100496,2023-05-29,Bengaluru,Self-employed,111600.0,Education,394300,390800,12.92,36,C,Late,150400,9,Not Verified,Mobile App
P2P100987,2024-12-04,Delhi,Self-employed,81100.0,Debt Consolidation,222900,211200,13.24,12,B,Completed,243000,8,Verified,Mobile App
P2P100087,2025-01-29,Kolkata,Salaried,80400.0,Debt Consolidation,150000,146600,19.05,36,D,Defaulted,41900,3,Verified,Mobile App
P2P100850,2024-07-14,Bengaluru,Salaried,76800.0,Home Improvement,255800,241800,12.02,48,B,Active,198500,9,Not Verified,Mobile App
P2P100577,2022-03-07,Jaipur,Salaried,48000.0,Travel,317900,291000,19.43,12,E,Active,238600,6,Not Verified,Mobile App
P2P100330,2022-10-29,Bengaluru,Business Owner,67600.0,Debt Consolidation,182400,178900,13.24,24,C,Active,109400,7,Verified,Web
P2P100464,2024-06-26,Mumbai,Salaried,66300.0,Education,163700,150800,18.59,60,D,Completed,260800,3,Verified,Mobile App
P2P101494,2021-08-13,Pune,Salaried,94100.0,Wedding,494200,449000,13.91,24,C,Late,287000,10,Verified,Mobile App
P2P101660,2023-11-23,Chennai,Self-employed,114900.0,Wedding,132100,120200,11.73,12,A,Defaulted,48200,2,Not Verified,Web
P2P100017,2023-02-25,Bengaluru,Business Owner,84600.0,Home Improvement,128700,119900,12.34,48,B,Completed,161100,3,Verified,Mobile App
P2P101408,2025-05-04,Lucknow,Salaried,37100.0,Travel,109400,101100,10.82,60,B,Active,47100,2,Not Verified,Mobile App
P2P101055,2025-12-29,Hyderabad,Salaried,63100.0,Small Business,337900,337000,12.91,36,B,Late,192600,8,Not Verified,Web
P2P101684,2025-05-25,Hyderabad,Salaried,37700.0,Debt Consolidation,170400,154600,12.13,48,C,Defaulted,31400,3,Verified,Mobile App
P2P100343,2022-05-07,Chennai,Business Owner,35400.0,Debt Consolidation,259200,253200,17.98,24,D,Completed,312700,10,Verified,Web
P2P101317,2024-03-31,Bengaluru,Salaried,30500.0,Education,428900,419800,8.91,48,B,Active,330000,11,Verified,Web
P2P101111,2025-05-16,Chennai,Freelancer,49700.0,Medical,316300,307900,11.98,24,C,Active,113100,7,Not Verified,Mobile App
P2P101066,2025-02-08,Pune,Salaried,44500.0,Debt Consolidation,524100,488000,13.66,24,C,Active,400900,14,Not Verified,Web
P2P101988,2024-02-14,Hyderabad,Freelancer,23300.0,Education,135000,128500,11.64,24,B,Active,85900,3,Verified,Mobile App
P2P100112,2022-04-09,Delhi,Salaried,63800.0,Debt Consolidation,260600,244000,8.66,24,A,Completed,288100,8,Verified,Mobile App
P2P100254,2023-03-21,Bengaluru,Salaried,29300.0,Vehicle,247500,243900,14.52,24,C,Defaulted,37100,8,Verified,Web
P2P101564,2022-12-31,Chennai,Salaried,34800.0,Home Improvement,215800,212600,10.92,48,B,Completed,273800,4,Verified,Web
P2P100520,2022-03-15,Bengaluru,Salaried,125500.0,Small Business,526600,522900,9.29,24,A,Completed,604600,17,Verified,Web
P2P100859,2024-05-28,Jaipur,Business Owner,62200.0,Debt Consolidation,154700,143600,11.1,24,B,Completed,180400,3,Verified,Mobile App
P2P100940,2024-06-15,Delhi,Business Owner,45000.0,Debt Consolidation,210800,202100,17.31,48,D,Active,101400,4,Verified,Mobile App
P2P100971,2024-10-27,Mumbai,Salaried,82600.0,Home Improvement,114800,113500,9.41,24,B,Completed,124300,3,Verified,Mobile App
P2P100420,2025-02-26,Hyderabad,Salaried,89700.0,Home Improvement,249200,241900,15.82,24,C,Defaulted,26400,5,Verified,Mobile App
P2P101736,2025-08-12,Pune,Self-employed,29200.0,Education,179500,173400,14.65,12,D,Completed,197300,6,Verified,Web
P2P100218,2025-02-19,Delhi,Salaried,64100.0,Debt Consolidation,458200,422500,11.37,24,C,Active,167100,14,Verified,Web
P2P100469,2022-09-02,Jaipur,Freelancer,54200.0,Education,172400,163100,11.61,36,B,Active,133600,4,Verified,Mobile App
P2P100432,2025-03-10,Lucknow,Salaried,40500.0,Vehicle,64800,63500,9.52,24,A,Completed,71400,2,Verified,Mobile App
P2P101284,2021-01-30,Pune,Business Owner,38000.0,Wedding,79100,76300,12.0,48,B,Active,72200,2,Verified,Web
P2P101086,2023-12-31,Bengaluru,Salaried,63400.0,Small Business,684600,635300,11.52,12,B,Active,378600,15,Verified,Mobile App
P2P101833,2024-06-24,Mumbai,Business Owner,27600.0,Vehicle,111000,108800,11.71,36,B,Active,95400,2,Verified,Mobile App
P2P101363,2024-08-25,Pune,Salaried,82200.0,Small Business,149700,139100,16.12,36,D,Active,136000,4,Verified,Mobile App
P2P100153,2022-03-02,Bengaluru,Self-employed,27900.0,Small Business,107500,99900,13.14,36,B,Completed,129600,3,Verified,Mobile App
P2P100638,2022-10-16,Pune,Self-employed,30600.0,Small Business,199100,181500,10.76,24,B,Completed,227500,7,Verified,Web
P2P101421,2023-03-19,Mumbai,Salaried,59200.0,Small Business,235200,218500,10.73,24,A,Completed,258100,5,Verified,Web
P2P100419,2024-11-09,Kolkata,Salaried,71000.0,Debt Consolidation,179900,179600,10.31,60,A,Active,105700,5,Verified,Mobile App
P2P101501,2024-03-19,Pune,Salaried,38400.0,Debt Consolidation,984700,932000,14.1,24,C,Active,808400,28,Verified,Mobile App
P2P101478,2025-03-11,Bengaluru,Self-employed,36000.0,Education,279500,255500,10.49,24,A,Completed,322800,7,Not Verified,Mobile App
P2P100832,2023-12-03,Bengaluru,Self-employed,57500.0,Small Business,262900,239000,10.21,48,B,Completed,326400,5,Verified,Mobile App
P2P101766,2023-04-05,Pune,Self-employed,83400.0,Debt Consolidation,291700,262600,19.93,48,E,Active,135200,7,Verified,Web
P2P101600,2025-08-22,Mumbai,Self-employed,33100.0,Small Business,279800,256200,11.49,36,B,Active,174300,5,Verified,Web
P2P101195,2021-05-21,Ahmedabad,Salaried,43600.0,Home Improvement,493500,475600,11.95,60,A,Completed,673900,13,Verified,Web
P2P101814,2021-03-06,Hyderabad,Salaried,51200.0,Medical,238400,220100,18.66,48,E,Completed,344500,6,Verified,Mobile App
P2P101570,2023-12-02,Bengaluru,Freelancer,129500.0,Vehicle,99000,92200,12.64,48,B,Active,90400,2,Not Verified,Mobile App
P2P100390,2025-05-05,Pune,Salaried,40100.0,Small Business,250800,236300,22.46,60,E,Active,291800,7,Verified,Web
P2P101362,2022-08-03,Hyderabad,Salaried,74100.0,Debt Consolidation,255000,238400,10.75,36,B,Completed,294000,7,Verified,Web
P2P101295,2025-04-27,Mumbai,Business Owner,27100.0,Travel,116900,112400,12.15,36,B,Completed,140600,4,Not Verified,Mobile App
P2P101400,2025-01-01,Mumbai,Business Owner,33300.0,Medical,294100,284400,10.35,24,B,Late,112200,9,Not Verified,Mobile App
P2P101786,2025-08-23,Hyderabad,Business Owner,48800.0,Debt Consolidation,89600,87500,9.13,36,A,Completed,106000,2,Verified,Web
P2P100690,2022-06-08,Bengaluru,Freelancer,84800.0,Home Improvement,392800,369900,14.68,24,C,Completed,477900,9,Verified,Mobile App
P2P100685,2025-10-05,Chennai,Business Owner,29300.0,Home Improvement,141600,131700,12.33,60,B,Active,108400,4,Verified,Web
P2P100116,2025-07-25,Chennai,Salaried,106900.0,Debt Consolidation,233700,217500,14.2,12,C,Active,93000,4,Verified,Mobile App
P2P100561,2024-12-28,Mumbai,Self-employed,131300.0,Vehicle,166800,166100,13.9,36,C,Active,101500,6,Verified,Mobile App
P2P101856,2022-11-08,Delhi,Business Owner,34500.0,Debt Consolidation,146800,138100,12.81,24,B,Active,109800,3,Not Verified,Mobile App
P2P101638,2022-03-19,Pune,Business Owner,48400.0,Debt Consolidation,63500,57700,11.67,48,B,Completed,80000,2,Not Verified,Mobile App
P2P101936,2025-05-03,Bengaluru,Self-employed,35300.0,Education,195100,183900,17.8,24,D,Completed,240700,4,Verified,Mobile App
P2P101752,2022-08-13,Chennai,Business Owner,44100.0,Wedding,107900,105500,13.9,36,C,Completed,137500,2,Verified,Mobile App
P2P100654,2025-02-18,Mumbai,Business Owner,25000.0,Debt Consolidation,435600,395700,11.78,12,B,Active,273400,10,Not Verified,Mobile App
P2P101827,2021-05-09,Lucknow,Self-employed,50700.0,Education,245100,232600,9.62,12,A,Active,189000,6,Verified,Web
P2P100320,2022-11-03,Bengaluru,Salaried,60000.0,Home Improvement,345100,319300,8.13,24,A,Active,229200,7,Verified,Web
P2P100655,2023-10-24,Mumbai,Salaried,57400.0,Small Business,103300,99000,14.41,60,D,Active,83100,3,Verified,Mobile App
P2P100979,2024-02-14,Kolkata,Salaried,38800.0,Small Business,462600,427200,10.99,48,B,Completed,574400,16,Verified,Mobile App
P2P101044,2024-08-30,Bengaluru,Self-employed,34800.0,Home Improvement,198000,186100,11.66,36,C,Active,172600,5,Not Verified,Mobile App
P2P101567,2024-11-02,Jaipur,Self-employed,32700.0,Medical,281600,263000,10.61,36,A,Completed,338300,5,Verified,Mobile App
P2P100825,2024-04-16,Mumbai,Salaried,55600.0,Home Improvement,318900,318700,13.78,36,C,Completed,398500,8,Verified,Mobile App
P2P100820,2023-04-25,Chennai,Salaried,37700.0,Home Improvement,87300,79300,20.04,24,E,Completed,105000,2,Verified,Web
P2P100007,2021-06-27,Hyderabad,Salaried,53300.0,Home Improvement,145000,144700,10.15,60,B,Completed,188700,5,Not Verified,Mobile App
P2P100208,2024-10-26,Delhi,Salaried,104400.0,Vehicle,323600,304600,11.22,36,B,Active,128200,7,Verified,Mobile App
P2P101723,2023-02-23,Bengaluru,Business Owner,18000.0,Wedding,361800,331400,14.86,60,C,Completed,513400,8,Verified,Mobile App
P2P100010,2025-01-02,Mumbai,Salaried,94900.0,Education,1271000,1254100,14.18,24,C,Late,543000,35,Verified,Web
P2P100434,2021-11-06,Hyderabad,Freelancer,69200.0,Debt Consolidation,145400,132300,8.89,12,A,Active,67400,3,Not Verified,Mobile App
P2P100249,2025-11-16,Chennai,Self-employed,54600.0,Medical,92700,87300,10.48,36,B,Completed,107800,2,Not Verified,Mobile App
P2P101627,2022-07-11,Jaipur,Salaried,63300.0,Debt Consolidation,344100,309800,15.3,36,C,Completed,447200,9,Verified,Web
P2P101192,2024-06-24,Hyderabad,Self-employed,55000.0,Wedding,283900,259200,11.15,48,B,Completed,364700,9,Verified,Web
P2P101473,2025-08-02,Ahmedabad,Salaried,79400.0,Medical,180800,164000,16.93,24,D,Completed,221500,4,Verified,Mobile App
P2P101629,2021-10-24,Jaipur,Salaried,72300.0,Vehicle,139100,131100,14.37,36,C,Active,56400,3,Verified,Web
P2P100334,2021-12-22,Hyderabad,Self-employed,,Small Business,103000,95700,14.21,36,C,Completed,127800,3,Verified,Web
P2P101028,2025-06-21,Lucknow,Salaried,44400.0,Medical,326400,302400,9.3,24,A,Completed,368100,8,Not Verified,Web
P2P100584,2023-04-12,Bengaluru,Business Owner,38100.0,Home Improvement,290700,280300,13.28,24,B,Active,110800,6,Verified,Web
P2P100753,2024-09-02,Delhi,Self-employed,58700.0,Debt Consolidation,70800,65600,9.62,48,A,Completed,87000,2,Verified,Mobile App
P2P101790,2024-03-18,Pune,Salaried,80500.0,Travel,104900,100100,9.73,36,A,Completed,126700,2,Verified,Mobile App
P2P100234,2024-02-08,Mumbai,Business Owner,79600.0,Vehicle,349000,325300,11.52,24,B,Completed,409100,7,Not Verified,Web
P2P100079,2023-06-08,Pune,Business Owner,138800.0,Travel,235000,222700,13.13,36,C,Completed,288700,6,Verified,Mobile App
P2P101832,2024-07-24,Delhi,Salaried,125500.0,Vehicle,184200,180300,14.38,36,D,Completed,237900,7,Verified,Mobile App
P2P101008,2025-06-27,Bengaluru,Business Owner,35500.0,Debt Consolidation,430400,413600,14.96,12,C,Completed,476500,15,Not Verified,Web
P2P101007,2024-12-10,Hyderabad,Business Owner,34300.0,Wedding,253900,246900,13.89,48,C,Completed,332200,7,Not Verified,Web
P2P101171,2024-08-16,Hyderabad,Salaried,31500.0,Small Business,65700,64900,10.75,24,B,Completed,76400,2,Not Verified,Mobile App
P2P100571,2024-03-12,Pune,Salaried,30000.0,Home Improvement,69700,66100,12.61,24,B,Completed,81300,1,Verified,Mobile App
P2P100944,2025-06-03,Bengaluru,Salaried,41400.0,Small Business,133900,130400,10.75,24,B,Completed,151000,4,Verified,Web
P2P101027,2025-07-13,Bengaluru,Salaried,29600.0,Travel,254700,246200,7.73,36,A,Completed,286200,7,Verified,Web
P2P101367,2025-01-12,Hyderabad,Self-employed,54900.0,Home Improvement,120600,109300,10.62,48,B,Active,90900,3,Verified,Mobile App
P2P100209,2021-01-16,Delhi,Salaried,110500.0,Debt Consolidation,220400,211500,10.07,36,A,Completed,264700,6,Verified,Mobile App
P2P100172,2021-02-20,Pune,Freelancer,18800.0,Debt Consolidation,149500,139900,8.03,60,A,Active,108500,5,Verified,Mobile App
P2P101377,2023-11-19,Hyderabad,Salaried,40100.0,Small Business,264600,243200,14.99,60,C,Completed,373200,7,Verified,Web
P2P101999,2021-06-24,Jaipur,Salaried,105800.0,Education,760100,724500,10.73,36,B,Completed,926600,15,Verified,Mobile App
P2P100873,2024-09-27,Pune,Salaried,102100.0,Wedding,451200,449600,14.69,36,C,Completed,562300,13,Not Verified,Mobile App
P2P100947,2022-02-11,Bengaluru,Self-employed,23200.0,Education,522200,517800,13.35,12,C,Defaulted,116000,18,Verified,Mobile App
P2P101788,2024-08-12,Jaipur,Business Owner,43500.0,Education,585600,532100,11.02,48,B,Completed,761600,18,Not Verified,Mobile App
P2P100262,2025-12-19,Ahmedabad,Business Owner,106600.0,Medical,251900,234400,11.92,48,B,Completed,317600,5,Verified,Web
P2P100070,2025-12-15,Mumbai,Business Owner,50500.0,Home Improvement,121300,113300,12.18,36,C,Late,62400,4,Verified,Mobile App
P2P100357,2021-03-23,Pune,Salaried,52300.0,Wedding,230000,221300,14.43,12,B,Completed,244000,5,Verified,Mobile App
P2P100033,2021-07-19,Kolkata,Salaried,52200.0,Education,430100,414300,17.42,60,D,Late,320600,12,Verified,Mobile App
P2P100203,2022-04-10,Jaipur,Salaried,88800.0,Home Improvement,90200,89300,7.92,36,A,Completed,101000,3,Verified,Mobile App
P2P101714,2023-12-17,Hyderabad,Freelancer,100700.0,Medical,226000,213000,14.47,36,C,Completed,286900,7,Verified,Web
P2P101075,2025-12-16,Hyderabad,Freelancer,67800.0,Medical,57500,56100,17.6,24,D,Completed,71400,1,Verified,Web
P2P100563,2022-02-10,Mumbai,Business Owner,54700.0,Debt Consolidation,298900,298800,10.53,12,B,Active,204700,7,Verified,Mobile App
P2P101376,2025-07-24,Bengaluru,Business Owner,18000.0,Small Business,618200,594900,15.39,36,C,Active,274800,19,Not Verified,Web
P2P101795,2021-05-08,Chennai,Salaried,92400.0,Debt Consolidation,340800,310800,14.5,24,C,Completed,404900,8,Verified,Mobile App
P2P100913,2024-08-27,Mumbai,Salaried,55300.0,Small Business,147300,137900,8.72,60,A,Completed,183100,3,Verified,Mobile App
P2P100545,2024-08-18,Hyderabad,Salaried,57300.0,Debt Consolidation,175900,162000,7.95,60,A,Active,81500,4,Verified,Mobile App
P2P100169,2021-05-05,Bengaluru,Salaried,55900.0,Small Business,209400,208500,19.98,36,D,Completed,275400,7,Verified,Mobile App
P2P101397,2023-10-23,Mumbai,Salaried,67200.0,Vehicle,481000,452200,15.66,36,C,Completed,607300,10,Verified,Web
P2P101458,2024-11-15,Delhi,Salaried,30700.0,Small Business,153800,152700,16.71,36,D,Defaulted,32300,4,Verified,Mobile App
P2P100374,2024-11-25,Jaipur,Salaried,78000.0,Home Improvement,395400,394100,14.2,36,C,Late,221900,11,Verified,Web
P2P101411,2022-07-22,Delhi,Self-employed,49200.0,Home Improvement,95400,88500,9.3,36,A,Completed,111500,2,Verified,Mobile App
P2P101987,2025-01-27,Kolkata,Salaried,41400.0,Debt Consolidation,150200,144800,13.08,36,C,Completed,185100,4,Verified,Mobile App
P2P100233,2024-06-16,,Salaried,40400.0,Wedding,501100,465800,13.19,36,B,Completed,613200,18,Verified,Web
P2P101793,2024-03-09,Delhi,Freelancer,56000.0,Medical,204300,202700,13.34,36,C,Completed,244500,5,Verified,Web
P2P100164,2024-04-14,Delhi,Salaried,79200.0,Vehicle,171700,154800,9.87,48,B,Active,115900,5,Verified,Web
P2P101601,2022-06-20,Chennai,Salaried,65500.0,Debt Consolidation,106400,98700,16.4,36,D,Active,78700,3,Verified,Mobile App
P2P101995,2025-02-25,Bengaluru,Salaried,133700.0,Education,47600,45200,9.76,24,A,Completed,54300,2,Verified,Mobile App
P2P101074,2021-02-24,Bengaluru,Salaried,133600.0,Debt Consolidation,112900,104000,18.13,24,D,Completed,139900,3,Verified,Mobile App
P2P100352,2025-07-06,Hyderabad,Self-employed,64000.0,Wedding,201200,188100,14.89,48,C,Completed,274800,7,Verified,Mobile App
P2P100489,2025-10-31,Delhi,Business Owner,52900.0,Medical,55600,55000,9.75,48,A,Completed,70500,1,Verified,Mobile App
P2P101288,2023-05-24,Mumbai,Salaried,59400.0,Vehicle,369700,369500,18.54,24,D,Active,333000,15,Verified,Mobile App
P2P101019,2025-09-17,Delhi,Salaried,73200.0,Debt Consolidation,164300,156100,13.69,36,B,Active,77100,4,Verified,Mobile App
P2P101516,2021-01-24,Ahmedabad,Business Owner,36700.0,Wedding,220300,215700,11.35,36,B,Completed,269600,5,Verified,Mobile App
P2P100064,2023-06-04,Pune,Salaried,122900.0,Education,276500,251300,19.0,36,D,Completed,367400,5,Verified,Web
P2P100157,2024-11-09,Kolkata,Salaried,40200.0,Debt Consolidation,125400,114200,11.68,24,A,Completed,143700,2,Not Verified,Mobile App
P2P100797,2025-10-08,Lucknow,Salaried,37100.0,Debt Consolidation,235900,234500,14.9,36,D,Completed,303700,5,Verified,Web
P2P101918,2024-07-11,Bengaluru,Self-employed,30200.0,Home Improvement,308700,289200,18.16,24,D,Active,243900,6,Verified,Web
P2P100765,2021-04-13,Kolkata,Salaried,46300.0,Debt Consolidation,122800,115900,9.32,24,A,Completed,141500,3,Verified,Web
P2P100615,2025-07-27,Bengaluru,Salaried,33700.0,Home Improvement,692000,649900,12.8,24,B,Completed,819000,23,Verified,Mobile App
P2P101247,2022-01-29,Chennai,Business Owner,76700.0,Education,146300,141400,8.22,36,A,Completed,173400,4,Verified,Web
P2P101100,2023-05-23,Jaipur,Salaried,71200.0,Home Improvement,170400,170400,7.65,36,A,Completed,189600,4,Verified,Web
P2P101928,2024-01-21,Ahmedabad,Self-employed,76600.0,Small Business,129200,127900,11.66,36,B,Completed,160400,3,Verified,Mobile App
P2P101574,2025-07-14,Kolkata,Self-employed,46900.0,Travel,217000,215600,11.25,48,B,Active,153000,5,Verified,Mobile App
P2P101319,2021-09-07,Hyderabad,Salaried,38300.0,Vehicle,278400,261900,13.66,60,B,Completed,397500,6,Verified,Web
P2P100045,2022-11-23,Chennai,Salaried,45300.0,Vehicle,172300,155200,13.01,24,C,Active,90700,3,Verified,Web
P2P101446,2022-05-16,Chennai,Salaried,62800.0,Medical,103700,99300,9.34,48,B,Active,66800,3,Verified,Web
P2P100854,2025-08-27,Kolkata,,21700.0,Wedding,162800,150400,14.39,36,B,Completed,202600,3,Verified,Mobile App
P2P100260,2021-10-25,Mumbai,Salaried,100800.0,Home Improvement,348900,315000,12.88,24,B,Active,144500,11,Verified,Web
P2P101429,2024-09-19,Chennai,Self-employed,110100.0,Vehicle,95900,93300,12.24,48,B,Active,89800,3,Verified,Web
P2P100857,2021-04-22,Pune,Salaried,37400.0,Debt Consolidation,545800,544500,11.27,60,A,Completed,746800,20,Verified,Web
P2P100821,2025-04-30,Hyderabad,Salaried,44400.0,Wedding,342600,338800,14.67,24,C,Completed,400800,8,Not Verified,Mobile App
P2P100523,2025-11-24,Kolkata,Business Owner,77100.0,Debt Consolidation,390700,387900,10.32,24,B,Completed,439200,12,Verified,Mobile App
P2P101399,2024-08-17,Chennai,Salaried,82200.0,Debt Consolidation,187500,171100,11.74,24,B,Completed,219800,4,Verified,Web
P2P101630,2023-11-29,Kolkata,Salaried,100800.0,Medical,126900,118500,10.58,48,B,Completed,159600,2,Verified,Web
P2P100624,2024-01-26,Pune,Self-employed,,Wedding,334100,332200,12.9,48,C,Active,143600,8,Verified,Web
P2P100317,2023-09-11,Chennai,Self-employed,28800.0,Debt Consolidation,345300,322600,11.07,48,B,Completed,444100,8,Verified,Web
P2P101970,2021-03-22,Jaipur,Business Owner,88500.0,Home Improvement,170700,168200,15.46,24,C,Active,94300,6,Verified,Web
P2P101346,2023-10-13,Mumbai,Salaried,138000.0,Small Business,215900,211500,13.82,36,C,Active,148900,5,Verified,Mobile App
P2P100619,2025-05-04,Hyderabad,Salaried,61800.0,Vehicle,657100,623000,11.44,36,B,Active,233900,16,Verified,Mobile App
P2P101645,2021-09-30,Mumbai,Self-employed,91100.0,Small Business,48000,45400,10.52,24,B,Completed,54800,1,Verified,Web
P2P101946,2024-03-17,Bengaluru,Salaried,45900.0,Debt Consolidation,331600,331500,12.27,36,B,Late,149700,8,Verified,Mobile App
P2P101875,2025-02-02,Hyderabad,Salaried,113000.0,Debt Consolidation,209100,203400,12.26,36,B,Defaulted,68300,7,Verified,Mobile App
P2P100351,2024-02-24,Bengaluru,Business Owner,39300.0,Medical,317200,310000,11.02,24,B,Completed,353200,9,Verified,Mobile App
P2P100839,2024-06-22,Bengaluru,Salaried,18000.0,Small Business,219800,209500,9.05,36,A,Completed,257200,5,Verified,Web
P2P100023,2023-02-02,Ahmedabad,Self-employed,44100.0,Wedding,229600,224800,10.27,24,A,Completed,260700,6,Verified,Web
P2P101355,2024-01-30,Mumbai,Salaried,109000.0,Debt Consolidation,326400,314400,11.26,60,B,Completed,439900,12,Verified,Web
P2P101982,2025-04-30,Mumbai,Salaried,18000.0,Vehicle,256000,242000,9.48,36,A,Active,170800,7,Verified,Web
P2P101632,2023-05-18,Pune,Self-employed,101400.0,Debt Consolidation,137600,126900,15.25,36,C,Completed,179800,3,Verified,Web
P2P100488,2023-01-12,Delhi,Salaried,74900.0,Vehicle,138700,129500,11.15,12,B,Active,55600,4,Not Verified,Web
P2P101300,2024-12-31,Pune,Salaried,43700.0,Vehicle,501800,457900,14.12,24,C,Completed,578600,11,Verified,Mobile App
P2P100799,2024-12-16,Bengaluru,Salaried,49800.0,Travel,176300,158800,14.83,12,C,Active,105800,3,Verified,Mobile App
P2P100393,2023-07-03,Kolkata,Self-employed,69500.0,Home Improvement,215100,199900,11.32,24,B,Active,82400,7,Verified,Web
P2P100219,2024-10-05,Delhi,Self-employed,47000.0,Vehicle,189000,170300,14.55,36,C,Active,117000,5,Verified,Web
P2P101538,2024-11-22,Delhi,Business Owner,46700.0,Home Improvement,99400,98400,14.89,24,B,Completed,120000,4,Verified,Mobile App
P2P101562,2022-10-03,Chennai,Freelancer,41200.0,Vehicle,109500,103200,19.94,24,E,Active,40800,2,Verified,Web
P2P100465,2025-11-14,Ahmedabad,Self-employed,143800.0,Medical,425700,395200,12.97,36,C,Active,385600,10,Verified,Mobile App
P2P100154,2024-02-03,Bengaluru,Salaried,35000.0,Vehicle,354100,353500,11.88,48,B,Completed,452500,12,Verified,Mobile App
P2P101134,2022-08-25,Mumbai,Salaried,62800.0,Education,87400,85900,10.11,48,B,Completed,107500,3,Verified,Web
P2P101338,2024-11-21,Mumbai,Salaried,24200.0,Small Business,188100,178600,17.61,12,D,Active,148900,6,Verified,Mobile App
P2P100966,2023-06-02,Bengaluru,Salaried,57000.0,Small Business,62900,60600,,36,A,Completed,70900,2,Verified,Mobile App
P2P101216,2022-08-26,Pune,,49200.0,Debt Consolidation,477000,443200,10.95,60,A,Completed,630800,14,Not Verified,Web
P2P100408,2021-02-03,Delhi,Salaried,48300.0,Debt Consolidation,124600,116800,10.69,24,B,Active,82500,3,Verified,Web
P2P100161,2023-06-25,Bengaluru,Salaried,51000.0,Small Business,296400,289000,12.34,36,B,Late,211100,6,Not Verified,Mobile App
P2P100599,2022-06-21,Jaipur,Salaried,84200.0,Debt Consolidation,203900,188600,11.65,36,B,Late,115100,5,Verified,Web
P2P101938,2025-05-28,Pune,Salaried,35600.0,Debt Consolidation,379800,366200,12.65,36,C,Completed,472600,9,Not Verified,Web
P2P100723,2021-07-23,Ahmedabad,Salaried,91800.0,Vehicle,226900,226600,8.96,36,A,Active,116600,7,Verified,Web
P2P100503,2023-03-07,Hyderabad,Salaried,37300.0,Medical,285400,281500,17.28,24,C,Completed,355900,6,Verified,Mobile App
P2P101829,2025-04-25,Pune,Salaried,48600.0,Vehicle,271600,255700,14.49,24,C,Completed,324600,5,Verified,Web
P2P100402,2025-09-01,Jaipur,Salaried,29300.0,Debt Consolidation,333100,311400,15.76,36,C,Active,188700,6,Verified,Web
P2P100713,2024-01-07,Chennai,Salaried,47900.0,Home Improvement,191400,179600,18.49,24,D,Completed,230000,5,Not Verified,Mobile App
P2P100958,2021-05-24,Chennai,Self-employed,165800.0,Vehicle,186800,175400,17.89,36,D,Completed,244400,7,Not Verified,Mobile App
P2P101787,2024-09-15,Delhi,Salaried,67100.0,Medical,362900,347800,9.26,36,A,Completed,427500,8,Verified,Web
P2P100726,2025-06-18,Bengaluru,Salaried,33100.0,Home Improvement,441500,416600,15.75,36,C,Completed,580100,15,Verified,Web
P2P100495,2023-12-24,Lucknow,Self-employed,109900.0,Education,157500,148800,12.23,24,B,Active,69900,5,Verified,Mobile App
P2P101112,2022-09-04,Jaipur,Business Owner,65800.0,Debt Consolidation,169100,169000,13.08,24,B,Completed,194100,4,Verified,Web
P2P101639,2025-12-22,Bengaluru,Salaried,22600.0,Debt Consolidation,152100,145800,14.1,36,D,Active,89400,3,Verified,Mobile App
P2P100016,2022-05-31,Kolkata,Salaried,43400.0,Home Improvement,379900,372900,14.24,12,C,Active,284500,9,Verified,Mobile App
P2P101715,2021-06-28,Bengaluru,Self-employed,39500.0,Travel,109500,109400,10.49,36,B,Active,83300,3,Verified,Web
P2P100437,2021-08-11,Pune,Salaried,206100.0,Home Improvement,575000,563300,21.42,24,E,Late,302200,19,Verified,Web
P2P101289,2021-04-12,Lucknow,Salaried,37600.0,Wedding,388900,377000,9.56,12,A,Active,246100,9,Verified,Mobile App
P2P101692,2024-02-23,Jaipur,Salaried,82800.0,Education,83100,76800,14.93,36,C,Completed,103700,2,Verified,Mobile App
P2P102000,2023-01-14,Bengaluru,Salaried,44300.0,Debt Consolidation,116600,113100,12.06,12,B,Late,53400,3,Not Verified,Mobile App
P2P100963,2022-10-23,Lucknow,Salaried,51500.0,Home Improvement,120000,117800,19.48,36,E,Active,95200,3,Verified,Web
P2P100293,2025-05-25,Lucknow,Salaried,24000.0,Debt Consolidation,206700,189000,11.39,24,B,Completed,233100,7,Verified,Web
P2P100818,2023-08-23,Jaipur,Business Owner,74900.0,Debt Consolidation,538600,513100,12.59,24,B,Active,420400,16,Not Verified,Mobile App
P2P100841,2021-02-10,Jaipur,Freelancer,55900.0,Home Improvement,258600,233200,12.21,36,B,Completed,304500,8,Verified,Web
P2P101147,2025-04-23,Kolkata,Self-employed,96000.0,Wedding,171700,154500,15.47,24,C,Active,96900,3,Verified,Web
P2P100386,2025-05-01,Pune,Salaried,,Medical,539500,498800,9.83,36,A,Active,314000,10,Verified,Mobile App
P2P100092,2025-01-09,Kolkata,Salaried,40800.0,Travel,175700,158400,10.43,24,A,Completed,195100,5,Not Verified,Mobile App
P2P100917,2023-02-06,Delhi,Salaried,33300.0,Small Business,122600,112600,10.55,36,B,Active,88700,2,Verified,Mobile App
P2P100305,2025-01-25,Delhi,Business Owner,38200.0,Wedding,87300,79200,11.26,36,B,Active,58100,2,Verified,Web
P2P101481,2025-05-19,Delhi,Business Owner,57700.0,Debt Consolidation,106900,100500,14.63,48,C,Defaulted,18100,2,Verified,Web
P2P101194,2024-08-22,Mumbai,Freelancer,43900.0,Home Improvement,100200,92800,10.8,60,B,Active,55500,3,Verified,Web
P2P101748,2022-11-26,Kolkata,Freelancer,57100.0,Home Improvement,291700,277500,21.45,60,E,Active,211400,6,Verified,Web
P2P100282,2023-04-30,Pune,Self-employed,27500.0,Home Improvement,331300,301400,17.47,24,D,Active,286700,8,Not Verified,Mobile App
P2P100232,2024-02-23,Jaipur,Salaried,96800.0,Debt Consolidation,540600,490000,14.1,36,C,Completed,660300,11,Not Verified,Web
P2P101524,2021-11-07,Chennai,Salaried,92900.0,Debt Consolidation,81200,73700,17.77,12,D,Late,57100,2,Verified,Mobile App
P2P100443,2023-07-08,Chennai,Salaried,35000.0,Small Business,834600,829800,13.3,36,C,Late,623400,32,Verified,Mobile App
P2P100665,2021-11-08,Jaipur,Business Owner,42400.0,Medical,173700,170000,10.55,36,B,Late,112100,4,Verified,Mobile App
P2P100996,2021-10-08,Pune,Business Owner,34200.0,Vehicle,138700,130500,14.69,24,C,Active,85100,5,Verified,Mobile App
P2P100814,2025-09-24,Kolkata,Salaried,45300.0,Debt Consolidation,397700,367700,11.65,48,B,Active,256400,8,Verified,Web
P2P100144,2023-02-18,Ahmedabad,Business Owner,36700.0,Home Improvement,126500,119700,14.25,48,C,Active,52700,3,Verified,Mobile App
P2P100669,2022-06-07,Bengaluru,Self-employed,34000.0,Small Business,170600,168000,7.5,24,A,Completed,185400,4,Verified,Web
P2P100822,2021-01-15,Hyderabad,Salaried,53900.0,Debt Consolidation,222000,212600,12.53,48,B,Completed,294400,6,Verified,Mobile App
P2P100181,2023-05-06,Pune,Salaried,36900.0,Home Improvement,762700,740400,19.74,36,E,Defaulted,154200,18,Verified,Web
P2P101423,2021-05-08,Delhi,Freelancer,114900.0,Small Business,135100,123700,12.53,60,B,Active,99400,5,Verified,Web
P2P100521,2024-07-12,Mumbai,Business Owner,,Small Business,261400,246800,15.2,36,C,Active,139400,7,Verified,Mobile App
P2P101585,2025-12-16,Hyderabad,Salaried,93100.0,Home Improvement,200800,194400,10.35,24,B,Late,120200,4,Verified,Mobile App
P2P101703,2023-03-11,,Salaried,97700.0,Home Improvement,479000,475200,11.31,12,A,Completed,511800,16,Verified,Web
P2P100962,2024-07-26,Delhi,Salaried,101400.0,Home Improvement,133700,127000,7.96,36,A,Completed,157100,4,Verified,Mobile App
P2P100588,2022-01-23,Bengaluru,Salaried,52700.0,Small Business,185400,170000,7.5,60,A,Active,96800,4,Verified,Mobile App
P2P100204,2025-08-27,Chennai,Freelancer,49000.0,Debt Consolidation,180400,172100,10.23,36,A,Completed,216300,4,Not Verified,Mobile App
P2P100694,2022-10-16,Kolkata,Salaried,48100.0,Education,235000,231200,11.92,24,B,Completed,273600,7,Not Verified,Web
P2P100308,2023-04-01,Delhi,Self-employed,60300.0,Medical,133500,121300,14.11,36,C,Active,83900,2,Not Verified,Mobile App
P2P100853,2022-08-01,Jaipur,Business Owner,46200.0,Debt Consolidation,181600,179900,13.52,36,B,Active,87500,6,Not Verified,Web
P2P100479,2025-11-23,Hyderabad,Self-employed,94500.0,Debt Consolidation,136500,127000,12.08,24,A,Active,76100,3,Verified,Web
P2P100192,2025-08-26,Chennai,Business Owner,74100.0,Wedding,153300,152500,9.72,12,B,Defaulted,52800,4,Not Verified,Mobile App
P2P100675,2023-09-14,Bengaluru,Salaried,63500.0,Wedding,268600,259200,7.5,36,A,Completed,304900,5,Verified,Web
P2P101149,2025-06-29,Hyderabad,Self-employed,44800.0,Vehicle,196500,190000,9.24,24,B,Completed,220700,6,Verified,Web
P2P100108,2025-03-02,Bengaluru,Salaried,59700.0,Wedding,214200,211200,10.41,36,A,Completed,260200,7,Verified,Mobile App
P2P101342,2023-12-22,Delhi,Freelancer,55200.0,Medical,229300,227900,11.0,12,B,Completed,243400,7,Verified,Web
P2P101519,2022-10-19,Kolkata,Salaried,72000.0,Debt Consolidation,266500,243100,9.62,36,A,Completed,308800,6,Verified,Web
P2P100391,2025-12-20,Bengaluru,Salaried,49400.0,Home Improvement,310600,297900,15.08,24,C,Completed,373100,7,Not Verified,Mobile App
P2P100342,2024-01-10,Chennai,Salaried,40700.0,Debt Consolidation,248100,240400,16.36,24,D,Completed,305400,5,Not Verified,Mobile App
P2P100737,2023-08-11,Lucknow,Salaried,19700.0,Travel,363900,328100,9.28,36,A,Completed,431600,8,Verified,Web
P2P101503,2021-03-20,Bengaluru,Salaried,51200.0,Travel,375500,346400,14.9,24,C,Completed,440800,10,Verified,Mobile App
P2P100542,2024-07-31,Kolkata,Salaried,37500.0,Small Business,182500,171100,12.83,36,B,Active,78100,4,Not Verified,Web
P2P101681,2023-05-15,Jaipur,Salaried,53200.0,Small Business,309700,296200,14.54,24,C,Completed,351700,9,Verified,Mobile App
P2P101607,2021-07-27,Mumbai,Business Owner,77900.0,Vehicle,438700,421600,8.35,48,A,Completed,523600,9,Verified,Web
P2P101798,2021-08-09,Mumbai,Freelancer,59300.0,Debt Consolidation,150600,139100,17.75,24,D,Active,111200,3,Not Verified,Mobile App
P2P100717,2025-06-04,Bengaluru,Self-employed,98300.0,Medical,193900,193400,9.63,24,A,Completed,217400,4,Verified,Web
P2P101943,2025-04-08,Jaipur,Salaried,40000.0,Debt Consolidation,631300,575100,11.61,36,B,Active,405300,15,Verified,Mobile App
P2P101165,2022-04-08,Chennai,Salaried,47600.0,Debt Consolidation,558600,544700,19.65,36,D,Active,410700,18,Verified,Mobile App
P2P101775,2025-04-10,Delhi,Salaried,53000.0,Small Business,143600,132600,11.72,24,B,Completed,162400,3,Verified,Mobile App
P2P100798,2024-05-29,Delhi,Business Owner,29200.0,Medical,159000,143300,16.78,36,D,Defaulted,31600,3,Verified,Mobile App
P2P100015,2022-05-27,Hyderabad,Self-employed,156600.0,Education,194700,184800,9.03,24,A,Completed,213400,4,Verified,Web
P2P101050,2021-03-07,Hyderabad,,58200.0,Debt Consolidation,300500,287000,11.35,24,C,Active,165100,10,Not Verified,Web
P2P101687,2025-09-26,Kolkata,Salaried,63700.0,Wedding,116300,111600,13.2,60,C,Active,64800,4,Verified,Mobile App
P2P100113,2025-10-05,Jaipur,Salaried,64800.0,Debt Consolidation,151100,147700,12.27,24,B,Completed,177100,3,Verified,Mobile App
P2P101364,2024-09-08,Ahmedabad,Self-employed,73400.0,Debt Consolidation,503700,477300,16.51,12,D,Completed,548500,14,Verified,Web
P2P101859,2025-06-18,Bengaluru,Salaried,51600.0,Home Improvement,83400,75500,12.18,12,B,Completed,87400,2,Verified,Web
P2P100279,2024-12-24,Ahmedabad,Salaried,48300.0,Medical,246300,236400,13.16,36,C,Completed,311300,7,Verified,Mobile App
P2P101170,2023-01-23,Mumbai,Business Owner,47900.0,Home Improvement,612900,607900,11.27,60,A,Active,401900,18,Verified,Web
P2P100031,2024-08-02,Pune,,45100.0,Debt Consolidation,242600,238900,,24,C,Active,162500,7,Verified,Web
P2P100562,2022-08-08,Delhi,,61700.0,Small Business,74900,68600,12.4,36,C,Completed,91600,2,Verified,Web
P2P100833,2022-02-20,Hyderabad,Self-employed,46100.0,Debt Consolidation,81700,73700,12.39,24,B,Completed,91800,2,Verified,Mobile App
P2P101821,2022-07-22,Delhi,Business Owner,66400.0,Home Improvement,346600,343500,12.0,12,B,Completed,372000,8,Verified,Web
P2P101328,2025-04-14,Kolkata,Salaried,65700.0,Education,828600,805700,8.46,36,A,Active,381000,22,Verified,Mobile App
P2P101910,2022-03-11,Hyderabad,Salaried,73400.0,Home Improvement,285800,283800,9.01,12,A,Active,95600,8,Verified,Mobile App
P2P100452,2024-05-19,Lucknow,Salaried,64800.0,Travel,172400,162600,9.96,24,B,Active,69900,4,Verified,Web
P2P100793,2024-02-28,Delhi,Salaried,74500.0,Education,485100,446900,15.19,24,C,Completed,591900,10,Verified,Web
P2P100159,2022-10-05,Bengaluru,Freelancer,46300.0,Education,135100,122200,15.09,12,C,Completed,150500,3,Verified,Mobile App
P2P100710,2024-11-23,Jaipur,Self-employed,55800.0,Debt Consolidation,94600,92600,13.58,24,C,Active,49700,2,Not Verified,Web
P2P101657,2024-05-12,Chennai,Self-employed,57300.0,Home Improvement,335800,332700,15.1,24,C,Active,287100,11,Verified,Web
P2P100911,2024-07-06,Delhi,Business Owner,30800.0,Debt Consolidation,484100,447700,11.55,60,B,Late,144900,11,Verified,Web
P2P101032,2024-07-16,Mumbai,Salaried,103100.0,Home Improvement,387700,352600,15.73,60,D,Completed,567300,7,Verified,Web
P2P100004,2024-07-19,Pune,Salaried,85400.0,Debt Consolidation,369600,365700,13.02,36,C,Active,153600,9,Verified,Web
P2P100120,2024-04-19,Chennai,Self-employed,38000.0,Wedding,406300,381700,10.71,36,B,Active,233000,8,Verified,Web
P2P101689,2024-07-31,Delhi,Salaried,94800.0,Debt Consolidation,558600,516700,14.43,60,C,Active,557700,13,Verified,Web
P2P101090,2022-09-21,Bengaluru,Salaried,57000.0,Debt Consolidation,588700,539000,15.19,24,D,Active,298600,11,Verified,Web
P2P101891,2021-10-31,Bengaluru,Self-employed,53300.0,Small Business,443100,425100,7.65,36,A,Active,360800,16,Verified,Mobile App
P2P101547,2025-05-04,Kolkata,Salaried,41000.0,Debt Consolidation,128400,120600,9.75,36,A,Active,71800,4,Verified,Mobile App
P2P101057,2025-03-17,Kolkata,Salaried,32200.0,Medical,170200,164500,12.46,36,B,Defaulted,24700,4,Verified,Web
P2P100871,2023-07-06,Hyderabad,Salaried,51000.0,Wedding,331600,325400,14.99,36,C,Active,254200,10,Verified,Web
P2P100075,2025-01-01,Delhi,Self-employed,64600.0,Vehicle,90600,90100,13.48,24,C,Active,65300,2,Verified,Mobile App
P2P100183,2025-09-29,,Self-employed,75500.0,Debt Consolidation,798700,719800,10.03,24,A,Completed,887400,17,Verified,Mobile App
P2P101052,2024-04-03,Hyderabad,Business Owner,93500.0,Education,245400,221500,14.28,60,B,Active,217000,6,Verified,Mobile App
P2P100993,2022-12-25,Mumbai,Salaried,58100.0,Education,783000,748800,13.66,36,C,Active,680700,24,Verified,Mobile App
P2P100895,2024-11-03,Hyderabad,Salaried,67400.0,Debt Consolidation,597600,594100,13.26,36,B,Active,333600,19,Verified,Mobile App
P2P101382,2023-08-08,Mumbai,,110100.0,Home Improvement,132900,127500,15.87,12,C,Completed,150300,5,Not Verified,Web
P2P101036,2024-12-16,Ahmedabad,Salaried,25200.0,Debt Consolidation,191600,178700,8.2,12,A,Completed,197200,6,Verified,Web
P2P100670,2023-01-20,Bengaluru,Self-employed,53700.0,Home Improvement,575500,551800,17.46,24,D,Completed,678600,17,Verified,Mobile App
P2P100267,2024-12-17,Lucknow,Self-employed,60700.0,Medical,294000,279700,17.96,60,D,Completed,463600,9,Verified,Mobile App
P2P101590,2025-01-14,Bengaluru,Self-employed,88600.0,Debt Consolidation,399000,375700,15.47,36,C,Completed,519300,10,Not Verified,Mobile App
P2P100125,2022-09-12,Kolkata,Business Owner,38100.0,Travel,377500,350600,9.15,24,A,Late,165200,8,Not Verified,Web
P2P100283,2023-07-10,Kolkata,Salaried,112700.0,Education,185100,175300,11.84,36,B,Active,82900,4,Not Verified,Mobile App
P2P101773,2025-08-19,Mumbai,Salaried,21600.0,Home Improvement,399500,391900,14.25,36,C,Active,342800,9,Verified,Web
P2P101142,2023-05-18,Bengaluru,Salaried,78400.0,Wedding,231700,213700,10.93,24,B,Active,99300,8,Verified,Mobile App
P2P101980,2025-06-18,Chennai,Salaried,102100.0,Home Improvement,211300,202300,10.57,48,B,Defaulted,90600,5,Not Verified,Mobile App
P2P101651,2021-04-21,Bengaluru,Self-employed,48700.0,Small Business,123400,117300,13.88,48,C,Defaulted,18700,4,Verified,Web
P2P101462,2024-10-08,Delhi,Salaried,72300.0,Debt Consolidation,271800,263300,12.45,36,B,Completed,324500,8,Not Verified,Web
P2P101770,2023-08-15,Chennai,Business Owner,74500.0,Debt Consolidation,106500,96000,16.0,36,C,Active,97800,2,Verified,Mobile App
P2P100767,2025-03-11,Lucknow,Business Owner,113300.0,Education,580100,579400,18.4,24,D,Active,244200,15,Verified,Mobile App
P2P100502,2024-04-14,Bengaluru,Salaried,116800.0,Small Business,332400,308100,14.83,48,C,Active,140200,8,Verified,Mobile App
P2P100539,2023-11-29,Hyderabad,Salaried,41300.0,Small Business,139000,136800,17.51,24,D,Active,59200,4,Verified,Web
P2P101431,2023-12-07,Mumbai,Self-employed,45900.0,Medical,502100,465800,12.58,12,B,Completed,548800,11,Verified,Mobile App
P2P101730,2024-08-14,Pune,Freelancer,108100.0,Medical,406800,382800,17.76,48,D,Active,346700,13,Verified,Web
P2P101241,2025-07-21,Ahmedabad,Freelancer,78700.0,Home Improvement,366000,343500,13.44,36,C,Completed,464300,7,Verified,Mobile App
P2P100383,2024-09-04,Bengaluru,Salaried,55400.0,Wedding,387700,373800,17.28,48,D,Completed,553900,12,Verified,Web
P2P100415,2024-09-08,Mumbai,Salaried,88200.0,Education,334400,322500,18.54,12,D,Completed,365400,8,Verified,Mobile App
P2P101359,2023-01-04,Mumbai,Business Owner,102000.0,Vehicle,212700,199700,14.62,12,C,Completed,232900,8,Verified,Mobile App
P2P101409,2024-06-29,Mumbai,Salaried,63900.0,Debt Consolidation,111400,106100,17.52,48,D,Completed,155000,4,Verified,Web
P2P101874,2025-06-16,Jaipur,Business Owner,91100.0,Vehicle,193100,175000,11.44,12,B,Completed,213700,4,Verified,Mobile App
P2P100058,2022-06-29,Hyderabad,Salaried,28000.0,Home Improvement,149700,145500,10.15,36,A,Active,60800,5,Verified,Mobile App
P2P101811,2024-10-22,Mumbai,Salaried,24900.0,Small Business,142200,135500,15.1,36,C,Late,56700,5,Not Verified,Mobile App
P2P101610,2024-04-20,Mumbai,Salaried,70900.0,Travel,412700,391100,8.02,36,A,Completed,468800,11,Not Verified,Web
P2P100501,2024-12-19,Mumbai,Self-employed,19100.0,Vehicle,303800,286300,13.44,12,A,Completed,320400,9,Not Verified,Web
P2P101072,2022-09-25,Hyderabad,Self-employed,23300.0,Medical,272800,264200,19.94,36,E,Late,140000,5,Not Verified,Mobile App
P2P101695,2023-06-25,Jaipur,Self-employed,63700.0,Home Improvement,60000,54700,12.19,12,B,Completed,66700,1,Not Verified,Web
P2P100117,2025-05-01,Chennai,Business Owner,68600.0,Home Improvement,153900,145700,9.24,48,B,Active,105300,5,Verified,Mobile App
P2P101412,2021-12-09,Hyderabad,Salaried,63900.0,Debt Consolidation,177400,168800,13.88,60,C,Late,83100,3,Verified,Mobile App
P2P100526,2024-01-02,Lucknow,Salaried,54700.0,Debt Consolidation,273700,255000,12.38,36,B,Completed,343200,7,Not Verified,Web
P2P101545,2025-11-15,Mumbai,Self-employed,36800.0,Vehicle,261900,240500,11.12,60,A,Completed,340900,7,Not Verified,Web
P2P100082,2024-08-26,Lucknow,Salaried,52000.0,Debt Consolidation,493500,471500,14.75,36,C,Completed,643600,9,Verified,Mobile App
P2P101428,2025-11-02,Delhi,Salaried,59300.0,Medical,283000,273100,12.68,24,B,Completed,334600,6,Verified,Mobile App
P2P101320,2021-07-04,Lucknow,Salaried,43800.0,Small Business,157900,147400,12.03,36,B,Completed,197700,5,Verified,Mobile App
P2P100946,2021-02-03,Kolkata,Freelancer,55400.0,Debt Consolidation,115500,112000,12.94,24,B,Active,81900,3,Verified,Mobile App
P2P101392,2021-08-14,Bengaluru,Salaried,51200.0,Wedding,189700,172600,10.98,48,B,Completed,241600,5,Verified,Web
P2P100770,2025-05-23,Delhi,Salaried,36100.0,Small Business,156800,153300,9.03,12,A,Active,105700,4,Verified,Web
P2P101163,2023-04-24,Pune,Salaried,142200.0,Home Improvement,311900,311500,20.19,48,E,Active,238000,7,Verified,Mobile App
P2P100719,2022-01-12,Mumbai,Salaried,138300.0,Vehicle,248700,234600,8.25,12,A,Active,97900,6,Verified,Mobile App
P2P100019,2023-10-25,Pune,Salaried,95800.0,Debt Consolidation,59600,57800,9.81,36,A,Active,42600,2,Verified,Mobile App
P2P101442,2021-10-15,Bengaluru,Salaried,72000.0,Education,248600,233900,10.16,24,B,Defaulted,83900,5,Verified,Mobile App
P2P100272,2025-05-09,Jaipur,Freelancer,44500.0,Home Improvement,484500,480900,10.49,36,A,Completed,577500,16,Verified,Web
P2P101644,2024-08-26,Mumbai,,36000.0,Education,69100,64400,8.91,24,B,Active,54700,2,Verified,Web
P2P100417,2023-02-04,Delhi,Salaried,120600.0,Home Improvement,309100,295700,12.97,60,C,Completed,430800,9,Verified,Mobile App
P2P101745,2023-09-25,Hyderabad,Salaried,41400.0,Debt Consolidation,294900,277600,10.23,36,B,Completed,346000,6,Verified,Web
P2P101078,2024-11-20,Pune,Salaried,65800.0,Debt Consolidation,243700,227800,12.92,12,B,Active,178600,5,Verified,Web
P2P101267,2023-08-11,Mumbai,Salaried,93400.0,Education,893600,817300,13.41,24,B,Completed,1053100,22,Verified,Mobile App
P2P101951,2021-09-29,Lucknow,Salaried,23600.0,Debt Consolidation,310100,290300,13.48,24,B,Completed,371700,7,Not Verified,Mobile App
P2P100768,2025-07-31,Mumbai,Salaried,21600.0,Debt Consolidation,352400,328900,11.32,12,B,Active,248700,9,Not Verified,Web
P2P100982,2025-03-21,Hyderabad,Salaried,54000.0,Debt Consolidation,347200,335500,10.53,24,B,Completed,399900,9,Verified,Web
P2P101822,2022-01-06,Delhi,Salaried,54700.0,Home Improvement,77400,76700,13.21,36,B,Completed,98400,2,Verified,Web
P2P101042,2025-04-15,Delhi,Self-employed,36500.0,Travel,293800,291900,22.33,24,E,Active,173500,11,Verified,Mobile App
P2P101922,2021-01-10,Chennai,Freelancer,67300.0,Home Improvement,291000,268100,12.87,12,C,Active,119900,6,Not Verified,Mobile App
P2P100581,2023-12-15,Jaipur,Freelancer,39600.0,Debt Consolidation,416300,384000,13.59,48,C,Defaulted,125300,11,Not Verified,Mobile App
P2P100397,2025-07-08,Hyderabad,Salaried,33100.0,Debt Consolidation,205600,194000,14.17,48,C,Active,125800,6,Verified,Mobile App
P2P100178,2023-07-31,Mumbai,Business Owner,62800.0,Medical,91600,87000,12.39,24,B,Active,68800,3,Verified,Web
P2P101967,2022-06-02,Mumbai,Business Owner,39200.0,Home Improvement,199800,187900,16.48,36,D,Completed,254800,4,Not Verified,Web
P2P100603,2022-05-16,Delhi,Business Owner,46600.0,Small Business,167000,154100,,36,B,Active,90100,3,Verified,Mobile App
P2P100238,2021-03-16,Chennai,Business Owner,34700.0,Debt Consolidation,334800,309600,21.54,48,E,Active,220900,6,Verified,Web
P2P101860,2025-01-28,Mumbai,Self-employed,81600.0,Vehicle,197100,196100,8.33,24,A,Completed,211300,5,Verified,Mobile App
P2P101443,2024-11-09,Bengaluru,Salaried,65400.0,Debt Consolidation,319200,289700,13.06,12,B,Active,228000,6,Verified,Mobile App
P2P100286,2021-04-21,Pune,Self-employed,48900.0,Debt Consolidation,54700,53600,9.44,24,A,Active,32100,1,Verified,Mobile App
P2P101254,2022-01-15,Jaipur,Salaried,61900.0,Debt Consolidation,811700,751600,9.77,36,B,Completed,976900,22,Verified,Web
P2P100029,2024-07-10,Chennai,Self-employed,99500.0,Debt Consolidation,191300,174000,15.19,24,D,Completed,230600,4,Verified,Web
P2P100705,2021-07-14,Hyderabad,Salaried,113400.0,Small Business,192900,188100,13.78,60,C,Completed,276600,5,Verified,Web
P2P101132,2024-02-13,Hyderabad,Salaried,36300.0,Vehicle,145400,135800,17.3,48,D,Late,41300,4,Not Verified,Mobile App
P2P101259,2021-07-16,Chennai,Salaried,27600.0,Home Improvement,179000,173900,9.68,24,B,Active,138200,4,Verified,Mobile App
P2P101235,2024-10-08,Delhi,Salaried,45300.0,Home Improvement,130900,125900,8.67,24,A,Completed,147000,4,Verified,Web
P2P100525,2025-06-13,Bengaluru,Business Owner,28100.0,Vehicle,108900,107800,11.19,24,B,Active,64700,4,Verified,Web
P2P101896,2025-02-02,Ahmedabad,Salaried,140100.0,Vehicle,429800,402200,10.67,48,B,Late,188900,11,Not Verified,Web
P2P101128,2023-09-10,Mumbai,Salaried,27300.0,Debt Consolidation,821400,771200,12.58,24,C,Active,446600,31,Verified,Mobile App
P2P101739,2023-06-25,Chennai,Salaried,50200.0,Small Business,238400,224000,11.16,48,B,Active,90800,9,Verified,Mobile App
P2P101327,2022-05-28,Mumbai,Salaried,26700.0,Vehicle,125500,118300,12.55,60,B,Completed,171200,3,Verified,Web
P2P100333,2021-02-14,Hyderabad,Salaried,39100.0,Medical,106800,103800,8.74,36,A,Active,79300,3,Not Verified,Mobile App
P2P101969,2023-04-23,Delhi,Freelancer,28300.0,Medical,173300,173100,16.04,12,D,Completed,193200,4,Verified,Web
P2P101244,2025-06-21,Hyderabad,Business Owner,68000.0,Small Business,202700,197300,13.34,36,C,Active,108700,7,Verified,Web
P2P101894,2022-07-18,Hyderabad,Salaried,86200.0,Home Improvement,317800,294900,11.24,60,B,Completed,409400,6,Verified,Web
P2P101047,2022-09-24,Chennai,Salaried,36700.0,Home Improvement,326900,304500,13.15,12,C,Completed,363700,7,Not Verified,Web
P2P100145,2023-01-19,Kolkata,Business Owner,39000.0,Education,339000,316300,10.4,24,B,Completed,390900,6,Verified,Web
P2P100984,2021-08-19,Ahmedabad,Business Owner,34200.0,Vehicle,42700,39800,12.75,24,B,Completed,50900,1,Not Verified,Mobile App
P2P100897,2023-02-04,Kolkata,Salaried,122300.0,Education,43700,42800,12.09,24,B,Completed,50200,1,Verified,Web
P2P101518,2025-08-27,Mumbai,Business Owner,61100.0,Home Improvement,452200,423200,13.95,12,C,Completed,495800,17,Verified,Mobile App
P2P101495,2024-07-27,Ahmedabad,Salaried,30100.0,Small Business,212800,199200,13.66,36,C,Completed,256800,4,Not Verified,Mobile App
P2P101534,2022-12-26,Hyderabad,Business Owner,37900.0,Debt Consolidation,436600,408200,21.14,24,E,Completed,532400,9,Not Verified,Mobile App
P2P100698,2024-06-23,Delhi,Salaried,65800.0,Home Improvement,370300,347600,11.45,48,B,Completed,477900,10,Verified,Mobile App
P2P101454,2024-06-06,Pune,Salaried,58200.0,Home Improvement,434400,405000,10.45,24,B,Completed,493700,14,Verified,Mobile App
P2P101178,2021-11-24,Kolkata,Salaried,46900.0,Wedding,433700,409200,13.03,36,C,Active,249300,8,Verified,Mobile App
P2P100587,2021-08-21,Hyderabad,Salaried,41400.0,Debt Consolidation,210400,207600,18.3,48,D,Active,154000,4,Verified,Mobile App
P2P100813,2022-01-13,Bengaluru,Salaried,88700.0,Small Business,222100,206600,12.72,24,B,Active,168400,5,Verified,Mobile App
P2P100043,2021-04-16,Delhi,Salaried,55800.0,Education,60400,56000,11.82,24,B,Active,20600,1,Verified,Mobile App
P2P100789,2023-12-21,Ahmedabad,Salaried,44400.0,Travel,346100,327300,14.66,24,C,Completed,403300,11,Not Verified,Web
P2P100268,2024-12-25,Bengaluru,Salaried,98200.0,Small Business,71800,65400,8.8,36,A,Completed,83200,2,Verified,Web
P2P100672,2025-08-25,Kolkata,Business Owner,92900.0,Home Improvement,521800,470400,18.92,12,D,Completed,594700,12,Verified,Mobile App
P2P100274,2025-09-15,Pune,Salaried,92500.0,Small Business,286400,286100,12.17,12,C,Completed,306100,9,Verified,Mobile App
P2P101294,2024-12-05,Hyderabad,Salaried,40900.0,Education,164100,160500,19.5,60,E,Defaulted,66400,6,Verified,Mobile App
P2P100679,2025-11-24,Pune,Self-employed,30400.0,Debt Consolidation,180200,179100,14.07,36,B,Active,133000,4,Verified,Web
P2P100565,2023-05-24,Bengaluru,Salaried,90000.0,Home Improvement,263600,256300,13.37,24,C,Active,121900,6,Verified,Mobile App
P2P101144,2024-05-30,Mumbai,Business Owner,108200.0,Education,71000,64100,14.2,24,C,Completed,84000,2,Verified,Mobile App
P2P100701,2024-04-09,Pune,Salaried,75900.0,Education,304200,288900,15.65,36,D,Active,121000,7,Verified,Web
P2P100887,2024-10-10,Mumbai,Salaried,48400.0,Education,207600,200900,9.95,48,B,Active,100100,5,Verified,Web
P2P101229,2025-12-12,Lucknow,Salaried,97000.0,Debt Consolidation,372300,341000,11.02,36,B,Completed,452300,10,Verified,Web
P2P101698,2022-02-07,Chennai,Salaried,140100.0,Small Business,334400,315000,11.87,24,B,Active,213000,9,Verified,Web
P2P101160,2021-03-31,Pune,Salaried,54200.0,Debt Consolidation,214300,212500,16.52,48,C,Completed,293400,7,Verified,Web
P2P101276,2021-11-18,Ahmedabad,Salaried,54200.0,Vehicle,359000,343800,15.19,12,C,Completed,407800,7,Not Verified,Web
P2P101587,2024-12-14,Delhi,Salaried,71500.0,Education,259800,253000,14.67,36,C,Active,164200,7,Verified,Mobile App
P2P101929,2024-09-24,Kolkata,Self-employed,55200.0,Small Business,409400,387800,9.46,60,B,Late,136100,10,Verified,Mobile App
P2P101539,2022-05-26,Delhi,Salaried,53500.0,Small Business,107100,105400,12.02,36,C,Completed,129300,3,Not Verified,Mobile App
P2P100054,2025-08-23,Delhi,Salaried,49500.0,Travel,409500,408800,11.26,60,B,Completed,544100,10,Verified,Web
P2P100314,2025-11-15,Mumbai,Business Owner,55000.0,Small Business,116500,112500,13.88,36,C,Active,105500,4,Verified,Web
P2P101079,2022-08-20,Pune,Salaried,83600.0,Debt Consolidation,219700,219000,15.47,36,C,Late,167300,9,Verified,Web
P2P101161,2025-05-29,Chennai,Self-employed,32300.0,Home Improvement,206700,203600,10.81,36,B,Active,140000,6,Not Verified,Mobile App
P2P100570,2023-05-19,Delhi,Business Owner,74200.0,Wedding,232000,211700,13.92,48,C,Completed,313200,4,Not Verified,Mobile App
P2P100223,2021-10-14,Mumbai,Business Owner,91000.0,Debt Consolidation,70800,68000,14.04,36,C,Completed,86300,2,Verified,Web
P2P101325,2025-12-01,Bengaluru,Salaried,90300.0,Vehicle,248100,247500,13.52,60,C,Completed,345200,6,Verified,Mobile App
P2P100939,2021-12-27,Hyderabad,Business Owner,75000.0,Travel,365700,335600,15.74,12,C,Active,235800,9,Verified,Mobile App
P2P101157,2022-04-03,Hyderabad,Salaried,41700.0,Wedding,434100,408000,14.4,36,C,Active,234500,10,Verified,Mobile App
P2P100173,2024-03-09,Bengaluru,Salaried,24100.0,Debt Consolidation,300200,288100,9.29,12,B,Active,194800,9,Verified,Mobile App
P2P101476,2024-11-02,Hyderabad,Salaried,34800.0,Vehicle,245000,222000,14.33,36,D,Active,183700,5,Not Verified,Mobile App
P2P101893,2025-04-27,Kolkata,Salaried,57700.0,Small Business,177000,164400,9.07,12,A,Completed,191200,5,Verified,Mobile App
P2P101734,2023-10-14,Ahmedabad,Salaried,134400.0,Education,159500,146600,13.06,36,B,Completed,196000,3,Verified,Mobile App
P2P100559,2025-03-02,Kolkata,Freelancer,37900.0,Debt Consolidation,266700,256800,14.48,24,B,Active,115100,6,Verified,Web
P2P101489,2023-08-04,Pune,Self-employed,57900.0,Debt Consolidation,375500,361100,15.33,36,C,Completed,469000,7,Verified,Mobile App
P2P100492,2024-08-21,Mumbai,Self-employed,41800.0,Debt Consolidation,183900,171500,8.56,24,A,Completed,197800,5,Verified,Mobile App
P2P101595,2025-01-23,Bengaluru,Salaried,100100.0,Education,164900,162400,13.51,24,C,Active,100600,4,Verified,Mobile App
P2P101237,2025-07-16,Pune,Self-employed,39500.0,Debt Consolidation,95100,87900,10.63,36,A,Completed,114300,2,Verified,Mobile App
P2P101954,2025-02-06,Bengaluru,Self-employed,104500.0,Debt Consolidation,91400,86200,10.64,36,B,Completed,112300,3,Verified,Mobile App
P2P100222,2024-06-03,Chennai,Self-employed,79100.0,Education,113700,102700,13.36,36,B,Active,57400,2,Not Verified,Mobile App
P2P101484,2021-01-18,Hyderabad,Self-employed,56500.0,Wedding,251200,244300,14.11,24,C,Defaulted,59600,7,Verified,Web
P2P100462,2024-10-05,,Salaried,116500.0,Wedding,320500,317800,16.48,12,D,Active,122200,12,Verified,Mobile App
P2P101813,2022-12-08,Bengaluru,Business Owner,36900.0,Debt Consolidation,183200,174400,12.62,36,C,Active,77100,4,Verified,Mobile App
P2P100473,2021-05-13,Chennai,Salaried,33600.0,Wedding,558700,543000,12.43,12,B,Completed,591000,20,Not Verified,Mobile App
P2P101728,2025-12-27,Delhi,Salaried,57100.0,Debt Consolidation,208400,193700,14.1,12,C,Active,89100,5,Verified,Web
P2P100505,2024-11-28,Bengaluru,Salaried,36500.0,Debt Consolidation,125200,120100,13.24,36,C,Active,101000,3,Verified,Mobile App
P2P101815,2021-09-09,Mumbai,Salaried,34800.0,Debt Consolidation,293700,283800,13.13,36,C,Completed,368600,9,Verified,Web
P2P100708,2025-05-09,Pune,Salaried,105300.0,Debt Consolidation,464000,456900,8.91,24,A,Active,330500,10,Verified,Mobile App
P2P100938,2025-09-16,Kolkata,Salaried,35100.0,Medical,100000,97600,10.15,24,A,Completed,109500,2,Verified,Web
P2P101780,2025-06-17,Hyderabad,Salaried,91800.0,Wedding,94000,93900,11.41,12,B,Completed,99900,2,Verified,Mobile App
P2P100779,2025-01-17,Lucknow,Salaried,64200.0,Home Improvement,205200,185500,8.13,24,A,Active,117900,4,Verified,Mobile App
P2P101563,2025-04-02,Bengaluru,Salaried,44700.0,Debt Consolidation,237200,230200,7.98,36,A,Active,154000,6,Verified,Mobile App
P2P100866,2024-05-20,Delhi,Self-employed,52300.0,Medical,114900,114200,8.75,12,A,Completed,118800,3,Verified,Mobile App
P2P100620,2025-02-21,Chennai,Business Owner,41400.0,Home Improvement,284000,264500,10.2,24,A,Active,208400,6,Verified,Web
P2P101546,2024-01-25,Bengaluru,Salaried,56800.0,Debt Consolidation,259000,254900,12.6,24,B,Completed,295500,5,Verified,Mobile App
P2P101314,2025-05-18,Delhi,Freelancer,33800.0,Debt Consolidation,286600,281100,20.77,24,E,Completed,348500,6,Verified,Mobile App
P2P100142,2022-11-07,Delhi,Salaried,82500.0,Education,93800,93500,12.01,24,B,Active,68200,2,Verified,Web
P2P100973,2025-02-02,Bengaluru,Salaried,105000.0,Vehicle,144100,137700,10.66,24,A,Completed,166500,3,Verified,Web
P2P100413,2025-10-31,Ahmedabad,Self-employed,22700.0,Education,452000,435300,9.64,24,A,Completed,503400,9,Verified,Mobile App
P2P100124,2021-12-04,Lucknow,Business Owner,69200.0,Home Improvement,215400,198300,7.5,12,A,Active,157200,4,Verified,Mobile App
P2P100582,2025-12-07,Lucknow,Salaried,50500.0,Wedding,171100,154900,13.07,36,C,Active,147000,4,Not Verified,Web
P2P100992,2024-12-13,Mumbai,Salaried,35400.0,Vehicle,286600,280200,10.65,24,B,Active,99600,6,Not Verified,Mobile App
P2P100137,2024-03-19,Delhi,Self-employed,69000.0,Debt Consolidation,216600,210300,7.94,24,B,Completed,231800,6,Verified,Web
P2P100106,2022-11-01,Mumbai,Self-employed,63100.0,Home Improvement,72600,71800,14.2,36,C,Completed,88800,2,Verified,Web
P2P101375,2022-10-27,Bengaluru,Salaried,49900.0,Vehicle,112900,110800,18.71,36,E,Completed,152300,4,Verified,Web
P2P100026,2025-04-08,Mumbai,Business Owner,72700.0,Debt Consolidation,187800,169900,11.57,36,C,Active,81300,5,Verified,Mobile App
P2P100250,2025-07-02,Bengaluru,Freelancer,92600.0,Debt Consolidation,135800,133500,14.36,12,C,Completed,145800,5,Not Verified,Mobile App
P2P101797,2025-01-13,Jaipur,Salaried,66900.0,Education,169600,160900,10.21,24,A,Completed,192400,4,Verified,Mobile App
P2P101502,2024-01-18,Ahmedabad,Salaried,60000.0,Vehicle,113700,112600,11.1,24,B,Completed,126400,4,Not Verified,Web
P2P101578,2024-09-24,Chennai,Freelancer,65800.0,Education,669700,644700,19.13,36,E,Active,293800,25,Verified,Mobile App
P2P100441,2021-09-17,Mumbai,Business Owner,27200.0,Education,239600,232000,15.03,36,C,Completed,308000,8,Verified,Mobile App
P2P100406,2025-08-24,Jaipur,Self-employed,55800.0,Medical,287000,279600,11.25,36,B,Active,203800,8,Verified,Web
P2P101921,2024-12-15,Chennai,Salaried,70300.0,Travel,57600,54700,16.18,48,C,Active,43400,1,Not Verified,Web
P2P101869,2022-01-30,Delhi,Business Owner,43100.0,Small Business,695100,681500,19.75,24,E,Completed,870800,16,Verified,Web
P2P100802,2022-03-20,Bengaluru,Salaried,48100.0,Wedding,538800,493700,11.18,24,B,Completed,594300,18,Verified,Mobile App
P2P101048,2021-03-16,Bengaluru,Salaried,104200.0,Home Improvement,177300,161700,17.78,36,D,Defaulted,60500,3,Verified,Web
P2P101140,2024-07-10,Bengaluru,Freelancer,193200.0,Debt Consolidation,186900,171100,17.38,24,D,Active,73100,7,Verified,Web
P2P101977,2022-11-25,Jaipur,Salaried,37300.0,Home Improvement,240500,232800,15.67,24,C,Active,151400,7,Verified,Mobile App
P2P100107,2023-09-14,Hyderabad,Freelancer,45200.0,Vehicle,146400,136800,16.37,36,D,Active,114900,3,Verified,Mobile App
P2P101418,2022-01-07,Mumbai,Salaried,31500.0,Small Business,147700,146800,13.73,36,C,Active,86500,6,Verified,Web
P2P101420,2025-10-10,Chennai,Salaried,105100.0,Debt Consolidation,256800,244600,13.84,36,C,Active,207900,6,Not Verified,Web
P2P101523,2023-05-26,Pune,Self-employed,84800.0,Debt Consolidation,196200,195200,17.37,36,D,Defaulted,52400,7,Verified,Web
P2P101156,2025-02-27,Ahmedabad,Salaried,77400.0,Medical,227600,210400,11.77,36,A,Active,148200,5,Verified,Web
P2P100583,2024-02-08,Kolkata,Business Owner,59600.0,Education,680800,665800,12.39,36,B,Active,355100,16,Verified,Web
P2P101326,2023-04-28,Mumbai,Salaried,68600.0,Small Business,1048000,1041500,12.53,36,B,Completed,1279300,22,Verified,Web
P2P100668,2022-04-08,Kolkata,Business Owner,79800.0,Small Business,580600,566800,10.91,36,B,Completed,680300,20,Verified,Mobile App
P2P101691,2022-05-11,Bengaluru,Salaried,115000.0,Vehicle,338300,337100,10.86,24,B,Completed,396800,9,Not Verified,Web
P2P100575,2025-07-13,Bengaluru,Business Owner,,Debt Consolidation,183900,169700,11.12,12,B,Active,62600,4,Verified,Mobile App
P2P101726,2021-07-10,Bengaluru,Self-employed,56500.0,Wedding,186400,180000,13.62,60,B,Active,80400,6,Verified,Mobile App
P2P100155,2025-12-14,Mumbai,Salaried,32300.0,Debt Consolidation,423400,393400,12.93,60,C,Completed,584400,15,Verified,Web
P2P101669,2021-12-23,Ahmedabad,Salaried,112900.0,Debt Consolidation,121600,121300,12.88,24,C,Late,61800,3,Not Verified,Web
P2P101104,2025-10-03,Pune,Salaried,116400.0,Home Improvement,711300,703900,8.92,36,A,Active,489600,25,Verified,Web
P2P101043,2023-03-24,Chennai,Salaried,44900.0,Debt Consolidation,224500,210000,12.83,24,C,Active,157600,6,Verified,Mobile App
P2P100597,2024-11-02,Bengaluru,Self-employed,54000.0,Debt Consolidation,110600,109700,15.55,36,C,Completed,143600,2,Verified,Mobile App
P2P101269,2024-07-21,Hyderabad,Business Owner,33700.0,Medical,172300,162800,13.26,24,C,Active,108800,6,Verified,Web
P2P100311,2023-11-07,Delhi,Salaried,31700.0,Education,253600,250100,16.02,48,C,Active,198700,9,Verified,Mobile App
P2P100981,2023-04-23,Mumbai,Freelancer,133300.0,Home Improvement,127200,121400,8.97,24,A,Defaulted,21400,3,Verified,Mobile App
P2P101260,2024-06-24,Hyderabad,Business Owner,,Wedding,130500,117800,15.98,36,C,Completed,162300,2,Verified,Web
P2P101737,2023-11-28,Jaipur,Self-employed,53000.0,Small Business,328900,316800,11.03,36,B,Completed,390400,12,Not Verified,Mobile App
P2P100128,2025-07-11,Delhi,Freelancer,44600.0,Debt Consolidation,155600,148100,12.86,36,C,Active,111200,5,Verified,Mobile App
P2P100606,2023-12-19,Bengaluru,Business Owner,46800.0,Education,81000,76000,12.99,36,C,Late,42800,2,Verified,Mobile App
P2P101379,2023-06-09,Pune,Business Owner,69900.0,Debt Consolidation,169900,162100,15.63,60,C,Completed,257900,5,Verified,Mobile App
P2P100828,2023-05-17,Mumbai,Salaried,99200.0,Debt Consolidation,419900,399500,8.99,36,B,Active,173300,13,Verified,Mobile App
P2P101621,2023-12-27,Ahmedabad,Salaried,31200.0,Small Business,72000,69000,17.8,24,D,Completed,85000,2,Not Verified,Mobile App
P2P100775,2025-04-23,Delhi,Salaried,78900.0,Education,176900,169900,14.96,24,C,Completed,215900,6,Verified,Web
P2P100687,2024-06-08,Delhi,Salaried,54400.0,Debt Consolidation,592600,573700,13.13,24,B,Completed,684100,18,Verified,Web
P2P101283,2024-05-20,Bengaluru,Salaried,74100.0,Vehicle,464400,451800,17.43,60,D,Defaulted,126600,17,Verified,Mobile App
P2P100044,2025-09-10,Mumbai,Self-employed,56900.0,Debt Consolidation,273100,247600,8.78,12,A,Completed,280900,7,Verified,Mobile App
P2P100457,2021-02-04,Pune,Self-employed,139200.0,Home Improvement,244600,241900,9.44,24,A,Completed,277100,7,Verified,Mobile App
P2P101354,2025-01-24,Pune,Salaried,47300.0,Education,513800,506600,11.07,36,B,Active,253800,10,Verified,Mobile App
P2P100739,2023-11-08,Mumbai,Salaried,77600.0,Travel,253300,248900,9.87,60,A,Active,224700,8,Not Verified,Web
P2P101035,2021-08-24,Hyderabad,Salaried,54100.0,Debt Consolidation,543500,524000,10.47,36,B,Completed,630500,14,Verified,Mobile App
P2P101292,2022-02-01,Bengaluru,Salaried,52500.0,Vehicle,460500,454400,16.04,24,D,Active,389600,14,Not Verified,Web
P2P100202,2021-09-15,Delhi,Salaried,29700.0,Debt Consolidation,185400,182400,18.05,36,E,Defaulted,44300,4,Verified,Mobile App
P2P101531,2023-03-10,Bengaluru,Salaried,73400.0,Debt Consolidation,163600,150200,15.85,36,D,Active,134000,3,Verified,Mobile App
P2P101253,2021-12-26,Mumbai,,80800.0,Medical,166300,164400,12.82,36,B,Completed,198200,7,Verified,Mobile App
P2P101753,2021-02-07,Bengaluru,Salaried,43200.0,Home Improvement,107300,105000,13.52,24,B,Active,41400,3,Verified,Web
P2P101168,2024-03-02,Hyderabad,Salaried,72700.0,Debt Consolidation,206900,199300,11.55,12,B,Completed,227900,4,Verified,Web
P2P100977,2024-07-14,Kolkata,Salaried,53000.0,Vehicle,162900,148000,20.19,60,E,Active,179400,3,Verified,Mobile App
P2P101754,2022-10-13,Delhi,Business Owner,67800.0,Small Business,291600,267100,10.98,48,A,Completed,378200,8,Verified,Web
P2P101117,2021-10-08,Kolkata,Salaried,54500.0,Small Business,236000,217000,13.29,48,B,Completed,319200,5,Verified,Mobile App
P2P100660,2024-06-07,Mumbai,Self-employed,61100.0,Small Business,200900,181700,12.23,36,A,Active,86400,4,Not Verified,Web
P2P100652,2024-04-16,Ahmedabad,Self-employed,40700.0,Home Improvement,154200,149700,10.6,24,A,Completed,179300,5,Verified,Mobile App
P2P100989,2022-10-25,Bengaluru,Self-employed,18000.0,Small Business,142100,136300,11.73,24,B,Completed,161400,4,Verified,Web
P2P101308,2025-04-29,Mumbai,Salaried,53800.0,Debt Consolidation,304300,293100,7.69,24,A,Completed,326200,11,Verified,Mobile App
P2P100366,2023-07-30,Pune,Self-employed,49900.0,Debt Consolidation,140800,136300,11.57,48,B,Completed,173300,5,Verified,Mobile App
P2P100674,2024-03-28,Bengaluru,Salaried,55600.0,Debt Consolidation,121500,116000,15.96,24,D,Late,62000,3,Verified,Web
P2P100731,2022-04-16,Hyderabad,Salaried,68900.0,Small Business,302400,278100,13.29,36,B,Active,166500,10,Verified,Mobile App
P2P101154,2024-11-21,Jaipur,Business Owner,34300.0,Home Improvement,136700,128800,12.04,12,B,Completed,145600,3,Verified,Mobile App
P2P100955,2023-09-30,Ahmedabad,Salaried,53000.0,Wedding,127800,127000,13.93,48,C,Completed,172200,4,Not Verified,Web
P2P100852,2025-02-23,Jaipur,Salaried,74000.0,Debt Consolidation,319800,311400,12.95,60,C,Completed,441200,11,Verified,Web
P2P100127,2025-05-19,Hyderabad,Self-employed,101100.0,Medical,69200,65400,14.1,36,C,Completed,88800,2,Verified,Mobile App
P2P101583,2024-07-13,Bengaluru,Business Owner,58600.0,Home Improvement,313400,308100,11.24,36,B,Completed,365800,8,Verified,Web
P2P101751,2024-04-13,Bengaluru,Salaried,45500.0,Wedding,142200,140800,21.06,36,E,Active,137900,4,Verified,Web
P2P100879,2021-03-24,Kolkata,Salaried,63400.0,Medical,206800,197700,13.62,24,D,Active,114600,6,Verified,Mobile App
P2P101309,2023-05-03,Kolkata,Business Owner,61100.0,Home Improvement,239100,217900,10.72,12,A,Completed,262500,5,Verified,Mobile App
P2P101699,2025-11-16,Delhi,Freelancer,54200.0,Wedding,141500,139600,10.87,48,B,Completed,179500,5,Verified,Mobile App
P2P100483,2023-12-07,Pune,Salaried,74800.0,Travel,100600,99300,13.09,36,B,Completed,122500,2,Verified,Mobile App
P2P100547,2021-12-14,Pune,Salaried,171700.0,Debt Consolidation,159000,153300,10.21,12,A,Completed,170300,3,Verified,Mobile App
P2P101633,2024-10-29,Delhi,Salaried,50500.0,Education,228700,210900,11.84,24,C,Active,127600,5,Verified,Mobile App
P2P101652,2023-02-23,Bengaluru,Self-employed,29400.0,Home Improvement,117800,117400,10.41,36,A,Active,41300,3,Verified,Mobile App
P2P100235,2022-06-28,Delhi,Salaried,35900.0,Small Business,333200,317300,9.47,36,B,Active,118500,7,Verified,Mobile App
P2P101675,2025-04-14,Hyderabad,Freelancer,35300.0,Medical,653200,603500,10.26,60,B,Active,511400,15,Not Verified,Mobile App
P2P100132,2022-08-30,Kolkata,Salaried,30100.0,Debt Consolidation,356100,347900,12.1,48,B,Active,136800,7,Verified,Web
P2P101913,2025-12-27,Hyderabad,Self-employed,43800.0,Debt Consolidation,63400,57500,19.58,36,E,Completed,84200,1,Verified,Mobile App
P2P100225,2022-12-08,Bengaluru,Self-employed,47200.0,Debt Consolidation,178200,162100,11.64,12,A,Completed,191400,5,Verified,Web
P2P100063,2025-06-01,Hyderabad,Business Owner,102800.0,Vehicle,389200,379800,15.65,36,D,Active,328900,10,Verified,Mobile App
P2P100102,2024-09-15,Chennai,Salaried,69000.0,Education,197100,184900,12.75,12,B,Active,79300,4,Verified,Mobile App
P2P101762,2025-06-21,Bengaluru,Freelancer,86100.0,Small Business,700400,650400,14.54,12,C,Active,503300,14,Verified,Mobile App
P2P100961,2021-09-11,Hyderabad,Salaried,65500.0,Debt Consolidation,327300,318900,11.95,36,B,Late,191700,8,Verified,Mobile App
P2P100301,2021-06-08,Kolkata,Salaried,82900.0,Vehicle,1181500,1179600,8.65,24,B,Completed,1281400,28,Verified,Mobile App
P2P100714,2023-09-17,Ahmedabad,Self-employed,66000.0,Home Improvement,116600,109000,13.3,36,C,Completed,142600,4,Not Verified,Web
P2P100261,2024-08-13,Bengaluru,Salaried,50400.0,Small Business,402200,386600,9.73,36,B,Late,97000,11,Verified,Web
P2P100759,2025-08-21,Lucknow,Salaried,109800.0,Small Business,205900,187500,13.15,48,B,Active,146400,6,Not Verified,Web
P2P100933,2025-12-12,Delhi,,41500.0,Debt Consolidation,472800,460900,14.32,36,C,Completed,597900,9,Verified,Mobile App
P2P100847,2021-09-19,Delhi,Freelancer,101700.0,Vehicle,157300,146300,10.48,24,B,Active,60900,6,Verified,Web
P2P100758,2024-04-10,Pune,Business Owner,74900.0,Wedding,465100,454100,9.7,48,A,Completed,583100,12,Verified,Mobile App
P2P100807,2025-10-11,Kolkata,Salaried,19000.0,Small Business,595700,594300,8.25,36,A,Completed,670600,21,Verified,Mobile App
P2P100288,2024-04-24,Hyderabad,Salaried,62100.0,Home Improvement,192000,175700,9.92,60,B,Late,85100,4,Verified,Web
P2P101920,2023-09-18,Delhi,Self-employed,85000.0,Vehicle,193400,181200,13.35,36,C,Completed,242500,5,Verified,Mobile App
P2P101031,2021-04-24,Chennai,Salaried,159700.0,Debt Consolidation,151400,139900,21.43,24,E,Active,107500,4,Not Verified,Mobile App
P2P101628,2024-04-14,Hyderabad,Salaried,28200.0,Vehicle,314100,303100,13.44,24,B,Completed,365900,8,Verified,Web
P2P100959,2022-04-21,Chennai,Salaried,134300.0,Debt Consolidation,62900,58800,8.69,12,A,Completed,64700,2,Not Verified,Mobile App
P2P100863,2024-03-27,Lucknow,Salaried,39400.0,Travel,405000,395700,8.46,36,A,Completed,477300,10,Verified,Mobile App
P2P101511,2025-05-13,Ahmedabad,Salaried,59000.0,Home Improvement,282600,275600,9.43,36,A,Active,229300,7,Not Verified,Mobile App
P2P100646,2025-08-17,,Self-employed,82400.0,Home Improvement,248100,245900,9.17,60,A,Completed,315700,7,Verified,Web
P2P100412,2025-10-30,Delhi,Salaried,62500.0,Debt Consolidation,177700,174000,11.0,24,B,Completed,201900,4,Verified,Web
P2P100377,2025-06-22,Kolkata,Salaried,41000.0,Home Improvement,289700,287300,11.45,48,B,Completed,376100,7,Verified,Web
P2P100263,2022-02-18,Bengaluru,Salaried,54500.0,Wedding,47600,46400,12.59,36,C,Active,29900,2,Not Verified,Web
P2P101109,2024-12-15,,Business Owner,88300.0,Medical,215100,195200,19.89,36,E,Completed,292500,4,Verified,Mobile App
P2P100792,2024-06-30,Delhi,Freelancer,94000.0,Travel,505900,504300,9.17,60,A,Active,433100,13,Not Verified,Mobile App
P2P101579,2024-08-01,Jaipur,Business Owner,30400.0,Small Business,226700,221500,14.6,48,C,Completed,302900,7,Verified,Web
P2P100722,2022-05-26,Bengaluru,Salaried,55800.0,Vehicle,390100,371100,10.12,60,A,Completed,514600,12,Verified,Mobile App
P2P101551,2025-11-01,Lucknow,Salaried,64700.0,Vehicle,343800,326800,15.48,48,C,Active,151200,8,Not Verified,Mobile App
P2P100367,2025-11-13,Delhi,Salaried,65400.0,Debt Consolidation,282600,274100,11.85,24,B,Active,186200,7,Verified,Web
P2P100013,2025-06-06,Lucknow,Self-employed,90300.0,Wedding,385700,349000,12.4,12,B,Completed,428000,12,Not Verified,Mobile App
P2P100130,2024-03-07,Mumbai,Salaried,18000.0,Home Improvement,209000,195000,9.33,24,A,Active,120400,7,Verified,Web
P2P100681,2025-05-18,Chennai,Salaried,48600.0,Debt Consolidation,206300,198400,14.18,24,C,Completed,242400,5,Verified,Web
P2P100510,2025-01-24,Chennai,Freelancer,28900.0,Wedding,272800,267600,11.8,36,B,Late,69600,7,Verified,Web
P2P101291,2023-08-20,Chennai,Salaried,39100.0,Debt Consolidation,496500,472400,14.52,12,C,Completed,554500,17,Not Verified,Mobile App
P2P101525,2024-01-29,Delhi,Salaried,53600.0,Debt Consolidation,73400,70000,12.03,60,B,Active,38300,3,Verified,Web
P2P101330,2024-02-16,Pune,Salaried,37500.0,Small Business,206500,204400,13.52,36,C,Completed,263100,6,Verified,Mobile App
P2P101422,2024-03-01,Chennai,Salaried,55300.0,Medical,223500,218800,15.85,12,C,Late,69200,8,Verified,Web
P2P101598,2021-09-01,Bengaluru,Self-employed,44200.0,Education,407000,384900,12.98,36,C,Completed,493100,10,Verified,Web
P2P101391,2022-10-01,Chennai,Salaried,107700.0,Home Improvement,1139500,1128500,14.32,12,C,Active,858000,27,Verified,Web
P2P100598,2022-05-05,Mumbai,Salaried,28300.0,Education,329900,319800,13.07,36,C,Defaulted,63300,8,Verified,Mobile App
P2P101882,2025-07-27,Hyderabad,Self-employed,58600.0,Small Business,328900,313300,12.2,36,C,Completed,408100,10,Verified,Mobile App
P2P100373,2021-10-17,Jaipur,Salaried,83800.0,Small Business,176100,172700,14.53,48,C,Active,149800,4,Verified,Mobile App
P2P100039,2024-11-27,Bengaluru,Self-employed,36300.0,Debt Consolidation,232900,229300,13.21,24,C,Active,194000,6,Verified,Mobile App
P2P101445,2025-07-20,Delhi,Salaried,104200.0,Travel,203800,199500,19.67,12,E,Active,146600,7,Verified,Mobile App
P2P101767,2025-02-08,Mumbai,Salaried,55900.0,Medical,253100,248700,14.95,36,C,Late,188200,7,Verified,Mobile App
P2P100077,2025-03-22,Delhi,Salaried,82700.0,Debt Consolidation,372400,343100,11.03,60,A,Active,292900,14,Verified,Mobile App
P2P101744,2021-02-03,Delhi,Freelancer,78400.0,Debt Consolidation,237900,236800,14.0,36,C,Completed,300900,7,Verified,Web
P2P101903,2025-03-09,Mumbai,Salaried,46000.0,Wedding,219900,219600,7.61,12,A,Completed,229700,8,Verified,Web
P2P100302,2024-04-07,Hyderabad,Freelancer,66500.0,Medical,288900,284800,10.34,36,A,Active,248500,9,Verified,Mobile App
P2P101783,2023-12-20,Ahmedabad,Self-employed,28500.0,Debt Consolidation,324700,297300,11.09,24,B,Completed,373300,11,Verified,Web
P2P101839,2025-10-03,Delhi,Self-employed,41400.0,Wedding,195900,193900,9.99,48,B,Completed,241500,6,Verified,Web
P2P101177,2025-04-02,Lucknow,Business Owner,130400.0,Small Business,237900,227100,20.29,24,E,Active,116400,7,Verified,Web
P2P100215,2025-01-07,Kolkata,Self-employed,117800.0,Small Business,120400,108400,15.73,12,C,Completed,133200,3,Verified,Mobile App
P2P101126,2024-05-07,Hyderabad,Self-employed,32500.0,Medical,147800,136800,18.87,48,E,Active,68500,3,Not Verified,Web
P2P100339,2024-01-11,Hyderabad,Salaried,33500.0,Debt Consolidation,629400,611500,16.18,12,D,Active,509300,23,Verified,Web
P2P100259,2024-06-05,Ahmedabad,Salaried,48000.0,Home Improvement,169500,153300,21.13,36,E,Active,147400,4,Verified,Web
P2P101768,2024-01-13,Delhi,Salaried,46700.0,Home Improvement,174900,174800,10.63,60,A,Completed,230100,6,Verified,Web
P2P101215,2024-12-12,Bengaluru,Salaried,122700.0,Debt Consolidation,731200,694900,14.75,24,C,Completed,851800,18,Verified,Mobile App
P2P100567,2023-08-11,Chennai,Salaried,43400.0,Debt Consolidation,226500,214900,12.51,24,C,Active,97400,4,Verified,Web
P2P101636,2022-09-28,Bengaluru,Salaried,163300.0,Education,384300,347500,11.42,36,B,Active,164200,8,Verified,Web
P2P100658,2023-06-16,Delhi,Salaried,57500.0,Vehicle,181000,163400,10.99,12,B,Active,112100,4,Verified,Mobile App
P2P100639,2022-12-18,Bengaluru,Self-employed,45300.0,Travel,552000,519800,13.29,60,C,Completed,796000,17,Verified,Mobile App
P2P100424,2024-02-11,Mumbai,Self-employed,94300.0,Education,172100,164600,14.81,36,C,Completed,223200,5,Verified,Mobile App
P2P101390,2023-12-05,Delhi,Business Owner,42000.0,Small Business,180800,177500,13.85,48,C,Completed,236900,6,Verified,Mobile App
P2P100101,2021-04-07,Delhi,Self-employed,46700.0,Wedding,330300,306700,12.7,24,C,Defaulted,61400,8,Verified,Mobile App
P2P100309,2025-04-21,Hyderabad,Business Owner,74700.0,Debt Consolidation,163200,155800,9.46,48,A,Active,107000,4,Verified,Mobile App
P2P101596,2024-06-18,Lucknow,Salaried,52100.0,Medical,184600,166500,7.92,24,A,Defaulted,37100,4,Verified,Mobile App
P2P100629,2021-04-23,Pune,Self-employed,38700.0,Education,173400,160400,16.72,24,C,Active,115600,4,Verified,Mobile App
P2P100968,2023-02-11,Delhi,Self-employed,37800.0,Education,165900,156900,10.88,60,B,Active,135900,4,Verified,Web
P2P101082,2021-10-01,Kolkata,Salaried,38400.0,Wedding,114500,109500,12.17,24,B,Active,61600,3,Verified,Web
P2P100858,2024-01-07,Mumbai,Freelancer,45900.0,Debt Consolidation,477200,465300,7.76,12,A,Completed,508900,14,Verified,Mobile App
P2P100482,2024-12-15,Hyderabad,Salaried,48800.0,Vehicle,103200,92900,14.48,48,D,Completed,140600,3,Verified,Mobile App
P2P100836,2023-09-30,Bengaluru,Salaried,41800.0,Wedding,435400,418600,11.21,24,A,Active,180600,9,Verified,Mobile App
P2P100038,2021-10-27,Ahmedabad,Business Owner,53900.0,Debt Consolidation,196800,195100,11.92,60,B,Completed,261700,5,Verified,Mobile App
P2P101268,2024-01-19,Delhi,Salaried,42300.0,Education,171800,165400,13.16,24,B,Completed,192500,4,Verified,Mobile App
P2P100855,2022-07-21,Bengaluru,Self-employed,93000.0,Debt Consolidation,269600,247400,14.17,36,C,Late,161400,7,Not Verified,Mobile App
P2P100727,2022-02-18,Delhi,Business Owner,32700.0,Debt Consolidation,266500,257200,12.96,36,B,Active,182000,9,Verified,Mobile App
P2P101201,2025-03-06,Delhi,Salaried,77200.0,Education,246600,232200,12.73,48,B,Completed,313600,5,Verified,Mobile App
P2P100549,2024-03-21,Bengaluru,Self-employed,33200.0,Home Improvement,741400,705000,13.64,24,C,Completed,892500,18,Verified,Mobile App
P2P100129,2021-01-22,Bengaluru,Salaried,41400.0,Wedding,133700,127600,9.63,36,A,Completed,162100,3,Verified,Web
P2P101841,2023-07-04,Pune,Salaried,28700.0,Education,147500,143900,14.0,36,C,Active,121400,4,Verified,Web
P2P100601,2022-04-27,Hyderabad,Salaried,66500.0,Medical,116600,107600,16.62,36,D,Completed,155300,3,Not Verified,Mobile App
P2P101713,2025-04-03,Mumbai,Salaried,46400.0,Small Business,375600,363200,12.73,24,C,Late,187200,8,Verified,Web
P2P100041,2022-01-07,Pune,Business Owner,51600.0,Vehicle,1179600,1148200,12.18,36,B,Completed,1416500,31,Not Verified,Mobile App
P2P100712,2024-07-15,Mumbai,Salaried,76500.0,Education,242300,235800,12.39,24,B,Late,174300,9,Verified,Web
P2P101677,2021-09-05,Kolkata,Salaried,57200.0,Debt Consolidation,113900,108800,12.21,24,B,Completed,127700,4,Verified,Web
P2P100663,2024-07-30,Delhi,Salaried,,Debt Consolidation,339400,309100,10.87,36,A,Completed,401700,7,Verified,Mobile App
P2P100296,2024-03-24,Jaipur,Salaried,41800.0,Debt Consolidation,434800,421800,10.31,24,B,Completed,476600,15,Verified,Mobile App
P2P100448,2025-02-28,Hyderabad,Business Owner,50700.0,Debt Consolidation,179800,172300,13.9,24,C,Defaulted,47200,4,Not Verified,Web
P2P101426,2025-11-18,Delhi,Salaried,26600.0,Medical,90000,84900,10.54,48,A,Completed,114800,2,Verified,Mobile App
P2P100637,2024-04-09,Jaipur,Salaried,45300.0,Travel,299900,285700,17.41,36,D,Active,150600,9,Verified,Mobile App
P2P101867,2021-05-13,Mumbai,Self-employed,39200.0,Home Improvement,112600,104100,18.75,12,D,Completed,128300,4,Verified,Mobile App
P2P101679,2022-05-08,Bengaluru,Self-employed,36200.0,Vehicle,164700,156600,11.43,36,B,Completed,197900,5,Verified,Mobile App
P2P101333,2022-09-13,Lucknow,Salaried,126600.0,Debt Consolidation,210500,196200,9.35,60,A,Completed,265200,8,Verified,Mobile App
P2P101755,2025-12-01,Mumbai,Business Owner,57000.0,Debt Consolidation,190400,178200,10.65,24,A,Completed,213800,4,Verified,Web
P2P100905,2023-10-05,Mumbai,Freelancer,62400.0,Education,436100,430300,12.94,12,B,Active,264600,14,Verified,Mobile App
P2P100530,2025-07-16,Ahmedabad,Salaried,39200.0,Travel,148400,133800,13.6,12,C,Completed,159100,3,Not Verified,Web
P2P101543,2024-06-01,Pune,Business Owner,112600.0,Debt Consolidation,166200,165700,12.52,36,B,Completed,205600,6,Not Verified,Mobile App
P2P100838,2023-06-15,Pune,Salaried,,Debt Consolidation,369200,343600,11.02,60,B,Defaulted,91000,11,Verified,Web
P2P100834,2022-05-14,Jaipur,Salaried,69400.0,Debt Consolidation,155700,140900,17.33,12,D,Active,68800,5,Verified,Mobile App
P2P101440,2024-11-11,Bengaluru,Business Owner,51600.0,Wedding,103200,95700,15.53,36,C,Completed,129100,2,Verified,Mobile App
P2P100829,2025-02-08,Chennai,Salaried,53200.0,Home Improvement,486400,438900,13.31,36,B,Active,390500,9,Not Verified,Mobile App
P2P100595,2025-08-25,Kolkata,Salaried,39800.0,Debt Consolidation,310600,292200,12.97,36,C,Active,225700,11,Not Verified,Web
P2P100682,2022-11-21,Mumbai,Salaried,40700.0,Vehicle,376500,374000,7.86,24,A,Completed,404800,13,Verified,Mobile App
P2P101586,2022-02-10,Chennai,Salaried,26100.0,Home Improvement,176900,164600,12.0,24,C,Completed,201800,4,Verified,Mobile App
P2P100580,2022-11-22,Pune,Self-employed,53900.0,Medical,172800,164000,18.94,24,D,Defaulted,23800,4,Verified,Mobile App
P2P101089,2025-12-21,Delhi,Salaried,98000.0,Medical,203500,200900,13.72,12,C,Active,87000,6,Verified,Mobile App
P2P101197,2025-11-29,Bengaluru,Self-employed,18000.0,Travel,229600,222400,9.12,36,B,Active,139100,7,Verified,Web
P2P101211,2023-10-14,Hyderabad,Freelancer,60600.0,Debt Consolidation,415800,395700,9.76,36,A,Defaulted,127500,9,Not Verified,Web
P2P101067,2022-10-08,Bengaluru,Salaried,30800.0,Debt Consolidation,414700,378100,8.37,48,A,Active,167500,14,Verified,Mobile App
P2P100486,2025-08-31,Hyderabad,Self-employed,33000.0,Travel,181100,171100,11.85,24,C,Active,149300,5,Verified,Web
P2P100196,2023-05-21,Bengaluru,Salaried,93600.0,Home Improvement,482700,460400,13.52,36,C,Late,340100,13,Verified,Mobile App
P2P101986,2021-09-04,Kolkata,Salaried,34700.0,Wedding,221300,208100,14.7,36,C,Active,117500,8,Verified,Mobile App
P2P101483,2024-04-27,Hyderabad,Salaried,60000.0,Debt Consolidation,80500,76500,9.51,36,B,Active,62400,2,Verified,Mobile App
P2P101731,2023-03-01,Hyderabad,Business Owner,103800.0,Debt Consolidation,305400,279300,14.15,36,C,Active,280600,8,Verified,Mobile App
P2P101022,2023-02-12,Ahmedabad,Salaried,61400.0,Home Improvement,77000,69300,11.54,36,B,Completed,92500,2,Not Verified,Mobile App
P2P101143,2024-11-18,Kolkata,Self-employed,24700.0,Medical,558800,544200,8.37,36,A,Active,309100,12,Verified,Mobile App
P2P100481,2024-09-04,Pune,Salaried,56500.0,Debt Consolidation,474800,436700,9.1,12,B,Completed,504200,12,Not Verified,Web
P2P101932,2024-05-23,Kolkata,Salaried,42400.0,Debt Consolidation,107300,97600,18.38,24,D,Late,77600,3,Verified,Web
P2P100387,2023-01-14,Pune,Freelancer,25000.0,Home Improvement,827000,823100,17.03,24,D,Defaulted,239000,21,Verified,Web
P2P100258,2024-12-15,Chennai,Salaried,103400.0,Home Improvement,468500,446500,10.6,12,B,Active,196400,13,Verified,Web
P2P101005,2025-05-05,Delhi,Business Owner,87100.0,Medical,377400,373800,16.8,12,D,Active,263000,10,Verified,Mobile App
P2P101597,2022-12-29,Mumbai,Salaried,30100.0,Debt Consolidation,627700,569100,9.47,36,B,Active,531400,17,Verified,Mobile App
P2P101594,2021-11-15,Jaipur,Freelancer,43000.0,Medical,132700,127600,11.52,24,B,Active,67100,3,Verified,Web
P2P101080,2025-10-30,Kolkata,Salaried,65700.0,Travel,109900,107500,15.6,24,C,Active,42500,3,Verified,Mobile App
P2P101727,2024-03-05,Bengaluru,Salaried,26500.0,Debt Consolidation,72600,69400,12.64,24,C,Completed,82500,3,Verified,Web
P2P101167,2025-06-06,Ahmedabad,Salaried,45500.0,Wedding,141000,127000,15.2,60,C,Completed,207200,5,Verified,Mobile App
P2P101150,2025-07-19,Pune,Salaried,68100.0,Education,288300,262300,7.5,12,A,Completed,309700,8,Verified,Mobile App
P2P100994,2024-07-06,Bengaluru,Self-employed,45500.0,Home Improvement,115200,111400,10.14,36,B,Completed,133600,3,Verified,Mobile App
P2P101849,2025-08-13,Bengaluru,Salaried,67900.0,Small Business,224900,224200,11.43,36,C,Active,190400,6,Verified,Web
P2P100034,2025-10-29,Mumbai,Freelancer,57100.0,Travel,283100,260100,11.74,36,B,Active,201900,6,Verified,Web
P2P100081,2025-07-14,Hyderabad,Self-employed,43600.0,Debt Consolidation,233700,226000,9.84,12,B,Completed,250800,5,Verified,Web
P2P100875,2021-03-19,Ahmedabad,Salaried,93800.0,Vehicle,498200,486700,10.16,48,B,Active,448200,12,Verified,Web
P2P100978,2021-06-07,Ahmedabad,Salaried,77800.0,Debt Consolidation,180200,170100,20.09,12,E,Late,104000,6,Verified,Mobile App
P2P101040,2023-03-18,Chennai,Freelancer,66200.0,Education,231400,227200,10.68,48,B,Completed,295500,5,Verified,Mobile App
P2P101576,2021-10-21,Mumbai,Salaried,63700.0,Home Improvement,90800,89900,11.66,24,B,Active,64200,3,Not Verified,Web
P2P101816,2025-11-22,Hyderabad,Salaried,64100.0,Medical,291700,285800,10.75,36,A,Completed,354600,6,Not Verified,Mobile App
P2P101496,2024-11-03,Bengaluru,Salaried,47600.0,Debt Consolidation,280800,264300,11.64,24,B,Completed,317000,7,Verified,Web
P2P101935,2024-11-15,Mumbai,Salaried,83000.0,Home Improvement,468100,448800,11.88,36,B,Completed,555300,15,Not Verified,Mobile App
P2P100444,2023-07-01,Bengaluru,Salaried,36300.0,Vehicle,140100,136100,13.45,60,C,Completed,191300,3,Verified,Web
P2P100066,2024-04-25,Kolkata,Salaried,19500.0,Vehicle,282200,254300,10.93,48,B,Completed,346200,7,Verified,Mobile App
P2P101343,2025-07-21,Chennai,Salaried,84200.0,Medical,191100,183800,16.58,48,D,Defaulted,30700,6,Verified,Web
P2P100777,2022-09-15,Kolkata,,70700.0,Debt Consolidation,110000,108700,10.61,36,A,Defaulted,42700,4,Verified,Mobile App
P2P100548,2024-11-08,Hyderabad,Self-employed,35200.0,Home Improvement,339900,337200,7.81,24,A,Active,274700,8,Verified,Mobile App
P2P101618,2024-10-24,Kolkata,Salaried,67900.0,Vehicle,234100,226600,8.91,60,A,Late,101900,6,Verified,Mobile App
P2P100059,2021-05-19,Ahmedabad,Business Owner,82400.0,Small Business,336800,305900,12.36,24,B,Active,160300,6,Verified,Web
P2P100800,2025-09-26,Hyderabad,Self-employed,51900.0,Debt Consolidation,427500,406300,17.41,36,D,Defaulted,90500,10,Verified,Mobile App
P2P100725,2024-06-12,Pune,Salaried,63200.0,Home Improvement,165700,161100,12.45,12,C,Completed,183900,4,Verified,Web
P2P101541,2025-01-04,Mumbai,Salaried,74000.0,Debt Consolidation,154200,140800,15.37,36,C,Active,118900,4,Not Verified,Web
P2P100089,2025-08-13,Chennai,Business Owner,23000.0,Vehicle,284600,276200,12.03,36,B,Completed,337000,6,Verified,Web
P2P100566,2024-07-06,Delhi,Business Owner,38300.0,Debt Consolidation,126800,121400,16.3,36,C,Completed,164800,4,Verified,Web
P2P101850,2024-09-29,Bengaluru,Salaried,43100.0,Debt Consolidation,126200,124000,11.62,36,B,Late,85400,4,Verified,Mobile App
P2P101301,2021-04-07,Bengaluru,Business Owner,68400.0,Home Improvement,249000,240400,14.84,12,C,Active,191100,8,Verified,Web
P2P101073,2021-05-09,Pune,Salaried,68000.0,Home Improvement,130000,128000,15.6,24,C,Completed,151700,4,Verified,Mobile App
P2P100255,2022-04-28,Delhi,Salaried,52400.0,Vehicle,175000,164900,16.18,60,D,Late,95900,5,Verified,Mobile App
P2P101250,2024-08-16,Ahmedabad,Salaried,130300.0,Medical,230600,227600,7.5,12,A,Completed,235500,7,Verified,Web
P2P101542,2021-11-24,Bengaluru,Self-employed,46000.0,Vehicle,97500,89600,15.24,24,C,Completed,117300,2,Not Verified,Mobile App
P2P100782,2024-04-25,Hyderabad,Salaried,41000.0,Vehicle,267800,264300,13.72,24,C,Active,145700,6,Verified,Mobile App
P2P100018,2024-03-28,Pune,Business Owner,52400.0,Wedding,159700,150100,10.17,24,B,Completed,175200,4,Verified,Mobile App
P2P101169,2021-01-20,Mumbai,Salaried,84300.0,Small Business,287600,280100,19.25,12,E,Active,210700,9,Not Verified,Mobile App
P2P100983,2021-11-23,Jaipur,Self-employed,96500.0,Small Business,250200,232200,13.08,36,C,Completed,308900,6,Verified,Mobile App
P2P101993,2024-08-06,Mumbai,Salaried,81800.0,Small Business,235300,226300,11.62,36,B,Active,88100,6,Verified,Mobile App
P2P101765,2022-03-14,Chennai,Business Owner,92900.0,Education,183800,165600,12.62,24,B,Completed,206000,6,Verified,Web
P2P100100,2021-11-27,Ahmedabad,Salaried,38100.0,Home Improvement,469100,456900,21.85,24,E,Defaulted,172500,15,Not Verified,Mobile App
P2P101902,2021-01-17,Mumbai,Salaried,38300.0,Home Improvement,228000,215000,12.61,24,B,Completed,270500,6,Verified,Web
P2P100364,2024-04-29,Hyderabad,Salaried,36300.0,Education,384700,352800,12.65,24,B,Completed,450000,9,Verified,Mobile App
P2P100915,2024-05-09,Mumbai,Salaried,42100.0,Debt Consolidation,482000,465900,14.57,12,C,Completed,523400,17,Verified,Web
P2P100810,2021-12-13,Delhi,Business Owner,59200.0,Small Business,312500,282700,13.61,36,C,Active,241300,11,Verified,Mobile App
P2P100037,2023-02-26,Chennai,Freelancer,58600.0,Debt Consolidation,242300,230800,11.23,48,A,Completed,311800,6,Verified,Web
P2P100097,2024-03-25,Bengaluru,Salaried,81700.0,Medical,341500,329600,10.73,48,B,Completed,427900,12,Verified,Mobile App
P2P100095,2025-03-22,Mumbai,Salaried,58000.0,Debt Consolidation,401400,370600,7.5,60,A,Completed,494600,14,Verified,Mobile App
P2P101858,2023-12-18,Mumbai,Salaried,39000.0,Education,483700,444100,16.67,24,D,Active,297400,9,Verified,Web
P2P100764,2025-02-16,Mumbai,Salaried,36000.0,Home Improvement,173300,157800,10.21,12,A,Completed,181800,3,Verified,Mobile App
P2P100135,2025-10-21,Bengaluru,Self-employed,30000.0,Small Business,243700,235000,11.57,36,B,Active,103200,7,Verified,Mobile App
P2P100747,2023-07-26,Chennai,Salaried,,Medical,194000,192300,11.11,36,B,Completed,229000,5,Verified,Mobile App
P2P100909,2022-11-25,Ahmedabad,Self-employed,159600.0,Home Improvement,85700,80700,16.26,60,D,Active,74700,3,Verified,Mobile App
P2P101865,2025-12-12,Delhi,Self-employed,120700.0,Debt Consolidation,590600,572800,11.47,36,B,Active,489200,12,Verified,Web
P2P101890,2025-12-21,Delhi,Salaried,45700.0,Home Improvement,185100,177400,10.12,36,B,Active,153400,7,Verified,Mobile App
P2P100650,2024-02-17,Ahmedabad,Salaried,93200.0,Education,100100,92900,13.25,12,C,Completed,109400,3,Verified,Web
P2P101868,2022-04-17,Delhi,Salaried,52300.0,Small Business,157600,154000,8.15,12,A,Completed,161600,3,Verified,Web
P2P100755,2022-02-17,Bengaluru,Business Owner,48700.0,Wedding,195300,178500,9.82,60,B,Active,146500,4,Verified,Web
P2P101710,2024-10-06,Ahmedabad,Business Owner,66800.0,Travel,382600,355000,14.03,24,C,Completed,459900,10,Verified,Mobile App
P2P100499,2025-11-30,Mumbai,Salaried,35900.0,Travel,129400,121900,10.46,36,B,Completed,156400,4,Verified,Mobile App
P2P100918,2025-10-28,Jaipur,Salaried,25100.0,Vehicle,168200,156500,7.77,24,A,Active,133700,4,Not Verified,Mobile App
P2P100757,2024-08-21,Ahmedabad,Salaried,132500.0,Education,83900,77900,7.91,48,A,Completed,101600,2,Verified,Mobile App
P2P100295,2022-01-19,Ahmedabad,Salaried,43800.0,Debt Consolidation,165700,160000,9.41,48,A,Completed,203300,5,Verified,Web
P2P100888,2022-10-06,Delhi,Self-employed,22100.0,Home Improvement,626600,575700,10.22,36,B,Active,525800,16,Verified,Mobile App
P2P100224,2023-06-25,Delhi,Business Owner,62500.0,Debt Consolidation,110800,106000,13.34,60,B,Active,54400,2,Verified,Mobile App
P2P101414,2021-06-24,Ahmedabad,Salaried,74300.0,Home Improvement,210700,191600,20.48,24,E,Active,145000,7,Verified,Web
P2P100667,2022-10-24,Delhi,Salaried,53600.0,Debt Consolidation,311200,283400,13.72,60,C,Completed,453100,6,Verified,Mobile App
P2P101368,2025-09-09,Pune,Salaried,54000.0,Debt Consolidation,262000,243800,15.92,24,D,Active,185300,6,Verified,Mobile App
P2P101979,2025-07-26,Kolkata,Salaried,47700.0,Debt Consolidation,275400,255200,11.7,24,B,Active,224500,6,Verified,Mobile App
P2P100401,2021-11-12,Chennai,,20300.0,Home Improvement,86100,81100,11.46,48,B,Active,64200,3,Verified,Web
P2P101802,2025-02-08,Bengaluru,Salaried,23700.0,Wedding,142000,139700,12.41,36,C,Completed,174400,3,Not Verified,Mobile App
P2P101395,2023-04-28,Mumbai,Self-employed,87500.0,Wedding,238500,220700,13.96,36,C,Completed,290900,5,Not Verified,Web
P2P101206,2025-03-21,Mumbai,Salaried,38800.0,Vehicle,352900,317900,12.61,36,C,Active,173800,6,Not Verified,Mobile App
P2P101464,2024-10-18,Delhi,,54300.0,Medical,180800,169200,10.51,36,B,Completed,207800,6,Verified,Mobile App
P2P100513,2025-10-09,Ahmedabad,,29000.0,Home Improvement,269600,244900,13.36,48,B,Completed,361200,7,Verified,Mobile App
P2P100617,2021-07-07,Mumbai,Business Owner,120900.0,Home Improvement,72200,69200,10.45,24,B,Completed,78800,3,Verified,Web
P2P100616,2025-09-24,Chennai,Salaried,174100.0,Debt Consolidation,158200,146800,19.63,24,E,Active,109100,4,Verified,Mobile App
P2P100686,2024-05-16,Bengaluru,Salaried,140900.0,Debt Consolidation,147600,147600,14.87,48,C,Active,106300,5,Verified,Mobile App
P2P101015,2024-12-30,Hyderabad,Salaried,,Medical,182800,179700,10.14,36,B,Defaulted,46300,5,Verified,Mobile App
P2P100680,2025-07-17,Hyderabad,Self-employed,99100.0,Education,535700,511300,9.19,36,A,Completed,629400,19,Verified,Web
P2P101514,2021-02-25,Bengaluru,Self-employed,58900.0,Vehicle,251400,242800,11.84,24,B,Active,134500,5,Verified,Mobile App
P2P100886,2022-05-20,Jaipur,Business Owner,142900.0,Travel,283800,267600,16.73,12,D,Completed,318800,6,Verified,Mobile App
P2P100024,2023-06-23,Bengaluru,Business Owner,29100.0,Debt Consolidation,648400,604000,14.54,36,C,Active,346500,13,Verified,Web
P2P101071,2023-02-10,Delhi,Salaried,46100.0,Small Business,149900,146000,12.64,24,B,Active,97500,4,Not Verified,Mobile App
P2P100200,2025-04-02,Bengaluru,Self-employed,31900.0,Home Improvement,164000,149600,10.93,12,B,Completed,176500,4,Not Verified,Web
P2P100306,2025-12-01,Hyderabad,Salaried,59900.0,Home Improvement,687200,621300,13.93,24,C,Completed,806300,15,Verified,Web
P2P100246,2025-10-03,Pune,Freelancer,38100.0,Education,473400,445300,16.17,24,D,Active,402200,11,Verified,Web
P2P101321,2022-10-27,Mumbai,Salaried,38300.0,Education,247700,242400,17.2,36,D,Completed,329300,9,Verified,Mobile App
P2P101471,2024-06-01,Ahmedabad,Self-employed,48300.0,Debt Consolidation,87100,81300,15.2,12,C,Active,66700,2,Verified,Mobile App
P2P100468,2025-07-21,Bengaluru,Salaried,,Debt Consolidation,365200,350100,7.5,36,A,Completed,408700,13,Verified,Mobile App
P2P100656,2022-01-20,Delhi,Salaried,124000.0,Home Improvement,174400,171300,13.49,24,C,Active,118500,4,Verified,Web
P2P100021,2024-08-08,Delhi,Salaried,46200.0,Travel,712400,647400,10.19,24,A,Late,453900,16,Verified,Mobile App
P2P100378,2021-03-13,Ahmedabad,Business Owner,42900.0,Vehicle,77500,75000,12.41,36,B,Completed,92700,2,Not Verified,Web
P2P101018,2024-06-02,Bengaluru,Salaried,24400.0,Home Improvement,107700,99100,9.35,60,A,Completed,133200,2,Verified,Web
P2P101293,2024-06-02,Bengaluru,Salaried,105500.0,Home Improvement,235300,235200,12.54,24,C,Completed,278100,5,Not Verified,Web
P2P100404,2025-05-30,Ahmedabad,Salaried,32600.0,Home Improvement,338600,320300,12.86,48,B,Completed,442200,7,Verified,Mobile App
P2P100226,2022-10-20,Pune,Self-employed,54000.0,Education,252500,242300,14.09,36,C,Completed,312200,7,Verified,Web
P2P100645,2022-01-02,Mumbai,Self-employed,24000.0,Debt Consolidation,193300,191200,16.98,36,D,Late,52800,4,Not Verified,Mobile App
P2P100837,2025-09-17,Delhi,Salaried,43400.0,Travel,147900,140500,9.69,36,A,Active,99300,3,Verified,Mobile App
P2P100784,2023-05-14,Delhi,Salaried,21300.0,Vehicle,169200,166100,12.23,24,B,Completed,192500,4,Verified,Mobile App
P2P101992,2022-04-04,Mumbai,Salaried,147400.0,Debt Consolidation,196400,185400,19.18,48,D,Active,136300,4,Verified,Mobile App
P2P101296,2022-07-09,Lucknow,Salaried,34300.0,Debt Consolidation,214700,194900,13.01,60,B,Active,141300,8,Verified,Mobile App
P2P100618,2023-01-04,Delhi,Business Owner,54200.0,Debt Consolidation,376300,358300,10.61,12,B,Active,162400,9,Not Verified,Mobile App
P2P100794,2024-08-08,Delhi,,25400.0,Debt Consolidation,243400,223700,14.08,36,C,Active,93000,5,Verified,Web
P2P100085,2023-03-10,Mumbai,Salaried,54400.0,Education,634700,576400,14.77,24,C,Completed,764100,18,Verified,Web
P2P101591,2024-12-10,Mumbai,Salaried,32100.0,Travel,173700,159100,11.55,24,B,Late,110300,4,Verified,Web
P2P101837,2022-01-21,Pune,Business Owner,26600.0,Wedding,426400,388300,12.31,36,B,Completed,520300,12,Verified,Mobile App
P2P101213,2022-04-15,Mumbai,Salaried,32400.0,Debt Consolidation,251800,249700,10.04,48,A,Completed,308300,6,Not Verified,Mobile App
P2P101653,2022-12-04,Bengaluru,Salaried,101100.0,Vehicle,259500,250700,14.82,24,C,Active,212400,9,Verified,Web
P2P100604,2021-09-29,Kolkata,Salaried,62600.0,Home Improvement,133800,129200,15.85,36,D,Completed,175900,4,Verified,Mobile App
P2P100454,2025-09-06,Delhi,Business Owner,18800.0,Home Improvement,502000,459000,12.72,24,C,Completed,579500,13,Verified,Mobile App
P2P101498,2023-12-24,Ahmedabad,Business Owner,24100.0,Wedding,102000,97000,12.47,24,C,Completed,117100,3,Verified,Mobile App
P2P101690,2025-03-14,Ahmedabad,Self-employed,54400.0,Debt Consolidation,249200,232600,11.64,12,A,Completed,262800,7,Verified,Mobile App
P2P101452,2024-08-18,Hyderabad,Salaried,39700.0,Small Business,273800,269500,10.72,12,B,Completed,303100,11,Not Verified,Mobile App
P2P101540,2024-03-29,Delhi,Salaried,45000.0,Debt Consolidation,523800,484700,11.51,12,B,Defaulted,33800,10,Not Verified,Mobile App
P2P100214,2022-09-04,Delhi,Salaried,40100.0,Travel,255800,232900,17.24,24,D,Completed,315300,5,Verified,Mobile App
P2P100999,2025-10-31,Delhi,Business Owner,40800.0,Debt Consolidation,289300,274700,9.0,12,A,Completed,308100,8,Not Verified,Web
P2P101402,2022-04-24,Chennai,Freelancer,86000.0,Debt Consolidation,220900,201200,14.4,48,C,Defaulted,68600,7,Verified,Mobile App
P2P100363,2023-12-14,Mumbai,Business Owner,,Debt Consolidation,178100,170700,18.9,24,D,Late,94100,5,Verified,Mobile App
P2P100904,2024-06-25,Chennai,Salaried,59000.0,Home Improvement,72600,70500,10.67,48,B,Completed,88900,2,Verified,Web
P2P101930,2021-07-18,Mumbai,Business Owner,23900.0,Debt Consolidation,101000,99600,14.43,36,C,Completed,123500,3,Verified,Web
P2P100560,2024-08-21,Lucknow,Freelancer,126200.0,Education,240200,233400,19.9,24,E,Defaulted,44800,8,Verified,Web
P2P101650,2025-01-03,Pune,Self-employed,85400.0,Travel,255000,240000,12.92,24,B,Active,119300,5,Verified,Mobile App
P2P100960,2025-02-09,Lucknow,Self-employed,55300.0,Vehicle,580900,547900,10.35,12,A,Completed,602900,12,Verified,Mobile App
P2P100535,2025-03-19,Bengaluru,Salaried,83500.0,Small Business,154300,142500,13.08,24,B,Completed,179800,4,Verified,Mobile App
P2P100697,2023-01-26,Chennai,Salaried,54900.0,Small Business,140900,138900,12.42,24,B,Active,93300,4,Not Verified,Mobile App
P2P101114,2024-04-16,Mumbai,Self-employed,24900.0,Debt Consolidation,123100,115500,11.11,48,B,Completed,155000,3,Verified,Mobile App
P2P100952,2024-10-29,Hyderabad,Salaried,85000.0,Small Business,93600,92200,12.66,24,C,Defaulted,6300,2,Verified,Web
P2P101480,2023-11-01,Hyderabad,Salaried,86900.0,Home Improvement,441500,414600,13.66,60,C,Active,205900,14,Verified,Web
P2P100237,2023-01-11,Chennai,Salaried,43600.0,Wedding,273000,266100,10.66,24,B,Completed,302600,6,Verified,Mobile App
P2P101845,2025-10-22,Ahmedabad,Business Owner,73000.0,Debt Consolidation,102900,94000,19.62,24,E,Active,45100,3,Verified,Web
P2P101957,2024-09-24,Chennai,,47600.0,Wedding,165700,165400,12.4,36,C,Completed,196700,4,Verified,Mobile App
P2P101191,2021-07-26,Pune,Salaried,41900.0,Home Improvement,166100,153900,14.75,24,C,Active,133900,4,Verified,Web
P2P101436,2021-04-02,Jaipur,Self-employed,69500.0,Home Improvement,159300,153900,12.7,60,B,Completed,225800,3,Verified,Mobile App
P2P101810,2021-10-29,Bengaluru,Salaried,23100.0,Debt Consolidation,739000,702800,9.19,36,A,Completed,834000,17,Verified,Web
P2P101655,2021-09-26,Kolkata,Salaried,54000.0,Debt Consolidation,283800,260500,15.77,12,C,Completed,322900,8,Verified,Mobile App
P2P101403,2021-04-23,Pune,Freelancer,39000.0,Travel,313000,292700,11.04,24,A,Completed,351600,11,Verified,Mobile App
P2P101572,2022-04-25,Pune,Salaried,36700.0,Education,543300,527800,9.26,36,A,Active,218500,19,Verified,Web
P2P100919,2025-03-12,Pune,Self-employed,90500.0,Home Improvement,265000,250400,9.98,24,B,Active,133800,7,Verified,Web
P2P100579,2024-02-07,Delhi,Freelancer,59800.0,Home Improvement,54200,50400,9.31,36,B,Completed,62400,1,Verified,Mobile App
P2P101944,2025-01-02,Mumbai,Business Owner,30000.0,Home Improvement,156900,144900,10.44,36,A,Completed,182600,3,Not Verified,Web
P2P101659,2023-08-20,Hyderabad,Freelancer,41400.0,Medical,109700,109300,17.72,60,D,Completed,167900,2,Verified,Web
P2P100819,2021-06-17,Ahmedabad,Business Owner,45200.0,Debt Consolidation,52900,51800,9.9,24,A,Active,22000,1,Not Verified,Web
P2P101772,2025-04-08,Chennai,Self-employed,38500.0,Wedding,296500,295700,10.92,24,B,Active,188600,7,Not Verified,Mobile App
P2P100908,2023-05-07,Kolkata,Salaried,92500.0,Debt Consolidation,391500,365100,14.74,48,C,Active,320100,9,Verified,Web
P2P101299,2024-09-15,Delhi,Salaried,51900.0,Home Improvement,52700,51500,10.07,24,A,Completed,59500,1,Verified,Mobile App
P2P100368,2025-09-05,Mumbai,Salaried,75500.0,Education,369700,369200,11.18,48,B,Completed,481500,10,Verified,Mobile App
P2P101712,2021-07-07,Delhi,Freelancer,53600.0,Small Business,162500,162000,12.57,36,B,Completed,195100,5,Verified,Mobile App
P2P101407,2025-06-21,Chennai,Freelancer,39700.0,Vehicle,91800,89600,17.88,36,D,Active,69400,2,Verified,Mobile App
P2P100300,2021-09-19,Delhi,Self-employed,56500.0,Home Improvement,134100,121500,10.78,12,B,Defaulted,24600,3,Verified,Mobile App
P2P100049,2024-05-01,Ahmedabad,,192200.0,Education,82600,82400,11.84,24,B,Active,68200,3,Verified,Web
P2P101013,2025-10-23,Mumbai,Salaried,33300.0,Home Improvement,202200,193700,17.54,24,D,Active,146500,4,Not Verified,Web
P2P100772,2025-06-23,Ahmedabad,Salaried,93500.0,Debt Consolidation,579500,565300,13.57,24,C,Completed,665400,19,Verified,Web
P2P100148,2024-02-23,Hyderabad,Salaried,64000.0,Home Improvement,273100,248700,12.98,60,B,Active,225900,5,Verified,Mobile App
P2P101133,2021-09-06,Chennai,Salaried,44900.0,Wedding,599600,582000,21.32,60,E,Defaulted,275400,12,Verified,Mobile App
P2P100743,2025-02-21,Pune,Salaried,78800.0,Debt Consolidation,180800,180400,11.65,24,C,Completed,205500,4,Verified,Mobile App
P2P101777,2024-12-03,Delhi,Self-employed,64600.0,Vehicle,277800,250600,10.71,12,B,Completed,288900,6,Verified,Web
P2P101115,2024-07-10,Hyderabad,Salaried,78200.0,Debt Consolidation,679100,649000,13.09,48,B,Completed,878600,15,Verified,Web
P2P101415,2024-04-07,Hyderabad,Salaried,39900.0,Vehicle,260300,242000,13.3,24,C,Completed,300500,8,Verified,Mobile App
P2P100379,2025-05-15,Lucknow,Salaried,47700.0,Home Improvement,105900,97900,13.96,60,B,Active,82100,2,Verified,Mobile App
P2P101843,2023-11-08,Bengaluru,Salaried,89600.0,Education,254900,240000,13.54,24,B,Active,90900,5,Verified,Mobile App
P2P100625,2024-08-18,Ahmedabad,Freelancer,55500.0,Home Improvement,91400,82800,11.37,24,B,Completed,101500,2,Verified,Web
P2P100194,2024-09-10,Jaipur,Self-employed,65300.0,Education,356200,340500,11.63,60,B,Completed,490200,7,Verified,Web
P2P101249,2025-09-24,Mumbai,Salaried,64200.0,Vehicle,278100,277300,12.17,36,B,Late,190600,9,Verified,Mobile App
P2P100543,2022-09-14,Lucknow,Salaried,165000.0,Vehicle,291900,272900,8.38,24,A,Active,237700,10,Verified,Mobile App
P2P100516,2021-03-22,Mumbai,Salaried,28200.0,Wedding,231900,220800,17.43,36,D,Completed,302700,6,Verified,Web
P2P100649,2025-04-13,Chennai,Business Owner,30200.0,Home Improvement,256700,252000,9.38,36,A,Active,168000,7,Not Verified,Mobile App
P2P101791,2022-03-14,Pune,Salaried,52500.0,Debt Consolidation,44500,44200,16.71,48,C,Late,18800,1,Not Verified,Mobile App
P2P100769,2023-05-08,Jaipur,Self-employed,94600.0,Education,400800,384200,10.36,48,A,Completed,507100,8,Verified,Mobile App
P2P101573,2025-02-07,Bengaluru,Business Owner,196000.0,Vehicle,270700,265000,12.81,36,C,Completed,321500,6,Verified,Mobile App
P2P101065,2023-10-05,Bengaluru,Self-employed,,Medical,178300,164200,10.55,36,B,Active,153900,3,Verified,Web
P2P101198,2025-11-23,Kolkata,Salaried,50700.0,Vehicle,649300,644500,13.38,24,C,Completed,760500,22,Not Verified,Mobile App
P2P101914,2023-06-26,Bengaluru,Salaried,61300.0,Travel,117500,108200,10.38,36,B,Active,71100,3,Verified,Mobile App
P2P100440,2021-09-07,Hyderabad,Salaried,46100.0,Debt Consolidation,590900,566800,7.89,12,A,Active,270600,19,Verified,Web
P2P100078,2021-08-15,Pune,Salaried,56800.0,Education,255600,239200,13.55,24,C,Completed,297800,6,Verified,Web
P2P101959,2024-09-15,Bengaluru,Business Owner,43600.0,Debt Consolidation,225800,222400,14.37,36,C,Completed,276500,7,Verified,Mobile App
P2P100332,2025-03-05,Chennai,Salaried,39000.0,Debt Consolidation,463500,420600,10.85,36,B,Completed,557200,9,Verified,Mobile App
P2P101799,2021-08-07,Mumbai,Freelancer,18700.0,Debt Consolidation,548600,536000,17.64,24,D,Completed,643200,18,Verified,Mobile App
P2P101836,2024-10-16,Hyderabad,Self-employed,72200.0,Home Improvement,66800,63600,10.35,60,B,Active,60900,2,Verified,Web
P2P101674,2025-05-04,Hyderabad,Salaried,63500.0,Debt Consolidation,154700,141100,19.52,12,D,Completed,169200,5,Verified,Mobile App
P2P100586,2022-10-11,Delhi,Freelancer,123900.0,Medical,202400,183100,17.6,12,D,Defaulted,74700,4,Verified,Mobile App
P2P100718,2025-11-18,Hyderabad,Freelancer,56400.0,Travel,339200,327300,11.46,36,A,Completed,418500,9,Not Verified,Web
P2P101552,2024-07-24,Delhi,Salaried,70200.0,Debt Consolidation,145000,143400,13.07,36,B,Completed,180400,3,Verified,Web
P2P101202,2021-03-17,Bengaluru,Freelancer,57500.0,Education,113000,105400,8.39,24,A,Active,40100,3,Verified,Web
P2P101204,2023-04-03,Bengaluru,Self-employed,20100.0,Vehicle,418900,414900,11.46,12,B,Completed,461000,12,Verified,Mobile App
P2P100537,2025-06-27,Chennai,Salaried,42400.0,Small Business,553800,526100,14.48,60,C,Active,257400,14,Verified,Mobile App
P2P101580,2024-05-01,Chennai,Salaried,49400.0,Education,187900,174200,12.5,24,C,Completed,210600,6,Verified,Mobile App
P2P101696,2021-07-28,Chennai,Salaried,37800.0,Debt Consolidation,139100,131700,10.29,48,B,Active,54200,3,Verified,Mobile App
P2P100529,2021-06-22,Delhi,Salaried,67100.0,Debt Consolidation,171500,168700,17.31,12,D,Completed,185900,5,Verified,Web
P2P101081,2025-04-10,Delhi,Salaried,47800.0,Small Business,97100,90100,11.55,36,B,Completed,115100,2,Verified,Web
P2P101964,2023-07-26,Hyderabad,Business Owner,50400.0,Medical,285500,275700,18.22,24,D,Active,206600,6,Not Verified,Mobile App
P2P101225,2023-10-02,Jaipur,Salaried,86900.0,Debt Consolidation,101600,96200,21.0,60,E,Active,110600,2,Verified,Mobile App
P2P100141,2025-11-15,Hyderabad,Salaried,29500.0,Vehicle,188600,178700,,12,C,Active,147800,5,Not Verified,Web
P2P100995,2023-06-12,Jaipur,Salaried,37900.0,Debt Consolidation,134300,125300,13.01,24,B,Active,67100,4,Verified,Mobile App
P2P101271,2024-12-14,Delhi,Salaried,41200.0,Debt Consolidation,160100,149300,9.24,36,A,Completed,185400,4,Verified,Web
P2P100954,2025-09-16,Bengaluru,Self-employed,124700.0,Education,161500,159800,9.8,24,A,Completed,175300,4,Verified,Web
P2P100466,2023-07-09,Bengaluru,Salaried,62400.0,Debt Consolidation,248500,246500,13.2,36,B,Active,113200,9,Not Verified,Web
P2P100613,2024-09-02,Mumbai,Salaried,89000.0,Debt Consolidation,199200,192400,16.58,36,C,Completed,255200,5,Verified,Mobile App
P2P100163,2024-09-11,,Salaried,31900.0,Home Improvement,418300,391900,10.95,36,B,Completed,510100,15,Verified,Mobile App
P2P100114,2025-05-07,Pune,Salaried,40500.0,Wedding,266500,259900,14.61,12,C,Active,115300,5,Verified,Mobile App
P2P101487,2023-08-18,Delhi,Salaried,53600.0,Home Improvement,79600,77700,9.4,48,A,Active,53700,2,Verified,Mobile App
P2P100943,2024-10-08,Chennai,Business Owner,75300.0,Debt Consolidation,181100,174100,11.62,60,B,Active,75000,7,Verified,Mobile App
P2P100720,2025-01-31,Mumbai,Freelancer,26500.0,Debt Consolidation,625700,602400,11.74,36,B,Active,306300,16,Verified,Mobile App
P2P101311,2021-09-03,Lucknow,Salaried,38200.0,Small Business,159000,157800,10.17,24,A,Completed,173700,6,Verified,Mobile App
P2P101694,2022-03-05,Pune,Self-employed,148700.0,Debt Consolidation,512500,491000,18.56,12,D,Completed,570200,16,Verified,Mobile App
P2P100611,2021-05-01,Ahmedabad,Salaried,40400.0,Vehicle,190300,173700,15.81,12,C,Active,92500,4,Verified,Mobile App
P2P101270,2023-02-01,Delhi,Salaried,55700.0,Small Business,152800,140100,13.62,24,D,Active,92600,4,Verified,Web
P2P100531,2025-05-13,Pune,Salaried,32800.0,Small Business,160300,159600,18.06,60,D,Completed,242300,4,Verified,Mobile App
P2P101619,2024-05-18,Lucknow,Salaried,99200.0,Vehicle,112700,103100,14.25,48,C,Active,98300,3,Verified,Mobile App
P2P101685,2022-02-01,Bengaluru,Salaried,60700.0,Small Business,172800,158800,8.94,36,A,Completed,197300,5,Verified,Web
P2P100455,2021-12-07,Jaipur,Business Owner,64300.0,Medical,159200,145900,11.44,60,B,Active,86800,5,Verified,Web
P2P100804,2024-08-01,Hyderabad,Salaried,46200.0,Travel,176000,165600,14.95,12,C,Active,64500,7,Verified,Mobile App
P2P100431,2022-02-25,Chennai,Self-employed,58800.0,Medical,266100,252400,11.22,24,C,Active,105800,5,Verified,Mobile App
P2P100830,2023-12-02,Delhi,Salaried,50600.0,Debt Consolidation,814400,809500,10.11,24,A,Completed,917200,18,Verified,Web
P2P101356,2025-07-27,Kolkata,Salaried,21000.0,Debt Consolidation,66400,61200,21.39,12,E,Late,32000,1,Verified,Web
P2P100477,2021-08-14,Hyderabad,Salaried,79700.0,Debt Consolidation,466800,463100,11.47,24,B,Active,392100,10,Verified,Mobile App
P2P100969,2024-05-31,Chennai,Freelancer,25400.0,Travel,581600,571000,8.97,48,A,Active,326500,14,Verified,Web
P2P100626,2023-06-27,Mumbai,Self-employed,33100.0,Travel,181000,176300,9.25,24,A,Completed,206400,6,Verified,Web
P2P100997,2025-09-20,Chennai,Salaried,39900.0,Debt Consolidation,239400,221000,15.35,36,C,Completed,301100,6,Verified,Mobile App
P2P100284,2021-10-15,Chennai,Salaried,57600.0,Debt Consolidation,316000,287000,11.95,12,B,Active,140700,7,Verified,Mobile App
P2P100006,2022-03-28,Lucknow,Salaried,80900.0,Small Business,762200,760700,,36,B,Active,436900,28,Not Verified,Web
P2P100931,2022-02-17,Delhi,Salaried,61400.0,Medical,230100,213400,16.3,36,D,Late,102600,5,Verified,Mobile App
P2P100421,2025-04-16,Lucknow,Salaried,63900.0,Debt Consolidation,263500,252300,12.36,24,B,Active,146500,10,Verified,Mobile App
P2P100612,2025-04-26,Kolkata,Salaried,92800.0,Debt Consolidation,264300,260000,10.63,36,B,Active,185600,6,Not Verified,Mobile App
P2P101637,2023-08-24,Delhi,Self-employed,107800.0,Wedding,96800,88500,9.54,24,A,Active,47500,2,Verified,Mobile App
P2P101599,2021-09-20,Lucknow,Self-employed,28200.0,Home Improvement,403900,393300,14.23,36,C,Active,198100,8,Verified,Web
P2P101537,2022-05-26,Kolkata,Salaried,48600.0,Debt Consolidation,114900,110600,7.78,12,A,Active,59500,3,Verified,Web
P2P100370,2021-08-01,Ahmedabad,Salaried,40800.0,Small Business,610300,575400,10.25,24,B,Active,440800,19,Verified,Web
P2P100676,2025-12-10,Ahmedabad,Business Owner,86300.0,Debt Consolidation,212800,208800,13.65,36,C,Active,80200,5,Verified,Web
P2P100273,2025-07-19,Bengaluru,Salaried,59100.0,Education,200200,190600,9.51,36,A,Completed,230400,4,Verified,Mobile App
P2P100103,2023-03-16,Delhi,Salaried,69500.0,Debt Consolidation,529900,487500,16.53,12,C,Completed,603500,12,Verified,Web
P2P100276,2024-02-21,Chennai,Self-employed,34900.0,Medical,115800,105600,10.7,36,B,Completed,139400,3,Verified,Mobile App
P2P100270,2023-02-05,Pune,Freelancer,30400.0,Education,287400,276200,11.34,36,C,Completed,341500,6,Not Verified,Web
P2P101461,2023-08-14,Hyderabad,Business Owner,34700.0,Debt Consolidation,250300,239900,14.61,12,C,Completed,283100,7,Verified,Mobile App
P2P100354,2022-04-13,Pune,Freelancer,124600.0,Vehicle,102600,92300,8.37,24,B,Completed,116400,2,Not Verified,Web
P2P100924,2025-04-27,Pune,Business Owner,33200.0,Debt Consolidation,247400,244400,10.15,36,B,Active,200300,8,Verified,Web
P2P100326,2025-02-08,Mumbai,Freelancer,105900.0,Travel,410900,407900,9.12,48,B,Active,251000,11,Verified,Web
P2P101353,2023-11-07,Hyderabad,Salaried,89600.0,Wedding,289100,270800,9.41,36,B,Completed,328200,8,Verified,Mobile App
P2P101864,2024-04-28,Pune,Salaried,211500.0,Debt Consolidation,304700,284200,19.96,48,E,Defaulted,131500,11,Verified,Mobile App
P2P100071,2025-03-23,Lucknow,Salaried,91000.0,Small Business,258800,237100,17.54,12,D,Defaulted,23400,5,Verified,Mobile App
P2P100467,2023-01-21,Hyderabad,Salaried,115600.0,Home Improvement,227600,214600,13.45,24,B,Completed,261200,5,Verified,Mobile App
P2P101151,2025-01-03,Kolkata,Salaried,34100.0,Medical,146500,141600,17.19,36,D,Completed,185500,5,Verified,Mobile App
P2P100047,2023-03-11,Bengaluru,Salaried,32500.0,Debt Consolidation,321500,317700,13.73,36,C,Active,206700,10,Not Verified,Web
P2P101272,2025-07-10,Lucknow,Salaried,107200.0,Debt Consolidation,36900,34300,11.15,24,B,Completed,40600,1,Verified,Web
P2P101708,2022-08-15,Kolkata,Salaried,87500.0,Debt Consolidation,374500,347500,10.38,60,A,Active,181700,8,Verified,Web
P2P100398,2023-10-19,Delhi,Salaried,38000.0,Debt Consolidation,102100,99100,9.52,24,A,Completed,116600,3,Not Verified,Web
P2P100826,2025-09-23,Ahmedabad,Salaried,72900.0,Vehicle,129600,125000,18.14,24,D,Completed,159800,3,Verified,Mobile App
P2P100051,2025-11-24,Hyderabad,Freelancer,29900.0,Education,290700,268500,9.78,24,B,Completed,325500,11,Verified,Web
P2P100409,2025-09-05,Hyderabad,Salaried,89100.0,Travel,204600,199800,13.82,36,C,Completed,258300,5,Verified,Mobile App
P2P101312,2025-08-23,Hyderabad,Self-employed,46100.0,Small Business,65100,64900,19.52,24,E,Completed,78100,2,Verified,Mobile App
P2P100644,2023-04-10,Jaipur,Salaried,89500.0,Medical,199900,192600,13.33,24,C,Defaulted,72100,4,Verified,Web
P2P100884,2021-11-15,Hyderabad,Salaried,74900.0,Debt Consolidation,210700,196200,16.14,24,D,Completed,245300,5,Verified,Mobile App
P2P100785,2022-05-27,Chennai,Salaried,58500.0,Vehicle,826100,748600,12.16,36,B,Completed,999300,19,Not Verified,Web
P2P100540,2022-01-24,Pune,Salaried,42700.0,Small Business,351200,319100,10.71,12,B,Late,170200,6,Verified,Web
P2P100005,2022-03-28,Bengaluru,Salaried,38200.0,Debt Consolidation,87200,85900,10.49,24,A,Completed,100000,3,Verified,Web
P2P100702,2021-06-08,Kolkata,Salaried,49500.0,Travel,62200,56800,16.87,36,C,Completed,80600,2,Verified,Mobile App
P2P100517,2023-07-12,Ahmedabad,Salaried,54900.0,Debt Consolidation,301500,291000,17.5,12,D,Completed,336600,12,Verified,Mobile App
P2P101923,2024-08-20,Mumbai,Salaried,83200.0,Vehicle,503800,462100,13.72,24,C,Completed,600600,15,Verified,Mobile App
P2P101277,2022-10-15,Delhi,Salaried,42700.0,Vehicle,108900,107000,12.03,48,B,Completed,141300,4,Not Verified,Web
P2P101812,2025-03-13,Bengaluru,Freelancer,31100.0,Education,233100,228900,21.78,24,E,Active,98300,5,Not Verified,Mobile App
P2P101635,2025-10-02,Chennai,Salaried,20300.0,Debt Consolidation,269500,254200,13.73,24,C,Active,96500,7,Verified,Web
P2P100671,2022-05-07,Delhi,Salaried,130000.0,Medical,143300,131300,10.15,36,A,Completed,170600,4,Not Verified,Mobile App
P2P100817,2024-07-08,Mumbai,Business Owner,37700.0,Education,208400,189200,10.05,36,A,Completed,237400,5,Verified,Mobile App
P2P101804,2023-02-10,Delhi,Business Owner,22600.0,Travel,154200,143000,13.13,36,C,Active,115200,4,Verified,Mobile App
P2P101857,2025-03-02,Delhi,Salaried,66900.0,Home Improvement,305000,299500,17.63,12,D,Completed,338400,12,Verified,Mobile App
P2P100533,2025-12-27,Jaipur,Salaried,65400.0,Debt Consolidation,348200,340100,9.12,36,A,Completed,413800,12,Verified,Mobile App
P2P101361,2025-09-13,Chennai,Self-employed,40600.0,Vehicle,175800,169600,11.59,12,B,Completed,194500,6,Verified,Mobile App
P2P101046,2024-08-15,Delhi,Self-employed,30800.0,Small Business,358200,327200,16.87,24,D,Active,156500,9,Verified,Web
P2P101926,2021-10-12,Mumbai,Self-employed,147100.0,Debt Consolidation,232800,215100,13.36,24,B,Active,154000,5,Verified,Web
P2P101053,2025-10-17,Jaipur,Salaried,,Debt Consolidation,54000,52500,17.7,36,D,Late,35900,2,Verified,Mobile App
P2P101009,2022-11-02,Mumbai,Salaried,44900.0,Small Business,768100,735800,13.2,36,C,Completed,962200,19,Verified,Mobile App
P2P100475,2024-04-02,Chennai,Self-employed,81400.0,Education,176000,172300,10.58,36,A,Active,138800,6,Verified,Web
P2P101535,2023-09-20,Ahmedabad,Salaried,75500.0,Debt Consolidation,428300,389400,12.57,60,C,Active,207400,8,Verified,Mobile App
P2P101624,2025-11-09,Chennai,Business Owner,72100.0,Vehicle,156800,147000,8.92,36,A,Active,134300,5,Verified,Web
P2P101983,2023-12-14,Chennai,Freelancer,35000.0,Debt Consolidation,238100,236600,13.81,12,C,Completed,261300,9,Verified,Mobile App
P2P100359,2025-10-18,Lucknow,Salaried,80000.0,Education,984900,941700,14.9,60,C,Completed,1456100,20,Verified,Web
P2P101441,2025-11-24,Pune,Salaried,41400.0,Home Improvement,85200,77900,9.32,12,A,Active,37600,2,Verified,Web
P2P100435,2021-09-15,Kolkata,Salaried,79200.0,Travel,251700,239600,12.61,12,C,Active,160900,5,Verified,Web
P2P101347,2023-05-15,Hyderabad,Salaried,35100.0,Debt Consolidation,270000,246200,11.52,24,B,Active,205000,8,Verified,Web
P2P100896,2022-07-20,Jaipur,Salaried,52500.0,Vehicle,551600,535800,10.92,36,A,Completed,647700,11,Verified,Mobile App
P2P100856,2022-06-17,Delhi,Salaried,38800.0,Education,319400,309700,16.09,12,D,Late,190100,11,Not Verified,Web
P2P101261,2022-12-17,Mumbai,Salaried,85200.0,Debt Consolidation,318900,296300,12.13,12,B,Late,167800,8,Verified,Mobile App
P2P101919,2023-08-09,Bengaluru,Salaried,26100.0,Small Business,517600,468100,12.26,36,C,Late,383300,13,Not Verified,Mobile App
P2P101125,2024-10-14,Delhi,Business Owner,47500.0,Small Business,116500,107700,11.24,24,B,Active,74600,3,Verified,Web
P2P101351,2025-07-19,Delhi,Self-employed,53500.0,Debt Consolidation,249400,232000,15.2,12,C,Completed,276400,6,Verified,Mobile App
P2P100094,2024-05-23,Pune,Freelancer,79200.0,Education,393800,367900,9.06,60,A,Completed,496500,12,Verified,Web
P2P101939,2024-02-16,Delhi,Salaried,60500.0,Debt Consolidation,658100,592400,15.07,24,C,Active,294900,20,Verified,Web
P2P101909,2023-04-09,Delhi,Salaried,72800.0,Medical,179700,175800,21.36,36,E,Late,157100,4,Not Verified,Web
P2P101264,2023-12-08,,Salaried,25400.0,Debt Consolidation,235300,230000,13.99,36,C,Active,171200,7,Verified,Mobile App
P2P100709,2022-11-14,Chennai,Business Owner,62700.0,Debt Consolidation,274700,255000,12.19,12,B,Completed,294300,5,Verified,Mobile App
P2P101741,2025-05-31,Pune,Business Owner,28700.0,Wedding,185900,181100,10.94,48,A,Active,75500,6,Verified,Mobile App
P2P101700,2024-05-05,Mumbai,Salaried,43800.0,Debt Consolidation,180400,167000,15.82,36,D,Active,103800,5,Verified,Mobile App
P2P101781,2021-04-28,Hyderabad,Self-employed,43400.0,Home Improvement,262800,241300,10.15,24,A,Active,195600,7,Verified,Web
P2P101603,2022-09-09,Pune,Salaried,90700.0,Debt Consolidation,413400,388600,12.75,36,B,Completed,498500,9,Verified,Mobile App
P2P101257,2022-07-10,Bengaluru,Salaried,37200.0,Small Business,151400,142500,11.57,36,B,Completed,184000,6,Verified,Web
P2P101255,2024-11-29,Delhi,Business Owner,99300.0,Home Improvement,84500,83200,11.07,48,B,Completed,104900,2,Not Verified,Mobile App
P2P100189,2024-04-05,Bengaluru,Self-employed,57700.0,Vehicle,501200,468900,7.5,12,A,Active,354500,11,Verified,Mobile App
P2P101664,2024-02-14,Hyderabad,Salaried,44700.0,Debt Consolidation,304700,301000,9.1,36,A,Active,126600,6,Not Verified,Web
P2P101196,2025-07-25,Pune,Business Owner,,Education,352900,351300,17.27,24,D,Completed,424800,8,Not Verified,Mobile App
P2P101003,2025-07-26,Ahmedabad,Business Owner,67500.0,Debt Consolidation,420100,399400,11.7,24,B,Active,170100,13,Verified,Mobile App
P2P101892,2023-08-28,Hyderabad,Self-employed,57300.0,Education,217500,215900,9.96,24,A,Completed,244400,5,Verified,Mobile App
P2P101360,2024-07-10,Ahmedabad,Salaried,58600.0,Small Business,264100,251800,13.21,24,C,Completed,305200,5,Verified,Web
P2P100344,2023-10-29,Ahmedabad,Business Owner,123600.0,Home Improvement,61100,56300,13.65,24,C,Active,24000,2,Not Verified,Web
P2P101883,2024-09-15,Pune,Salaried,56400.0,Travel,146100,136900,11.55,36,B,Completed,175100,4,Verified,Web
P2P100008,2025-07-18,Bengaluru,Salaried,55700.0,Small Business,185200,181000,11.6,36,B,Completed,229400,5,Verified,Web
P2P100760,2025-04-12,Mumbai,Freelancer,72000.0,Debt Consolidation,225400,223500,11.16,12,B,Active,156400,8,Verified,Mobile App
P2P101853,2025-07-12,Kolkata,Business Owner,83400.0,Medical,231300,228000,11.24,12,C,Active,147100,5,Verified,Web
P2P101945,2025-04-13,Delhi,Freelancer,55500.0,Debt Consolidation,92500,85400,10.74,36,B,Completed,110200,2,Verified,Mobile App
P2P101348,2023-07-01,Hyderabad,Salaried,34200.0,Debt Consolidation,253000,238000,7.68,24,A,Completed,281300,9,Verified,Web
P2P101358,2023-10-06,Lucknow,Freelancer,37700.0,Home Improvement,240200,236500,20.55,12,E,Late,97200,5,Not Verified,Web
P2P100216,2022-10-04,,Business Owner,58700.0,Home Improvement,508300,473400,10.2,24,A,Late,190900,17,Verified,Web
P2P100110,2021-08-24,Lucknow,Salaried,52600.0,Travel,423200,422400,16.5,12,D,Active,292700,13,Not Verified,Mobile App
P2P100220,2025-06-27,Bengaluru,Salaried,53200.0,Debt Consolidation,250900,231500,13.38,24,C,Completed,292400,6,Verified,Web
P2P101701,2025-11-19,Lucknow,Salaried,50900.0,Medical,149200,142800,12.48,48,C,Active,91800,3,Not Verified,Mobile App
P2P100073,2021-01-17,Mumbai,Self-employed,50900.0,Debt Consolidation,195200,176800,12.73,36,A,Completed,242800,4,Verified,Web
P2P101997,2025-11-08,Mumbai,Salaried,50600.0,Home Improvement,445800,441200,22.35,48,E,Active,269600,16,Verified,Mobile App
P2P101625,2022-05-12,Hyderabad,Salaried,36600.0,Debt Consolidation,127900,123300,12.09,12,C,Completed,142100,3,Verified,Web
P2P101297,2022-04-24,Bengaluru,Salaried,86000.0,Medical,318600,309900,12.08,24,B,Completed,369700,6,Not Verified,Mobile App
P2P101968,2023-06-15,Bengaluru,Salaried,78600.0,Debt Consolidation,305500,286400,14.23,24,C,Active,208500,7,Verified,Mobile App
P2P101658,2023-02-27,Chennai,Business Owner,46300.0,Education,290200,270500,7.68,36,A,Active,116900,9,Verified,Web
P2P100922,2024-01-31,Bengaluru,Self-employed,223700.0,Small Business,81400,80100,11.09,12,B,Completed,88600,3,Verified,Web
P2P101492,2023-07-06,Delhi,Self-employed,44900.0,Medical,118200,110800,9.5,36,A,Completed,141500,3,Verified,Mobile App
P2P100729,2022-07-13,Lucknow,Self-employed,,Debt Consolidation,218300,206700,9.59,36,B,Completed,253100,5,Verified,Mobile App
P2P100028,2024-03-12,Bengaluru,Salaried,57800.0,Travel,202800,192200,18.21,36,D,Completed,272900,4,Verified,Mobile App
P2P101460,2024-10-19,Mumbai,Freelancer,75800.0,Medical,126000,116400,15.36,48,C,Active,86100,3,Verified,Web
P2P100231,2025-04-20,Pune,Self-employed,110000.0,Small Business,300600,281200,11.08,24,B,Completed,333600,6,Verified,Web
P2P100607,2022-07-24,Bengaluru,Business Owner,37400.0,Debt Consolidation,317600,305700,8.53,36,A,Completed,357500,12,Verified,Mobile App
P2P100507,2025-09-12,Kolkata,Self-employed,,Vehicle,302000,293500,11.64,48,A,Completed,384500,9,Verified,Mobile App
P2P100416,2023-11-25,Delhi,Salaried,53000.0,Travel,242000,239700,11.35,12,A,Active,139800,7,Not Verified,Web
P2P100053,2025-10-17,Hyderabad,Business Owner,21600.0,Debt Consolidation,915400,843900,14.15,48,C,Completed,1190600,17,Verified,Web
P2P101676,2023-02-26,Pune,Salaried,76100.0,Debt Consolidation,122500,112700,11.68,48,B,Completed,154500,4,Verified,Mobile App
P2P100809,2023-11-30,Delhi,Salaried,35400.0,Education,731400,669400,11.74,12,A,Completed,783200,15,Verified,Mobile App
P2P101313,2024-05-02,Delhi,Freelancer,108300.0,Small Business,164200,151700,10.57,12,B,Completed,174400,3,Verified,Mobile App
P2P100882,2024-11-08,Mumbai,Salaried,36200.0,Vehicle,273300,262500,8.36,12,B,Late,74800,9,Verified,Web
P2P101212,2023-12-01,Mumbai,Salaried,44600.0,Small Business,187000,181100,10.39,48,B,Active,148800,4,Verified,Mobile App
P2P100801,2025-01-01,Bengaluru,Salaried,57600.0,Vehicle,354300,336200,13.32,24,B,Active,128200,8,Not Verified,Mobile App
P2P100376,2023-03-25,Bengaluru,,36700.0,Debt Consolidation,293900,287600,13.51,60,B,Active,190300,11,Verified,Mobile App
P2P100197,2025-01-25,Mumbai,Salaried,53400.0,Education,69200,67200,9.68,60,B,Completed,88900,2,Verified,Mobile App
P2P101733,2024-04-01,Bengaluru,Self-employed,47500.0,Home Improvement,60900,55600,11.02,48,B,Completed,76200,1,Verified,Mobile App
P2P100065,2023-01-12,Mumbai,Business Owner,49200.0,Debt Consolidation,318400,302100,9.21,24,A,Completed,347600,10,Verified,Mobile App
P2P101374,2024-02-07,Pune,Business Owner,39400.0,Small Business,577500,525900,11.89,36,B,Active,379200,13,Verified,Mobile App
P2P100848,2025-12-28,Hyderabad,Salaried,39500.0,Debt Consolidation,288500,285000,16.67,36,D,Defaulted,97800,8,Verified,Web
P2P100380,2023-01-13,Jaipur,Salaried,62100.0,Vehicle,235200,226000,15.57,24,C,Completed,286400,6,Not Verified,Mobile App
P2P101278,2025-12-15,Bengaluru,Salaried,28900.0,Education,176500,161100,11.84,12,C,Completed,187200,3,Not Verified,Web
P2P100972,2025-10-14,Pune,Business Owner,49700.0,Debt Consolidation,430600,418200,21.87,36,E,Completed,612400,10,Verified,Mobile App
P2P101217,2021-09-10,Pune,Salaried,18900.0,Debt Consolidation,193100,179700,9.15,24,A,Completed,218200,5,Not Verified,Mobile App
P2P101588,2023-09-03,Kolkata,Salaried,48700.0,Small Business,106300,100600,13.59,12,B,Active,75000,2,Verified,Mobile App
P2P100139,2023-06-17,Pune,Self-employed,23400.0,Debt Consolidation,131200,129100,10.36,12,A,Completed,139000,3,Verified,Mobile App
P2P100358,2024-06-29,Hyderabad,Self-employed,62900.0,Debt Consolidation,238800,230800,13.44,12,C,Active,120500,5,Verified,Mobile App
P2P100484,2024-09-01,Bengaluru,Salaried,45500.0,Debt Consolidation,254700,237500,9.44,48,A,Completed,318800,9,Verified,Web
P2P100236,2025-01-20,Ahmedabad,Salaried,75200.0,Medical,663200,640700,14.44,36,C,Active,400900,15,Verified,Web
P2P101373,2025-07-03,Bengaluru,Salaried,37700.0,Debt Consolidation,330400,298900,14.29,36,C,Completed,407800,9,Verified,Web
P2P100787,2024-06-26,Jaipur,Business Owner,56300.0,Travel,202000,199500,10.0,12,B,Active,81400,8,Verified,Mobile App
P2P101393,2022-04-29,Ahmedabad,Business Owner,72600.0,Wedding,189400,172400,11.88,48,B,Completed,248200,5,Verified,Web
P2P101252,2024-01-22,Jaipur,Freelancer,32700.0,Debt Consolidation,189900,186500,16.07,12,D,Completed,215500,5,Not Verified,Web
P2P101953,2024-07-19,Pune,Business Owner,57900.0,Travel,227100,224700,,36,B,Completed,268500,8,Verified,Web
P2P100704,2022-02-05,Delhi,Self-employed,78000.0,Debt Consolidation,103800,95100,14.23,24,C,Active,40400,2,Verified,Mobile App
P2P100591,2022-02-15,Hyderabad,Salaried,31400.0,Vehicle,119700,111800,21.97,12,E,Completed,141000,3,Not Verified,Web
P2P101384,2022-11-22,Pune,Salaried,82500.0,Debt Consolidation,419200,418300,12.99,36,C,Active,275700,15,Verified,Mobile App
P2P100945,2022-07-24,Pune,Business Owner,52200.0,Small Business,282300,263500,19.17,12,E,Defaulted,60600,7,Verified,Web
P2P100176,2022-05-10,Hyderabad,Freelancer,36500.0,Vehicle,80200,78400,9.9,36,A,Active,47400,2,Verified,Mobile App
P2P100436,2024-12-23,Pune,Salaried,63900.0,Home Improvement,188300,179400,10.44,36,B,Defaulted,74000,6,Verified,Mobile App
P2P100823,2023-04-21,Lucknow,Salaried,100600.0,Medical,326100,324500,14.46,36,C,Completed,399900,7,Verified,Web
P2P101622,2021-07-04,Pune,Business Owner,98200.0,Debt Consolidation,434500,404900,14.93,36,C,Completed,541000,10,Not Verified,Web
P2P100375,2021-08-07,Mumbai,Salaried,55800.0,Small Business,251800,238100,9.85,12,A,Completed,267400,8,Verified,Web
P2P101097,2022-08-26,Ahmedabad,Business Owner,65300.0,Travel,155600,142500,17.05,36,D,Completed,201400,3,Verified,Web
P2P100803,2024-06-15,Mumbai,Business Owner,73100.0,Travel,115600,109800,10.08,24,A,Late,30800,3,Verified,Mobile App
P2P100083,2023-04-16,Delhi,Self-employed,67000.0,Education,238400,222900,11.64,12,A,Active,130200,6,Not Verified,Web
P2P100438,2025-05-24,Bengaluru,Business Owner,34600.0,Home Improvement,83900,83600,11.87,48,A,Active,39200,2,Not Verified,Web
P2P100553,2024-05-09,Pune,Salaried,55600.0,Vehicle,199500,198900,9.73,36,A,Completed,238000,7,Not Verified,Mobile App
P2P101740,2023-09-21,Bengaluru,Salaried,50600.0,Medical,191100,185200,11.19,60,B,Active,109600,4,Verified,Mobile App
P2P100806,2025-02-07,Kolkata,Salaried,51400.0,Travel,294400,265200,14.17,36,C,Active,224100,7,Not Verified,Mobile App
P2P101127,2021-09-24,Bengaluru,Salaried,60200.0,Small Business,60800,55300,11.75,24,B,Completed,68000,1,Verified,Mobile App
P2P101394,2024-03-20,Hyderabad,Self-employed,105900.0,Home Improvement,131100,128400,14.97,24,C,Late,89800,3,Not Verified,Web
P2P101369,2022-05-22,Mumbai,Business Owner,77100.0,Debt Consolidation,248500,231600,13.62,36,B,Completed,303900,9,Verified,Mobile App
P2P101782,2025-08-31,Bengaluru,Salaried,78000.0,Home Improvement,609200,591600,9.47,24,A,Active,499200,15,Verified,Web
P2P101105,2025-12-25,Mumbai,Salaried,46400.0,Debt Consolidation,101000,91700,13.02,36,C,Active,76700,2,Verified,Mobile App
P2P100369,2022-06-29,Hyderabad,Salaried,61300.0,Home Improvement,455900,413700,13.66,12,C,Completed,481100,10,Verified,Web
P2P100451,2025-03-29,Ahmedabad,Salaried,48800.0,Debt Consolidation,329000,319600,12.91,24,B,Completed,374600,6,Verified,Mobile App
P2P100278,2024-10-06,Delhi,Salaried,24500.0,Education,291100,267300,16.77,36,C,Completed,381100,8,Not Verified,Web
P2P101106,2022-05-09,Bengaluru,Salaried,75300.0,Home Improvement,166700,165500,14.17,24,C,Completed,189400,4,Not Verified,Web
P2P100572,2025-04-06,Bengaluru,Self-employed,44800.0,Wedding,180900,172300,12.04,12,B,Completed,190000,7,Verified,Web
P2P100677,2021-12-10,Pune,Salaried,111000.0,Home Improvement,330400,311700,12.58,24,B,Completed,374400,11,Verified,Mobile App
P2P101924,2023-06-02,Bengaluru,Self-employed,44300.0,Debt Consolidation,401300,381600,12.54,36,C,Active,251100,13,Verified,Web
P2P101203,2021-03-09,Hyderabad,Self-employed,40700.0,Debt Consolidation,731300,720100,14.4,36,B,Completed,930900,17,Verified,Mobile App
P2P100872,2022-12-21,Bengaluru,Salaried,72200.0,Travel,104100,97200,10.2,48,A,Active,64100,3,Verified,Mobile App
P2P100715,2023-05-20,Ahmedabad,Salaried,54100.0,Debt Consolidation,72800,71600,15.27,24,C,Active,34200,3,Verified,Web
P2P101617,2025-12-24,Delhi,Business Owner,40300.0,Education,194800,184900,10.18,24,A,Active,72000,4,Verified,Web
P2P100594,2023-05-14,Ahmedabad,Salaried,43200.0,Education,831600,779300,10.14,48,A,Active,495100,16,Verified,Web
P2P101527,2023-01-19,Pune,Self-employed,59900.0,Travel,309000,300100,22.05,36,E,Late,124400,8,Verified,Mobile App
P2P100628,2025-02-20,Chennai,Salaried,33900.0,Small Business,238900,237600,9.82,48,A,Completed,294200,5,Verified,Web
P2P100429,2023-05-24,Mumbai,Salaried,117200.0,Home Improvement,164100,159900,9.66,24,A,Active,57600,5,Verified,Mobile App
P2P101099,2025-04-01,Mumbai,Salaried,41400.0,Debt Consolidation,350200,341900,12.92,24,B,Active,216100,11,Verified,Web
P2P101033,2022-09-17,Pune,Salaried,61300.0,Small Business,306400,277900,,12,D,Active,239300,10,Not Verified,Mobile App
P2P100721,2025-10-16,Kolkata,Salaried,42800.0,Wedding,112200,102400,12.03,12,B,Active,59100,3,Verified,Web
P2P100345,2023-08-23,Delhi,Self-employed,70500.0,Travel,52500,49800,10.51,36,B,Completed,61700,1,Not Verified,Mobile App
P2P101398,2022-10-31,Jaipur,Salaried,80700.0,Vehicle,83600,82100,12.07,24,B,Completed,94500,2,Verified,Mobile App
P2P101214,2025-04-20,Hyderabad,Self-employed,67900.0,Small Business,91700,87500,20.73,48,E,Late,46600,2,Verified,Web
P2P100426,2024-05-05,Bengaluru,Salaried,49700.0,Wedding,396600,374300,14.23,48,C,Completed,544200,8,Verified,Web
P2P101138,2024-02-12,Pune,Salaried,73100.0,Small Business,205600,187900,9.14,24,A,Completed,224300,6,Verified,Mobile App
P2P100052,2025-03-27,Lucknow,Self-employed,76500.0,Education,363000,344700,13.04,12,B,Completed,384300,10,Verified,Mobile App
P2P100974,2022-08-13,Delhi,Self-employed,40100.0,Small Business,65400,63800,9.97,24,B,Completed,71600,2,Not Verified,Mobile App
P2P101861,2025-03-28,Bengaluru,Salaried,78500.0,Vehicle,264500,238100,11.59,12,B,Active,102400,7,Verified,Mobile App
P2P100519,2025-12-16,Lucknow,Salaried,134800.0,Small Business,281800,264100,11.71,12,B,Completed,302300,6,Not Verified,Web
P2P100880,2022-08-29,Mumbai,Business Owner,46800.0,Debt Consolidation,170900,166800,16.76,12,D,Late,92000,4,Verified,Web
P2P101231,2025-08-22,Bengaluru,Self-employed,57200.0,Education,81600,78300,16.51,24,D,Completed,96400,2,Verified,Web
P2P101702,2023-10-26,Kolkata,Salaried,75900.0,Small Business,236400,232700,17.19,24,D,Late,157400,6,Not Verified,Mobile App
P2P101372,2022-05-25,Pune,Salaried,48300.0,Medical,77700,76000,13.08,24,C,Active,41700,2,Not Verified,Web
P2P101051,2025-07-29,Ahmedabad,Salaried,43900.0,Debt Consolidation,114300,105300,13.22,24,C,Defaulted,34600,3,Not Verified,Mobile App
P2P100862,2023-12-04,Jaipur,Business Owner,30100.0,Debt Consolidation,440500,434000,11.16,48,B,Completed,554900,12,Verified,Mobile App
P2P101881,2024-12-04,Bengaluru,Salaried,55000.0,Education,355100,350700,13.53,60,C,Completed,508500,8,Verified,Mobile App
P2P101054,2025-04-25,Hyderabad,Salaried,81100.0,Debt Consolidation,301000,271500,21.31,36,E,Completed,408200,6,Verified,Web
P2P101729,2025-05-14,Jaipur,Salaried,45600.0,Debt Consolidation,375700,361500,19.64,48,D,Late,235700,14,Verified,Web
P2P100346,2024-08-15,,Salaried,36100.0,Small Business,190600,173200,12.03,24,B,Completed,214200,5,Verified,Mobile App
P2P100998,2022-02-11,Jaipur,Salaried,91100.0,Home Improvement,110200,110000,12.96,12,B,Completed,122800,2,Verified,Mobile App
P2P100696,2024-08-07,Kolkata,Business Owner,43400.0,Education,617800,600600,13.32,48,C,Active,393700,15,Verified,Mobile App
P2P101305,2025-01-04,Bengaluru,Salaried,36700.0,Debt Consolidation,35600,34500,12.9,24,B,Completed,41300,1,Verified,Mobile App
P2P101985,2022-02-03,Hyderabad,Salaried,58900.0,Vehicle,207000,191600,16.21,24,D,Active,152700,6,Not Verified,Mobile App
P2P100289,2023-01-22,Lucknow,Salaried,49900.0,Education,566400,539900,10.73,24,A,Completed,624600,13,Verified,Mobile App
P2P101021,2024-12-17,Pune,Self-employed,44800.0,Debt Consolidation,234300,229000,11.63,36,A,Completed,275500,6,Verified,Web
P2P101430,2025-07-20,Chennai,Self-employed,61400.0,Medical,466600,425800,13.57,60,C,Completed,642900,14,Verified,Web
P2P100126,2023-10-16,,Self-employed,108100.0,Small Business,122100,115900,8.19,24,A,Completed,136400,4,Verified,Web
P2P100365,2025-10-20,Hyderabad,Salaried,31300.0,Medical,116200,115200,16.33,36,C,Completed,147400,3,Verified,Web
P2P101324,2022-08-23,Chennai,Freelancer,,Medical,141400,135800,10.52,36,B,Completed,173000,4,Verified,Web
P2P100986,2024-02-12,Delhi,Salaried,88100.0,Travel,283800,275300,13.08,12,C,Completed,312600,6,Not Verified,Web
P2P100877,2025-01-12,Mumbai,Self-employed,45600.0,Education,112900,105400,16.12,60,C,Active,91600,3,Not Verified,Web
P2P101103,2025-08-09,Lucknow,Salaried,38900.0,Wedding,329900,321600,12.18,36,B,Completed,408700,8,Verified,Mobile App
P2P101506,2023-08-23,Lucknow,Salaried,119400.0,Medical,415000,402700,9.5,36,A,Active,240800,8,Verified,Web
P2P101898,2022-06-11,Hyderabad,Salaried,57000.0,Vehicle,268600,259000,13.31,36,B,Active,132400,6,Verified,Web
P2P101886,2023-12-20,Ahmedabad,Salaried,73100.0,Wedding,108800,98800,10.53,36,B,Active,94200,2,Verified,Web
P2P100528,2022-12-28,Ahmedabad,Business Owner,45200.0,Travel,97900,96100,10.73,48,B,Active,39000,2,Verified,Web
P2P100580,2022-11-22,Pune,Self-employed,53900.0,Medical,172800,164000,18.94,24,D,Defaulted,23800,4,Verified,Mobile App
P2P101666,2025-06-30,Mumbai,Business Owner,46400.0,Home Improvement,218500,197100,20.73,36,E,Late,164500,4,Verified,Web
P2P100589,2022-01-21,Mumbai,,86700.0,Debt Consolidation,180800,179500,10.87,24,B,Completed,199700,5,Verified,Web
P2P100500,2025-12-14,Kolkata,Salaried,36600.0,Home Improvement,103900,101700,11.92,48,B,Completed,134000,3,Verified,Mobile App
P2P101062,2025-12-12,Hyderabad,Freelancer,42800.0,Debt Consolidation,240900,237400,8.79,24,A,Active,82300,6,Verified,Web
P2P100707,2023-03-31,Jaipur,Business Owner,100800.0,Debt Consolidation,268300,246900,10.9,36,A,Completed,313300,6,Verified,Web
P2P101626,2024-12-06,Chennai,Business Owner,58600.0,Debt Consolidation,188900,179200,17.63,36,D,Completed,250100,4,Verified,Web
P2P100647,2024-07-11,Jaipur,Self-employed,46600.0,Travel,273100,267500,9.71,24,B,Completed,316600,5,Verified,Web
P2P101130,2022-11-26,Lucknow,Business Owner,29000.0,Vehicle,128300,122900,14.22,12,C,Active,46100,4,Verified,Web
P2P100734,2024-03-25,Delhi,Freelancer,95400.0,Travel,284500,272100,13.41,60,C,Active,186900,6,Verified,Mobile App
P2P101609,2022-09-26,Delhi,Salaried,64000.0,Wedding,253500,244300,9.26,24,A,Late,60900,7,Verified,Mobile App
P2P100976,2022-12-02,Hyderabad,Salaried,53400.0,Debt Consolidation,284900,257200,12.92,12,C,Active,157500,5,Verified,Web
P2P101085,2025-10-24,Chennai,Salaried,47700.0,Small Business,131200,122700,16.62,36,D,Active,58300,3,Verified,Mobile App
P2P100385,2025-02-05,Hyderabad,Business Owner,43600.0,Home Improvement,106200,97700,14.6,24,C,Defaulted,14100,3,Not Verified,Web
P2P100162,2024-09-09,Delhi,Salaried,72000.0,Medical,107300,98700,10.89,48,A,Completed,134700,3,Not Verified,Mobile App
P2P101224,2025-10-22,,Salaried,38500.0,Debt Consolidation,129200,124700,,24,C,Completed,151200,3,Verified,Web
P2P101760,2024-05-03,Mumbai,Salaried,58900.0,Vehicle,256900,245600,14.73,48,C,Completed,346700,5,Verified,Mobile App
P2P100490,2025-08-17,Chennai,Salaried,44800.0,Home Improvement,167000,160600,13.52,24,C,Active,98800,6,Verified,Mobile App
P2P101011,2022-08-27,Mumbai,Salaried,60800.0,Education,443400,411400,14.57,36,C,Completed,570800,11,Verified,Mobile App
P2P100478,2024-05-12,Bengaluru,Salaried,51100.0,Vehicle,196800,180300,16.02,24,C,Completed,239000,5,Verified,Mobile App
P2P101006,2024-10-19,Delhi,Salaried,105000.0,Vehicle,280300,275200,9.68,24,A,Completed,303400,6,Verified,Mobile App
P2P100442,2025-12-15,Bengaluru,Business Owner,28100.0,Education,391000,390400,13.2,12,C,Active,258600,11,Verified,Mobile App
P2P100632,2025-08-23,Bengaluru,Salaried,54800.0,Small Business,115900,111600,14.67,24,C,Completed,133200,2,Verified,Web
P2P101207,2024-11-26,Mumbai,Business Owner,38400.0,Vehicle,169200,165700,11.12,24,C,Completed,190000,4,Verified,Mobile App
P2P101528,2023-03-03,Pune,Salaried,32800.0,Small Business,143900,138800,11.15,24,B,Completed,162800,4,Verified,Web
P2P100640,2023-07-13,Hyderabad,Business Owner,84900.0,Small Business,728400,681800,8.88,48,A,Active,490000,19,Verified,Mobile App
P2P101491,2022-10-05,Bengaluru,Salaried,36300.0,Debt Consolidation,247400,246100,11.75,12,B,Active,171500,6,Not Verified,Web
P2P100724,2025-02-12,Delhi,Salaried,65800.0,Education,345600,319200,12.0,36,A,Defaulted,39100,9,Verified,Mobile App
P2P101683,2024-09-22,Pune,Business Owner,61200.0,Small Business,101300,92500,13.69,48,C,Completed,132700,3,Verified,Mobile App
P2P100494,2022-06-11,Mumbai,Business Owner,103200.0,Home Improvement,67600,65100,17.29,24,D,Active,45200,2,Not Verified,Web
P2P101819,2024-08-28,Jaipur,Freelancer,91900.0,Vehicle,1119600,1024100,11.87,24,B,Completed,1246500,35,Verified,Mobile App
P2P100119,2025-08-20,Mumbai,Salaried,33000.0,Debt Consolidation,265200,259300,10.68,36,B,Active,185300,7,Verified,Mobile App
P2P101732,2024-08-27,Bengaluru,Salaried,78300.0,Travel,154700,149900,14.61,36,C,Completed,201000,4,Not Verified,Web
P2P101199,2025-02-23,Jaipur,Salaried,119600.0,Debt Consolidation,184900,180900,11.62,48,B,Late,57800,6,Verified,Web
P2P101933,2024-05-22,Pune,Salaried,88500.0,Medical,83500,76000,10.3,12,A,Completed,92000,2,Verified,Mobile App
P2P101091,2025-10-21,Bengaluru,Salaried,,Education,190900,187500,17.3,24,D,Active,167000,4,Verified,Mobile App
P2P100890,2022-10-18,Hyderabad,Self-employed,55800.0,Vehicle,67900,63800,12.8,48,B,Active,60700,2,Not Verified,Web
P2P101258,2024-02-06,Bengaluru,Salaried,50000.0,Debt Consolidation,176900,169100,14.92,36,C,Active,88800,5,Verified,Web
P2P100415,2024-09-08,Mumbai,Salaried,88200.0,Education,334400,322500,18.54,12,D,Completed,365400,8,Verified,Mobile App
P2P101239,2025-11-22,Chennai,Salaried,72400.0,Medical,272400,266400,10.6,48,B,Completed,347900,10,Verified,Mobile App
P2P100771,2021-12-05,Bengaluru,Salaried,29700.0,Debt Consolidation,77900,77300,14.04,24,C,Active,60100,2,Not Verified,Web
P2P100805,2023-10-10,Hyderabad,Business Owner,23000.0,Education,360300,356300,16.81,36,C,Late,229500,13,Verified,Mobile App
P2P101817,2023-02-08,Mumbai,Salaried,49500.0,Home Improvement,134800,125600,15.46,36,C,Completed,171800,4,Verified,Mobile App
P2P100949,2025-07-28,Jaipur,Business Owner,64000.0,Home Improvement,130200,128500,14.36,12,C,Completed,141500,4,Verified,Mobile App
P2P101678,2023-08-31,Lucknow,Salaried,25400.0,Home Improvement,70100,69200,12.26,24,B,Completed,81200,2,Not Verified,Web
P2P100573,2023-08-19,Bengaluru,Salaried,30000.0,Home Improvement,297300,273600,16.5,36,D,Active,121200,7,Not Verified,Mobile App
P2P101450,2024-11-26,Bengaluru,Salaried,63400.0,Debt Consolidation,241500,222200,10.21,36,A,Completed,279600,6,Verified,Web
P2P101424,2022-03-10,Delhi,Salaried,28900.0,Debt Consolidation,181100,167600,10.14,24,A,Active,140000,4,Verified,Mobile App
P2P101287,2021-09-27,Pune,Freelancer,65700.0,Home Improvement,57700,56100,13.95,24,C,Completed,67700,1,Verified,Mobile App
P2P100673,2021-09-03,Mumbai,Self-employed,100900.0,Small Business,374300,363100,8.55,24,A,Active,236400,8,Verified,Web
P2P100400,2025-03-01,Ahmedabad,Salaried,51500.0,Medical,150100,140800,9.06,36,A,Completed,178200,4,Verified,Mobile App
P2P100552,2025-07-01,Hyderabad,Salaried,25300.0,Debt Consolidation,59900,58900,13.54,48,C,Completed,80900,2,Verified,Web
P2P100321,2024-05-05,Pune,Self-employed,64800.0,Wedding,183000,179700,8.58,24,A,Completed,208200,6,Verified,Mobile App
P2P100470,2025-11-16,Kolkata,Business Owner,55800.0,Education,609800,571900,13.52,60,C,Completed,853200,13,Verified,Web
P2P101888,2022-10-26,Delhi,Business Owner,84200.0,Medical,870900,852200,12.29,24,C,Active,327200,34,Verified,Mobile App
P2P101236,2023-06-27,Hyderabad,Salaried,21200.0,Debt Consolidation,426500,420000,12.19,36,B,Active,272300,16,Not Verified,Mobile App
P2P101208,2023-11-20,Delhi,Salaried,43900.0,Small Business,377100,350100,7.81,60,A,Completed,448000,8,Verified,Mobile App
P2P101233,2022-08-08,Bengaluru,Self-employed,43300.0,Debt Consolidation,374900,343100,15.4,24,C,Completed,456600,8,Verified,Mobile App
P2P100080,2021-12-21,Delhi,Salaried,28800.0,Small Business,268500,257900,10.35,12,A,Completed,286500,6,Not Verified,Mobile App
P2P100534,2024-05-14,Bengaluru,Salaried,32400.0,Debt Consolidation,217300,197300,14.28,36,C,Active,178500,5,Verified,Mobile App
P2P101544,2022-11-18,Lucknow,Business Owner,106300.0,Home Improvement,188400,179900,16.62,24,D,Late,102400,6,Verified,Mobile App
P2P100458,2024-01-02,Delhi,Salaried,59100.0,Medical,568900,516300,16.04,36,D,Completed,706600,16,Verified,Mobile App
P2P100291,2021-04-04,Bengaluru,Salaried,106600.0,Medical,774300,768300,14.84,36,C,Completed,950200,22,Not Verified,Web
P2P101469,2025-07-24,Pune,Business Owner,82100.0,Vehicle,30000,28600,18.25,60,D,Active,18000,1,Verified,Web
P2P100371,2021-11-05,Chennai,Salaried,64900.0,Small Business,210600,194600,17.1,12,D,Completed,239300,5,Verified,Web
P2P100266,2025-02-12,Hyderabad,Salaried,50400.0,Medical,310000,301500,15.74,60,D,Completed,444700,6,Verified,Web
P2P101707,2024-09-22,Pune,Business Owner,47800.0,Small Business,126800,117300,12.45,12,C,Active,62900,4,Verified,Web
P2P100165,2021-10-04,Mumbai,Self-employed,37500.0,Education,325700,320500,14.08,36,C,Active,170900,10,Verified,Mobile App
P2P101323,2025-07-25,Hyderabad,Salaried,187200.0,Small Business,99100,96000,7.5,12,A,Completed,102400,2,Verified,Mobile App
P2P101490,2023-11-26,Kolkata,Business Owner,38500.0,Home Improvement,273600,267800,13.38,60,C,Completed,377500,5,Verified,Mobile App
P2P100474,2025-08-18,Lucknow,Salaried,79600.0,Small Business,89900,83400,11.92,36,A,Completed,108200,2,Verified,Web
P2P100876,2022-03-28,Hyderabad,Self-employed,35600.0,Education,155500,155000,13.43,36,C,Completed,191200,6,Not Verified,Web
P2P100198,2025-08-25,Ahmedabad,Salaried,46800.0,Vehicle,439400,413900,7.93,60,A,Completed,559100,11,Verified,Mobile App
P2P100186,2024-10-21,Kolkata,Self-employed,29200.0,Wedding,116000,110500,9.36,36,B,Completed,137000,3,Not Verified,Mobile App
P2P101332,2025-01-16,Ahmedabad,Salaried,75500.0,Small Business,140300,130500,10.26,36,B,Active,90700,3,Not Verified,Mobile App
P2P100422,2025-04-14,Hyderabad,Freelancer,18000.0,Debt Consolidation,270900,244800,11.85,36,B,Active,184000,6,Not Verified,Mobile App
P2P100257,2025-10-13,Pune,Freelancer,74900.0,Education,207000,187500,12.89,24,C,Defaulted,75100,4,Verified,Web
P2P100136,2023-04-02,Bengaluru,Salaried,48500.0,Wedding,249700,247400,10.38,24,B,Late,109300,9,Verified,Web
P2P101608,2025-04-27,Pune,Business Owner,78200.0,Debt Consolidation,551600,500900,11.23,36,B,Active,236200,11,Verified,Mobile App
P2P101357,2025-08-30,Lucknow,Salaried,77400.0,Small Business,513800,479700,7.5,36,A,Active,227000,16,Verified,Web
P2P101477,2025-05-06,Chennai,Salaried,49600.0,Travel,379100,374600,13.95,60,C,Active,384600,8,Verified,Web
P2P101238,2024-01-09,Ahmedabad,Self-employed,47800.0,Travel,180800,176100,15.46,36,C,Completed,223500,5,Verified,Mobile App
P2P100867,2022-03-26,Delhi,Salaried,89600.0,Education,262700,253600,9.06,48,A,Active,127200,10,Verified,Mobile App
P2P101466,2021-05-28,Delhi,Salaried,25300.0,Small Business,229300,219400,9.23,24,B,Completed,252900,7,Verified,Mobile App
P2P101794,2024-11-21,Chennai,Business Owner,180200.0,Small Business,622100,564700,12.7,24,A,Active,435100,16,Verified,Mobile App
P2P101038,2025-01-23,Hyderabad,Freelancer,94800.0,Travel,223100,202200,9.92,36,A,Completed,254700,8,Verified,Mobile App
P2P101949,2023-04-11,Jaipur,Self-employed,45700.0,Debt Consolidation,153100,151100,9.52,60,A,Completed,201600,4,Verified,Web
P2P100050,2022-06-03,Jaipur,Salaried,34500.0,Debt Consolidation,153200,147000,14.32,24,C,Completed,177200,4,Verified,Mobile App
P2P100527,2023-09-22,Bengaluru,Self-employed,50900.0,Debt Consolidation,307700,306500,9.68,60,A,Active,277200,6,Verified,Web
P2P100453,2023-10-10,Hyderabad,Business Owner,23000.0,Education,143600,139700,11.52,36,B,Late,77000,4,Verified,Web
P2P101834,2025-02-21,Ahmedabad,Salaried,52100.0,Home Improvement,161500,159800,14.29,36,C,Completed,201000,6,Not Verified,Web
P2P100683,2022-05-02,Ahmedabad,Freelancer,31300.0,Debt Consolidation,190000,188700,17.34,60,D,Completed,287800,5,Verified,Web
P2P100463,2025-02-19,Lucknow,Freelancer,21100.0,Medical,211000,202300,13.19,12,C,Completed,225300,7,Verified,Web
P2P100936,2022-12-25,Hyderabad,Salaried,62300.0,Debt Consolidation,74200,72100,13.68,24,C,Completed,87300,3,Verified,Web
P2P101848,2022-07-03,Hyderabad,Self-employed,42800.0,Education,170400,164500,10.58,60,B,Active,77600,4,Verified,Web
P2P100648,2024-11-19,Jaipur,Salaried,75500.0,Education,316600,290500,16.52,36,D,Active,130000,7,Verified,Web
P2P101950,2023-10-29,Mumbai,Business Owner,34200.0,Debt Consolidation,419900,406100,10.72,36,B,Completed,495400,10,Verified,Web
P2P101058,2023-08-29,Mumbai,Salaried,131900.0,Debt Consolidation,268900,253700,17.86,48,D,Completed,373800,9,Verified,Web
P2P100860,2021-07-21,Pune,Business Owner,53600.0,Debt Consolidation,205900,194000,10.66,48,B,Completed,258100,6,Verified,Mobile App
P2P100248,2025-11-20,Kolkata,Salaried,71500.0,Vehicle,179700,170500,19.84,24,E,Completed,215600,5,Verified,Mobile App
P2P100991,2025-04-26,Lucknow,Freelancer,41500.0,Debt Consolidation,79400,72200,17.3,48,D,Active,76200,2,Not Verified,Mobile App
P2P101180,2024-04-22,Hyderabad,Business Owner,62800.0,Small Business,165800,155900,14.19,60,B,Active,135100,6,Verified,Mobile App
P2P101877,2024-07-06,Chennai,Business Owner,77300.0,Debt Consolidation,586600,579800,23.68,36,E,Completed,834800,13,Verified,Mobile App
P2P101505,2023-07-19,Pune,Salaried,66700.0,Wedding,243700,229900,22.74,36,E,Completed,349500,6,Not Verified,Mobile App
P2P101776,2023-03-18,Bengaluru,Salaried,91700.0,Wedding,109100,98300,11.04,24,A,Completed,125200,3,Verified,Mobile App
P2P100217,2023-04-06,Bengaluru,Salaried,18000.0,Vehicle,145700,133300,15.87,12,C,Completed,159700,4,Verified,Mobile App
P2P101963,2025-06-15,Bengaluru,Salaried,20300.0,Debt Consolidation,361400,332800,16.82,24,D,Active,273000,12,Verified,Web
P2P100544,2024-11-08,Mumbai,Salaried,67000.0,Medical,135900,126500,9.9,12,B,Late,31400,4,Verified,Web
P2P101486,2023-06-23,Chennai,Freelancer,41300.0,Medical,654100,627500,12.4,24,C,Completed,771200,18,Verified,Mobile App
P2P100439,2024-12-31,Bengaluru,Freelancer,25500.0,Education,135000,122200,15.66,36,C,Completed,171300,2,Not Verified,Mobile App
P2P100861,2025-03-27,Bengaluru,Self-employed,70400.0,Vehicle,340300,319300,10.11,36,B,Completed,390500,11,Verified,Web
P2P100951,2024-07-22,Kolkata,Salaried,88500.0,Vehicle,165800,156800,22.24,24,E,Completed,213500,6,Not Verified,Mobile App
P2P100327,2024-05-12,Lucknow,Salaried,42200.0,Vehicle,335000,326600,9.34,48,A,Completed,405100,11,Verified,Mobile App
P2P100227,2025-11-28,Bengaluru,Salaried,55500.0,Home Improvement,424300,424200,14.47,60,B,Active,357000,10,Verified,Web
P2P101663,2025-09-22,Kolkata,Business Owner,42800.0,Debt Consolidation,618100,560800,14.73,48,C,Active,616000,18,Not Verified,Mobile App
P2P100554,2024-05-22,Bengaluru,Business Owner,117900.0,Travel,143000,133700,11.63,24,B,Completed,159900,4,Verified,Web
P2P100062,2022-12-23,Delhi,Salaried,74800.0,Education,165700,152800,13.81,36,C,Active,137200,4,Verified,Web
P2P101536,2022-01-07,Chennai,Salaried,53100.0,Debt Consolidation,470200,438300,16.62,36,D,Completed,629700,12,Verified,Web
P2P101901,2024-05-12,Pune,Self-employed,43100.0,Home Improvement,302300,300000,11.21,12,B,Completed,318600,6,Verified,Mobile App
P2P101958,2023-10-05,Ahmedabad,Salaried,62100.0,Home Improvement,215300,203500,11.72,24,A,Completed,247700,5,Not Verified,Web
P2P100156,2022-10-15,Bengaluru,Salaried,86100.0,Debt Consolidation,223400,210900,17.07,36,D,Completed,291200,4,Not Verified,Web
P2P101614,2023-04-04,Delhi,Salaried,55100.0,Vehicle,265600,258500,10.38,48,B,Active,145300,10,Verified,Mobile App
P2P101851,2023-01-21,Delhi,Salaried,43800.0,Home Improvement,163500,163100,8.74,12,A,Completed,177900,5,Verified,Mobile App
P2P101365,2025-02-02,Hyderabad,Salaried,34600.0,Wedding,204300,188300,10.65,12,B,Completed,213800,5,Not Verified,Web
P2P101643,2024-03-22,Hyderabad,Salaried,66200.0,Education,194100,190300,10.83,36,B,Completed,239300,4,Verified,Web
P2P101826,2024-04-06,Ahmedabad,Salaried,35900.0,Debt Consolidation,37500,37300,11.54,24,B,Completed,42000,1,Not Verified,Mobile App
P2P101640,2025-10-02,Bengaluru,Salaried,62600.0,Debt Consolidation,709500,651800,14.02,12,C,Late,368300,21,Verified,Mobile App
P2P100349,2023-07-08,Pune,Business Owner,61800.0,Medical,108400,98700,8.54,12,A,Active,61700,2,Verified,Mobile App
P2P101808,2022-06-04,Ahmedabad,Freelancer,66300.0,Home Improvement,516700,473700,11.84,24,B,Completed,586900,10,Verified,Mobile App
P2P100167,2023-03-28,Delhi,Salaried,69800.0,Medical,100300,90900,8.23,12,A,Completed,104400,3,Not Verified,Web
P2P101526,2022-11-19,Pune,Salaried,49800.0,Debt Consolidation,148900,143700,13.68,48,C,Completed,194100,4,Verified,Mobile App
P2P101897,2024-08-15,Chennai,Business Owner,148400.0,Debt Consolidation,509300,495900,17.93,24,D,Completed,630500,14,Verified,Mobile App
P2P100205,2024-07-31,Bengaluru,Salaried,97300.0,Small Business,434800,392700,14.45,24,C,Completed,512100,12,Not Verified,Mobile App
P2P100907,2025-05-18,Mumbai,Freelancer,31100.0,Travel,258400,257200,12.17,36,B,Completed,309100,6,Verified,Web
P2P100914,2023-09-12,Mumbai,Salaried,70900.0,Travel,480600,462400,12.88,36,C,Completed,610200,16,Verified,Web
P2P101807,2024-10-23,Chennai,Salaried,90500.0,Home Improvement,209300,198700,12.08,36,B,Completed,248200,4,Verified,Web
P2P100187,2025-05-18,Kolkata,Salaried,65900.0,Vehicle,318900,292800,15.4,12,C,Active,109600,8,Verified,Mobile App
P2P100778,2025-01-20,Hyderabad,Salaried,51300.0,Debt Consolidation,73600,70200,10.16,12,A,Active,33700,2,Verified,Mobile App
P2P101940,2021-08-24,Hyderabad,Salaried,54700.0,Home Improvement,144500,144000,12.55,24,B,Active,68100,4,Verified,Mobile App
P2P101854,2025-06-24,Mumbai,Business Owner,46200.0,Wedding,437000,418500,14.2,12,C,Active,207600,14,Verified,Web
P2P101034,2022-01-04,Pune,Self-employed,63000.0,Debt Consolidation,194800,185100,10.41,36,A,Late,145900,7,Verified,Mobile App
P2P100011,2021-03-05,Kolkata,Salaried,31500.0,Debt Consolidation,257500,250500,8.47,60,A,Completed,320400,8,Verified,Web
P2P101978,2023-10-21,Kolkata,Salaried,91700.0,Education,476700,443100,13.02,36,C,Completed,568400,10,Verified,Web
P2P101234,2021-04-06,Pune,Salaried,33900.0,Debt Consolidation,162300,161400,8.24,24,A,Active,62600,5,Verified,Web
P2P100556,2023-09-01,Chennai,Salaried,48200.0,Travel,239800,230200,16.75,24,D,Active,184700,9,Verified,Web
P2P100290,2024-07-07,Hyderabad,Business Owner,32400.0,Debt Consolidation,75900,72600,17.99,24,D,Completed,94800,2,Verified,Mobile App
P2P100428,2025-08-14,Kolkata,Salaried,122700.0,Travel,189100,175300,13.75,24,C,Active,135500,6,Verified,Web
P2P101331,2024-05-14,Mumbai,Salaried,84900.0,Medical,181200,164300,12.95,36,B,Active,113200,6,Verified,Mobile App
P2P100122,2025-08-24,Bengaluru,Salaried,58500.0,Education,125100,113200,10.47,12,B,Defaulted,20600,3,Verified,Mobile App
P2P100657,2023-01-17,Mumbai,Business Owner,182600.0,Vehicle,408700,403000,15.21,24,C,Completed,470300,12,Verified,Web
P2P101381,2022-04-14,Hyderabad,Salaried,49900.0,Home Improvement,418100,378800,12.04,36,B,Active,252400,8,Verified,Mobile App
P2P100152,2022-10-09,Pune,Salaried,41600.0,Debt Consolidation,146600,140000,12.38,36,B,Active,83100,5,Not Verified,Mobile App
P2P101532,2024-08-06,Bengaluru,Salaried,48700.0,Vehicle,174800,160900,14.44,48,C,Completed,229400,3,Not Verified,Web
P2P101137,2025-06-29,Ahmedabad,Self-employed,27800.0,Small Business,376600,350100,14.3,12,C,Completed,418400,7,Verified,Web
P2P101463,2021-11-23,Jaipur,Salaried,106500.0,Medical,242300,221500,13.05,12,B,Completed,256800,5,Not Verified,Web
P2P100131,2023-09-27,Delhi,Salaried,28200.0,Debt Consolidation,145400,133400,16.01,24,C,Active,61100,4,Verified,Mobile App
P2P100851,2021-07-25,Mumbai,Freelancer,37100.0,Small Business,420200,387500,16.58,24,D,Active,274600,14,Verified,Web
P2P100134,2023-04-29,Bengaluru,Self-employed,47500.0,Education,242600,230600,12.48,36,C,Completed,296800,6,Verified,Mobile App
P2P100001,2023-07-08,Chennai,Salaried,84700.0,Debt Consolidation,137600,132200,10.34,60,A,Active,70400,4,Verified,Web
P2P101447,2024-12-10,Pune,Salaried,76400.0,Vehicle,141200,128300,21.19,24,E,Completed,174100,3,Verified,Mobile App
P2P101592,2025-12-21,Ahmedabad,Salaried,34900.0,Debt Consolidation,191100,175400,7.9,36,A,Active,145600,5,Verified,Web
P2P101533,2025-01-12,Mumbai,Self-employed,60700.0,Home Improvement,898900,810100,8.17,24,A,Completed,1023800,21,Verified,Mobile App
P2P100700,2024-01-21,Mumbai,Freelancer,24700.0,Small Business,442000,435000,11.68,12,C,Completed,462800,15,Verified,Web
P2P101385,2024-10-16,Chennai,Self-employed,43900.0,Debt Consolidation,64700,63500,12.26,36,B,Active,45500,2,Verified,Web
P2P101318,2025-02-01,Chennai,Freelancer,65700.0,Debt Consolidation,144400,131000,16.41,48,D,Late,54600,4,Verified,Mobile App
P2P101096,2022-05-15,Pune,Salaried,58600.0,Small Business,161500,148500,15.63,12,C,Active,69500,3,Not Verified,Mobile App
P2P101717,2021-06-26,Mumbai,Salaried,142800.0,Home Improvement,138200,131000,7.5,36,B,Completed,161700,4,Not Verified,Mobile App
P2P100323,2024-10-21,Pune,Self-employed,41000.0,Medical,427500,414600,15.89,24,D,Defaulted,158800,13,Not Verified,Mobile App
P2P100002,2025-10-31,Mumbai,Business Owner,91400.0,Debt Consolidation,240800,230100,12.9,48,C,Late,115900,9,Verified,Mobile App
P2P101569,2024-08-27,Ahmedabad,Business Owner,109300.0,Small Business,228500,227100,12.48,24,B,Late,100200,6,Not Verified,Web
P2P100957,2024-03-19,Pune,Salaried,42300.0,Small Business,1330200,1284500,15.04,24,C,Completed,1618900,27,Verified,Web
P2P101838,2023-04-30,Chennai,Salaried,64300.0,Debt Consolidation,94700,87100,12.36,12,B,Active,71200,2,Verified,Web
P2P100184,2025-08-01,Lucknow,Salaried,169300.0,Home Improvement,359900,342600,7.5,24,A,Completed,392400,11,Verified,Mobile App
P2P101242,2025-03-29,Jaipur,Salaried,100900.0,Home Improvement,152000,146800,10.77,36,B,Completed,187200,3,Verified,Web
P2P101344,2025-01-26,Hyderabad,Salaried,42900.0,Debt Consolidation,181900,179700,9.53,48,A,Active,131200,4,Verified,Mobile App
P2P100307,2024-03-15,Delhi,Salaried,38600.0,Debt Consolidation,43100,39200,10.99,24,B,Completed,50400,1,Verified,Mobile App
P2P100730,2022-04-15,Kolkata,Salaried,43300.0,Education,188300,187900,8.46,48,A,Completed,219100,5,Not Verified,Mobile App
P2P101010,2024-02-03,Mumbai,Salaried,39100.0,Debt Consolidation,118400,118400,8.86,24,B,Active,92800,3,Verified,Mobile App
P2P100550,2025-03-23,Hyderabad,Business Owner,39200.0,Debt Consolidation,134700,125200,14.74,24,C,Active,73900,3,Verified,Mobile App
P2P100970,2024-01-13,Hyderabad,Salaried,61200.0,Education,505000,482200,10.48,48,B,Late,367100,10,Verified,Web
P2P101061,2025-07-27,Lucknow,Freelancer,88600.0,Debt Consolidation,215900,205500,11.71,24,B,Active,109500,7,Verified,Web
P2P100111,2023-01-28,Lucknow,Salaried,24400.0,Debt Consolidation,110600,109600,18.37,12,E,Active,85200,2,Not Verified,Web
P2P101406,2024-01-11,Mumbai,Business Owner,53800.0,Vehicle,419400,413700,14.96,36,D,Active,287900,9,Not Verified,Mobile App
P2P100889,2021-11-01,Bengaluru,Salaried,59100.0,Vehicle,119500,115700,8.38,24,A,Completed,131100,2,Verified,Mobile App
P2P101507,2024-06-21,Delhi,Salaried,115000.0,Travel,57200,54100,12.34,36,B,Completed,71400,1,Verified,Mobile App
P2P100916,2023-11-02,Mumbai,Business Owner,110700.0,Small Business,262000,256300,11.76,24,B,Active,182500,6,Verified,Web
P2P101605,2021-08-01,Delhi,Salaried,57200.0,Debt Consolidation,332700,311200,16.85,48,D,Completed,470200,12,Not Verified,Mobile App
P2P100927,2022-12-17,Delhi,Salaried,59100.0,Vehicle,69700,64300,13.44,36,B,Completed,88100,1,Verified,Web
P2P100746,2025-08-29,Lucknow,Salaried,52700.0,Vehicle,211500,193700,11.72,12,B,Late,77600,5,Verified,Mobile App
P2P100776,2022-03-13,Mumbai,Business Owner,139000.0,Home Improvement,103900,94500,18.11,36,D,Active,57200,2,Verified,Mobile App
P2P101340,2021-04-04,Hyderabad,Salaried,57300.0,Small Business,280600,254400,15.06,36,C,Completed,363000,6,Verified,Mobile App
P2P101565,2025-05-25,Hyderabad,Freelancer,81000.0,Education,271100,257700,13.6,36,C,Completed,341800,6,Verified,Web
P2P100578,2025-10-01,Mumbai,Salaried,26400.0,Medical,144300,137600,12.73,12,B,Completed,158500,3,Verified,Web
P2P101188,2021-07-27,Delhi,Salaried,79100.0,Home Improvement,262000,254300,13.36,12,C,Completed,280400,7,Not Verified,Web
P2P100264,2024-03-18,Lucknow,Salaried,75600.0,Home Improvement,222600,220300,10.25,36,A,Completed,257400,5,Not Verified,Web
P2P101256,2023-10-22,Pune,Salaried,54600.0,Debt Consolidation,354500,326000,17.43,12,D,Active,164800,13,Verified,Web
P2P100303,2024-04-21,Hyderabad,Self-employed,53500.0,Education,327700,316600,16.66,36,C,Late,159900,10,Verified,Web
P2P100928,2024-04-23,Chennai,Salaried,74100.0,Travel,222800,217700,16.39,36,C,Active,121800,4,Verified,Web
P2P101200,2022-01-26,Lucknow,Salaried,58100.0,Home Improvement,519800,505700,16.21,48,C,Completed,736400,17,Verified,Mobile App
P2P101613,2024-04-10,Jaipur,Business Owner,47200.0,Home Improvement,336600,327400,19.29,36,D,Active,136500,9,Verified,Mobile App
P2P100150,2023-01-07,Lucknow,Business Owner,85100.0,Vehicle,295500,274600,8.91,24,A,Active,211000,9,Verified,Mobile App
P2P101405,2024-10-27,Delhi,Salaried,111800.0,Small Business,605600,596300,11.82,48,C,Completed,779900,14,Verified,Mobile App
P2P100072,2022-07-06,Delhi,Self-employed,97600.0,Education,45000,43900,8.9,24,A,Active,20900,1,Verified,Mobile App
P2P101010,2024-02-03,Mumbai,Salaried,39100.0,Debt Consolidation,118400,118400,8.86,24,B,Active,92800,3,Verified,Mobile App
P2P100456,2024-02-08,Mumbai,Salaried,68600.0,Debt Consolidation,266300,244000,9.23,12,A,Active,141800,6,Verified,Mobile App
P2P100090,2024-01-08,Bengaluru,Salaried,54900.0,Home Improvement,203900,200200,21.58,24,E,Late,155500,4,Verified,Web
P2P100118,2022-06-07,Lucknow,Salaried,49600.0,Medical,157900,155800,11.05,12,B,Completed,165300,5,Verified,Web
P2P100322,2025-01-10,Hyderabad,Freelancer,54000.0,Small Business,477000,431900,7.5,24,A,Active,307400,13,Verified,Mobile App
P2P101757,2025-11-11,Mumbai,Self-employed,59700.0,Debt Consolidation,300200,279700,7.95,24,A,Completed,328500,9,Verified,Web
P2P101581,2022-09-22,Chennai,Salaried,98100.0,Education,100900,98300,11.61,24,B,Active,35200,4,Verified,Mobile App
P2P100460,2021-12-30,Delhi,Salaried,50400.0,Home Improvement,94800,87500,11.49,36,C,Completed,115300,3,Verified,Mobile App
P2P101962,2023-09-13,Delhi,Freelancer,52900.0,Home Improvement,198700,182100,11.52,12,B,Active,79100,4,Not Verified,Mobile App
P2P101459,2022-08-14,Mumbai,Freelancer,99400.0,Small Business,87400,85200,9.74,36,B,Completed,103600,2,Verified,Web
P2P100242,2025-11-04,Bengaluru,Salaried,50800.0,Debt Consolidation,218700,218700,12.81,24,B,Completed,249500,8,Not Verified,Web
P2P100699,2022-03-24,Kolkata,Salaried,78300.0,Small Business,361800,329800,9.92,24,B,Completed,417700,7,Verified,Web
P2P100842,2024-10-27,Mumbai,Freelancer,25800.0,Small Business,170600,158400,9.81,12,A,Completed,177300,4,Not Verified,Web
P2P101561,2023-05-29,Kolkata,Salaried,29100.0,Home Improvement,310600,296100,15.48,12,C,Completed,351500,6,Verified,Mobile App
P2P100703,2023-04-27,Delhi,Self-employed,75600.0,Debt Consolidation,198900,181300,12.37,12,B,Active,71200,6,Verified,Mobile App
P2P101509,2024-08-02,Pune,Salaried,71300.0,Vehicle,152600,147600,10.1,24,A,Completed,166700,5,Not Verified,Web
P2P100585,2024-09-10,Chennai,Self-employed,28300.0,Medical,274200,256100,15.34,36,C,Completed,344500,6,Not Verified,Web
P2P100980,2024-07-16,Bengaluru,Salaried,101800.0,Travel,235800,235400,16.4,24,C,Active,115000,7,Verified,Mobile App
P2P100693,2024-03-02,Chennai,Salaried,41400.0,Debt Consolidation,217300,213500,8.63,36,B,Active,175500,6,Verified,Mobile App
P2P100271,2025-05-08,Delhi,Self-employed,144300.0,Debt Consolidation,287300,273400,10.64,24,A,Active,156800,7,Not Verified,Web
P2P101136,2021-08-22,Kolkata,,53600.0,Medical,205000,186300,7.5,36,B,Active,146200,4,Verified,Web
P2P100596,2024-01-10,Mumbai,Self-employed,33100.0,Small Business,268200,253000,8.8,24,A,Active,115800,6,Verified,Web
P2P100786,2025-09-09,Ahmedabad,Salaried,23500.0,Debt Consolidation,803100,742600,13.76,12,C,Completed,897300,24,Not Verified,Mobile App
P2P101251,2025-04-22,Ahmedabad,Salaried,27700.0,Education,315700,303900,14.33,24,C,Active,119400,7,Verified,Mobile App
P2P100497,2024-06-26,Delhi,Salaried,48400.0,Medical,497800,472500,7.96,48,B,Completed,592200,14,Not Verified,Mobile App
P2P100221,2024-10-17,Kolkata,Salaried,46600.0,Small Business,159500,148900,16.11,36,C,Completed,206800,4,Not Verified,Mobile App
P2P101818,2025-03-19,Lucknow,Self-employed,55300.0,Vehicle,106000,102200,10.39,48,B,Active,76500,2,Verified,Web
P2P101220,2022-12-27,Jaipur,Salaried,26900.0,Small Business,798100,731300,14.96,48,C,Completed,1073400,18,Verified,Mobile App
P2P100878,2024-10-19,Mumbai,Self-employed,39700.0,Debt Consolidation,163300,157600,13.69,24,C,Active,67300,4,Verified,Mobile App
P2P100921,2025-07-21,Jaipur,Freelancer,50200.0,Home Improvement,405000,404300,13.26,60,C,Completed,570400,12,Not Verified,Web
P2P101435,2022-02-17,Bengaluru,Self-employed,186200.0,Small Business,288800,280500,9.7,48,A,Active,167000,8,Not Verified,Web
P2P100985,2025-01-27,Ahmedabad,Salaried,89200.0,Education,290600,271300,12.02,36,C,Completed,352300,8,Verified,Web
P2P101522,2025-10-11,Hyderabad,Salaried,62500.0,Education,163200,160900,14.74,48,B,Late,125700,4,Verified,Mobile App
P2P101380,2024-07-10,Bengaluru,Salaried,38300.0,Small Business,89500,88100,12.04,36,B,Completed,107100,3,Verified,Web
P2P101162,2022-01-23,Delhi,Salaried,32800.0,Debt Consolidation,260300,255000,19.38,48,E,Completed,390700,9,Verified,Mobile App
P2P100313,2021-03-19,Chennai,Salaried,77700.0,Education,218300,211700,12.36,12,B,Active,137900,6,Verified,Mobile App
P2P101611,2025-08-04,Delhi,Salaried,50000.0,Medical,138000,137100,11.0,24,B,Completed,161800,3,Verified,Mobile App
P2P100508,2025-05-25,Jaipur,Salaried,30600.0,Home Improvement,362300,337400,16.2,12,C,Active,123200,11,Verified,Mobile App
P2P101582,2023-08-08,Delhi,Salaried,53600.0,Vehicle,294300,287800,17.89,48,D,Late,118800,8,Not Verified,Web
P2P100394,2025-03-28,Chennai,Salaried,33800.0,Debt Consolidation,396400,393300,10.08,60,A,Completed,507100,12,Verified,Mobile App
P2P101991,2025-03-15,Chennai,Salaried,79000.0,Debt Consolidation,124200,121100,11.4,12,B,Active,48100,4,Verified,Web
P2P100410,2021-10-07,Lucknow,Salaried,104600.0,Education,163900,147600,11.81,36,B,Active,72600,4,Verified,Mobile App
P2P100678,2023-08-21,Mumbai,Freelancer,22900.0,Debt Consolidation,190300,173600,13.27,12,C,Active,119600,6,Not Verified,Mobile App
P2P100953,2022-05-12,Hyderabad,Salaried,76000.0,Small Business,253700,249200,17.31,48,D,Active,243100,8,Verified,Mobile App
P2P101889,2025-01-25,Delhi,Business Owner,72200.0,Medical,127800,115400,11.52,12,C,Active,73400,4,Verified,Mobile App
P2P100329,2023-10-02,Hyderabad,Salaried,27200.0,Medical,92800,84900,9.3,48,A,Active,70700,2,Verified,Mobile App
P2P101037,2023-05-03,Mumbai,Self-employed,55400.0,Home Improvement,224700,217700,12.59,24,C,Completed,254500,4,Not Verified,Mobile App
P2P100086,2023-04-06,Hyderabad,Salaried,29000.0,Education,279900,265000,12.54,36,B,Completed,351900,7,Verified,Mobile App
P2P100084,2021-07-14,Mumbai,Self-employed,97300.0,Wedding,85300,84400,12.18,12,B,Active,35600,2,Verified,Web
P2P100207,2021-11-07,Mumbai,Self-employed,31700.0,Debt Consolidation,148900,144500,15.61,36,C,Completed,191600,3,Not Verified,Mobile App
P2P100104,2024-03-03,Jaipur,Salaried,100400.0,Small Business,47300,47200,21.42,36,E,Late,30900,1,Verified,Mobile App
P2P101334,2025-12-27,Hyderabad,Salaried,45600.0,Debt Consolidation,88200,83200,8.91,48,A,Completed,107300,2,Verified,Mobile App
P2P101219,2024-10-13,Jaipur,Salaried,85700.0,Small Business,429600,405900,,24,B,Active,173400,15,Verified,Mobile App
P2P100735,2023-06-08,Mumbai,Salaried,27100.0,Travel,224800,216100,17.23,24,D,Late,118600,5,Not Verified,Mobile App
P2P101205,2024-02-02,Jaipur,Freelancer,60300.0,Small Business,203400,192300,13.0,12,B,Completed,220500,4,Verified,Web
P2P100695,2021-12-18,Pune,Salaried,77700.0,Travel,469800,461500,11.32,48,B,Completed,611100,14,Verified,Web
P2P101190,2025-01-02,Pune,Salaried,38800.0,Vehicle,213700,194500,9.44,36,A,Active,181100,5,Not Verified,Mobile App
P2P100498,2021-08-27,Bengaluru,Salaried,95700.0,Vehicle,476100,452900,13.37,24,C,Active,359300,11,Verified,Web
P2P101341,2022-11-21,Lucknow,Business Owner,45100.0,Wedding,261300,258100,11.75,24,B,Completed,304500,8,Verified,Mobile App
P2P101166,2025-05-19,Bengaluru,Freelancer,46600.0,Education,65700,65600,11.65,48,B,Completed,83600,2,Verified,Mobile App
P2P101349,2025-12-16,Chennai,Salaried,90400.0,Home Improvement,456600,425700,12.3,12,B,Completed,501900,15,Verified,Mobile App
P2P100328,2024-08-08,Delhi,Freelancer,67000.0,Debt Consolidation,141000,133100,12.18,36,B,Completed,167900,3,Verified,Web
P2P101974,2024-03-18,Jaipur,Business Owner,65200.0,Small Business,318900,308300,20.08,48,E,Active,340900,8,Verified,Web
P2P100661,2023-06-03,Pune,Salaried,68800.0,Education,260000,250000,13.68,36,B,Completed,314200,7,Verified,Mobile App
P2P100347,2024-09-13,Mumbai,Business Owner,90500.0,Small Business,258300,251800,12.59,36,B,Active,153700,8,Verified,Web
P2P100211,2024-05-04,Hyderabad,Salaried,39000.0,Small Business,256800,243100,11.97,24,A,Completed,299000,7,Verified,Web
P2P100568,2023-11-04,Pune,Salaried,30300.0,Debt Consolidation,90500,87800,10.24,24,B,Active,71800,3,Verified,Mobile App
P2P100143,2024-02-15,Bengaluru,Salaried,78300.0,Small Business,248600,237300,8.65,36,A,Active,208200,5,Not Verified,Mobile App
P2P100515,2021-05-19,Hyderabad,Salaried,22700.0,Medical,184800,167500,16.2,24,D,Completed,219200,4,Verified,Web
P2P101387,2025-03-25,Bengaluru,Salaried,49500.0,Debt Consolidation,217400,211100,12.1,36,B,Active,190200,6,Verified,Web
P2P101029,2023-03-25,Delhi,Self-employed,206800.0,Small Business,550400,515000,10.47,36,B,Completed,647000,19,Verified,Mobile App
P2P101069,2023-05-31,Bengaluru,Freelancer,60400.0,Debt Consolidation,82700,82600,11.3,48,B,Completed,101500,2,Not Verified,Mobile App
P2P100865,2023-08-27,Hyderabad,Salaried,129200.0,Home Improvement,97400,90300,17.03,60,D,Late,35000,2,Verified,Web
P2P101306,2025-07-24,Jaipur,Salaried,41300.0,Home Improvement,291800,271200,9.32,24,A,Active,155000,7,Verified,Web
P2P100892,2025-07-05,Jaipur,Salaried,85900.0,Small Business,275600,249100,8.87,60,A,Completed,348200,7,Verified,Mobile App
P2P101227,2023-08-21,Ahmedabad,Self-employed,28200.0,Debt Consolidation,246600,234500,14.59,48,C,Active,225300,6,Verified,Mobile App
P2P100815,2025-07-23,Hyderabad,Business Owner,121100.0,Education,627700,605700,16.16,12,D,Completed,671000,12,Not Verified,Web
P2P101499,2023-07-18,Mumbai,Salaried,37800.0,Debt Consolidation,403700,392800,9.45,24,A,Completed,441600,10,Not Verified,Web
P2P101383,2025-11-23,Lucknow,Salaried,86000.0,Debt Consolidation,132500,128800,12.82,24,B,Active,76200,3,Verified,Mobile App
P2P100564,2021-02-14,Pune,Salaried,87500.0,Debt Consolidation,502900,472300,11.78,12,A,Active,348800,14,Verified,Mobile App
P2P101432,2024-03-14,Hyderabad,Salaried,55000.0,Travel,97900,90300,11.61,48,B,Active,45000,3,Verified,Mobile App
P2P100372,2021-02-25,Delhi,Salaried,58200.0,Vehicle,477900,460200,10.55,12,B,Completed,501500,15,Verified,Mobile App
P2P101182,2023-05-07,Delhi,Business Owner,47800.0,Debt Consolidation,263100,246200,12.86,36,B,Active,99700,9,Verified,Web
P2P101012,2025-12-16,Kolkata,Self-employed,22900.0,Debt Consolidation,208000,203400,15.19,36,C,Completed,271900,4,Verified,Web
P2P101304,2024-04-22,Jaipur,Business Owner,39600.0,Home Improvement,592700,547700,10.25,12,B,Active,421900,16,Verified,Mobile App
P2P100891,2025-01-20,Hyderabad,Salaried,53000.0,Home Improvement,328800,322100,16.82,12,D,Completed,368200,10,Verified,Mobile App
P2P101634,2025-04-21,Lucknow,,80600.0,Home Improvement,238400,236900,11.09,12,B,Completed,249500,5,Verified,Web
P2P101262,2025-04-24,Mumbai,Business Owner,81500.0,Education,543200,521900,13.13,24,B,Completed,641700,13,Verified,Web
P2P100684,2024-11-03,Delhi,Salaried,42800.0,Home Improvement,650000,622200,7.5,60,A,Active,318600,14,Verified,Mobile App
P2P101298,2021-11-17,Hyderabad,Self-employed,61700.0,Debt Consolidation,178200,173000,12.26,36,B,Active,146900,4,Verified,Web
P2P101413,2022-12-19,Mumbai,Self-employed,98700.0,Debt Consolidation,295700,287900,8.46,24,A,Active,116100,8,Verified,Mobile App
P2P100633,2024-03-08,Chennai,Business Owner,81700.0,Debt Consolidation,330700,309200,16.33,60,D,Completed,482700,8,Verified,Mobile App
P2P100195,2023-05-02,Chennai,Self-employed,86200.0,Debt Consolidation,311600,298800,11.15,24,B,Active,131600,7,Verified,Mobile App
P2P100514,2025-07-18,Kolkata,Self-employed,59600.0,Education,229600,215300,14.05,24,C,Active,109300,5,Verified,Web
P2P100210,2022-04-08,Bengaluru,Salaried,81800.0,Wedding,321700,303400,11.12,24,B,Late,224700,9,Verified,Mobile App
P2P101001,2022-06-04,Bengaluru,Salaried,44800.0,Small Business,311400,295500,9.44,36,A,Completed,365300,6,Verified,Web
P2P101187,2024-12-03,Pune,Self-employed,61600.0,Home Improvement,161000,157200,9.25,12,A,Completed,168700,4,Not Verified,Mobile App
P2P100636,2023-11-23,Delhi,Freelancer,44700.0,Small Business,944100,884100,16.2,48,C,Late,712200,21,Verified,Mobile App
P2P101631,2025-03-03,Hyderabad,Self-employed,50800.0,Small Business,337200,306700,,12,E,Completed,382700,9,Verified,Mobile App
P2P100088,2024-09-17,Mumbai,Self-employed,77300.0,Small Business,97400,88300,12.95,24,B,Completed,109100,3,Verified,Mobile App
P2P101724,2021-11-06,Kolkata,Salaried,51700.0,Debt Consolidation,574900,570800,7.5,24,A,Completed,634300,19,Verified,Mobile App
P2P101557,2024-08-07,Mumbai,Salaried,18000.0,Debt Consolidation,315700,314900,14.08,24,C,Completed,369500,11,Verified,Web
P2P100910,2023-07-18,Hyderabad,Salaried,46400.0,Home Improvement,120600,109900,11.73,36,A,Completed,143000,2,Verified,Mobile App
P2P100191,2021-10-13,Chennai,Self-employed,84600.0,Debt Consolidation,204400,204300,16.36,48,D,Active,90400,4,Not Verified,Web
P2P100179,2025-10-14,Mumbai,Salaried,75100.0,Small Business,178500,167000,16.29,24,D,Completed,210000,6,Verified,Web
P2P100557,2022-02-04,Delhi,Self-employed,41600.0,Education,77600,75900,16.68,12,C,Active,40400,3,Verified,Mobile App
P2P101504,2023-05-06,Bengaluru,Salaried,42800.0,Debt Consolidation,93800,84700,11.31,24,B,Defaulted,24900,3,Verified,Web
P2P101417,2021-05-01,Delhi,Salaried,48100.0,Home Improvement,323900,305400,11.11,36,B,Late,189600,9,Verified,Mobile App
P2P101994,2022-02-07,Delhi,Salaried,87300.0,Debt Consolidation,184400,167600,15.99,48,C,Defaulted,26300,4,Not Verified,Web
P2P101934,2024-07-27,Delhi,Freelancer,78400.0,Debt Consolidation,242000,229300,12.64,36,C,Late,101600,9,Verified,Mobile App
P2P100745,2022-09-22,Hyderabad,Salaried,55300.0,Medical,505000,499900,13.2,36,B,Completed,637100,16,Verified,Web
P2P101749,2025-03-08,Delhi,Freelancer,33800.0,Home Improvement,69500,62900,13.87,36,C,Active,41200,2,Verified,Mobile App
P2P101129,2023-07-05,Delhi,Salaried,56000.0,Travel,385500,369600,8.91,36,A,Completed,437800,10,Verified,Mobile App
P2P101470,2025-04-05,Delhi,Salaried,50200.0,Debt Consolidation,264600,252600,10.01,36,B,Completed,312100,7,Verified,Mobile App
P2P101098,2022-06-07,Bengaluru,Salaried,101700.0,Debt Consolidation,333500,315900,,36,A,Completed,384200,7,Verified,Mobile App
P2P100512,2023-09-29,Kolkata,Salaried,21300.0,Wedding,343500,333900,10.49,24,A,Active,128200,8,Verified,Web
P2P101899,2023-06-02,Mumbai,Freelancer,18000.0,Education,265900,259500,13.45,36,C,Completed,323800,7,Not Verified,Web
P2P101661,2024-07-22,Bengaluru,Salaried,38700.0,Education,344200,340800,9.24,36,A,Active,226300,10,Verified,Mobile App
P2P100472,2025-11-24,Ahmedabad,Freelancer,32500.0,Travel,337200,326600,12.27,36,C,Completed,423000,8,Verified,Web
P2P100399,2025-02-25,Hyderabad,Salaried,94000.0,Medical,619200,598300,19.14,24,D,Active,415500,20,Verified,Mobile App
P2P100036,2025-05-07,Mumbai,Freelancer,45000.0,Home Improvement,91300,90100,10.75,36,B,Completed,110900,2,Verified,Mobile App
P2P100206,2021-01-29,Lucknow,Salaried,68600.0,Wedding,127600,126700,13.6,24,B,Active,50700,4,Verified,Web
P2P100609,2024-02-24,Jaipur,Freelancer,21300.0,Small Business,124200,112600,9.41,24,A,Active,89200,3,Verified,Mobile App
P2P101716,2025-12-25,Lucknow,Salaried,39400.0,Home Improvement,296300,271200,16.39,36,D,Late,179100,6,Verified,Mobile App
P2P101488,2024-12-14,Lucknow,Self-employed,91400.0,Debt Consolidation,148900,143100,22.83,36,E,Active,67600,3,Not Verified,Mobile App
P2P101068,2021-12-05,Hyderabad,Salaried,43800.0,Travel,279700,264500,8.89,12,A,Active,219900,9,Verified,Web
P2P101286,2024-03-17,Hyderabad,Self-employed,79500.0,Debt Consolidation,320900,311100,9.21,24,A,Active,260800,11,Verified,Web
P2P101173,2024-09-08,Delhi,Salaried,52700.0,Debt Consolidation,55200,54900,13.06,24,B,Active,32800,1,Verified,Mobile App
P2P100430,2021-12-25,Pune,Business Owner,37000.0,Wedding,202100,190400,13.71,36,C,Active,137100,5,Not Verified,Mobile App
P2P101648,2025-05-29,Mumbai,Self-employed,55200.0,Home Improvement,512400,501800,11.74,24,B,Active,302200,14,Verified,Mobile App
P2P100229,2025-08-19,Kolkata,Salaried,71400.0,Debt Consolidation,124000,111600,9.24,24,A,Completed,134400,3,Not Verified,Mobile App
P2P101004,2025-02-01,Kolkata,Salaried,18000.0,Medical,404600,365700,15.36,24,C,Active,333600,8,Verified,Mobile App
P2P101030,2025-06-02,Bengaluru,Salaried,76200.0,Medical,179900,178800,14.59,24,C,Completed,212500,4,Verified,Web
P2P101956,2025-10-09,Hyderabad,Self-employed,61000.0,Vehicle,185500,184900,14.9,12,C,Completed,208500,4,Verified,Mobile App
P2P101990,2025-01-29,Ahmedabad,Business Owner,148700.0,Vehicle,89000,88900,10.7,60,B,Completed,113400,2,Verified,Mobile App
P2P101800,2021-02-07,Mumbai,Salaried,,Education,250700,232300,15.68,24,D,Defaulted,31900,7,Verified,Web
P2P100728,2025-04-21,Bengaluru,Business Owner,63600.0,Debt Consolidation,141500,130200,13.78,24,B,Completed,164200,3,Verified,Mobile App
P2P100319,2022-03-29,Chennai,Salaried,18900.0,Home Improvement,131600,126200,17.05,24,D,Active,73600,3,Not Verified,Web
P2P100630,2022-11-09,Chennai,Salaried,80700.0,Home Improvement,246800,240400,13.39,12,C,Completed,263700,5,Verified,Mobile App
P2P100926,2021-03-10,Bengaluru,Salaried,53800.0,Wedding,146400,143300,10.58,60,B,Completed,196700,3,Verified,Mobile App
P2P100894,2023-08-20,Delhi,Salaried,62900.0,Small Business,81400,78500,10.94,24,A,Active,35500,2,Verified,Mobile App
P2P101020,2021-04-14,Kolkata,Business Owner,52200.0,Vehicle,169000,164100,8.36,60,A,Completed,204000,5,Not Verified,Web
P2P101842,2023-10-25,Hyderabad,Salaried,44600.0,Debt Consolidation,128700,116700,16.15,36,C,Active,100000,3,Not Verified,Web
P2P100035,2025-11-19,Pune,Salaried,75100.0,Medical,117100,115100,12.03,48,A,Active,107200,3,Verified,Mobile App
P2P101337,2022-07-08,Bengaluru,Salaried,104900.0,Wedding,147900,142900,11.45,24,B,Late,70900,4,Not Verified,Mobile App
P2P100076,2025-01-28,Bengaluru,Salaried,56600.0,Vehicle,120300,116400,15.95,36,D,Late,46600,4,Verified,Mobile App
P2P100174,2022-09-09,Ahmedabad,Salaried,72600.0,Vehicle,151200,150900,10.52,36,B,Active,132100,4,Verified,Mobile App
P2P101825,2024-09-26,Hyderabad,Salaried,81700.0,Debt Consolidation,299200,294800,13.77,36,C,Defaulted,94500,8,Verified,Mobile App
P2P101076,2023-10-17,Mumbai,Salaried,72300.0,Vehicle,486800,481000,11.68,12,B,Completed,518000,11,Not Verified,Web
P2P101606,2024-03-19,Chennai,Self-employed,48500.0,Debt Consolidation,995600,968600,12.61,36,B,Completed,1245400,29,Verified,Mobile App
P2P101774,2025-11-06,Delhi,Self-employed,58900.0,Small Business,179800,172000,10.56,24,A,Active,67300,4,Verified,Mobile App
P2P101912,2025-07-31,Delhi,Freelancer,35400.0,Debt Consolidation,204500,199900,20.08,24,E,Defaulted,77300,6,Verified,Web
P2P101904,2021-04-19,Kolkata,Salaried,45000.0,Debt Consolidation,478900,441300,7.53,60,A,Completed,595400,12,Verified,Mobile App
P2P100748,2024-04-26,Bengaluru,Salaried,32700.0,Debt Consolidation,394100,389300,21.84,36,E,Completed,541200,10,Verified,Mobile App
P2P101245,2025-03-09,Mumbai,Self-employed,55300.0,Small Business,340300,307700,20.83,12,E,Active,256600,7,Verified,Mobile App
P2P101846,2022-10-12,Pune,Salaried,116300.0,Small Business,199500,186100,15.06,12,C,Completed,223500,6,Verified,Web
P2P100509,2025-10-30,,Self-employed,67100.0,Vehicle,241600,218300,10.81,24,B,Completed,274600,5,Verified,Web
P2P100711,2025-03-08,Bengaluru,Salaried,81500.0,Small Business,42700,40500,13.83,24,B,Completed,49200,1,Verified,Web
P2P101718,2024-12-14,Jaipur,Salaried,85400.0,Debt Consolidation,706300,681400,14.01,12,B,Completed,772300,16,Verified,Mobile App
P2P100608,2023-06-19,Hyderabad,Salaried,36800.0,Debt Consolidation,343300,319000,8.37,36,A,Completed,390400,7,Not Verified,Mobile App
P2P100388,2022-05-17,Kolkata,Salaried,40200.0,Medical,242100,221200,12.73,24,B,Active,190600,5,Not Verified,Mobile App
P2P101118,2025-08-01,Bengaluru,Salaried,49200.0,Debt Consolidation,187000,172900,9.2,12,A,Completed,196500,4,Verified,Mobile App
P2P101961,2021-12-29,Ahmedabad,Salaried,50500.0,Medical,323100,302800,16.88,36,D,Active,261000,6,Verified,Web
P2P100752,2025-10-18,Pune,Salaried,63700.0,Small Business,176900,170800,13.47,36,C,Late,94500,5,Not Verified,Mobile App
P2P100912,2022-12-15,,Salaried,45800.0,Debt Consolidation,311100,307400,11.86,36,B,Completed,365600,7,Not Verified,Mobile App
P2P100149,2021-06-07,Pune,Self-employed,48600.0,Education,70300,63500,20.55,48,E,Active,33200,2,Not Verified,Mobile App
P2P100754,2023-04-24,Bengaluru,Salaried,25300.0,Home Improvement,140500,126800,9.27,48,A,Completed,176400,3,Verified,Web
P2P100403,2024-02-27,Mumbai,Salaried,,Home Improvement,683600,631300,11.68,24,B,Completed,781300,22,Not Verified,Web
P2P101274,2021-05-02,Bengaluru,Business Owner,29300.0,Education,127000,121200,12.13,36,B,Active,97300,4,Verified,Web
P2P100341,2024-02-06,Mumbai,Salaried,37500.0,Small Business,462600,416400,7.5,36,A,Active,223700,16,Verified,Mobile App
P2P101647,2022-01-20,Hyderabad,Salaried,85300.0,Education,193400,182400,12.93,60,B,Active,126000,6,Verified,Web
P2P100988,2023-10-30,Hyderabad,Self-employed,54600.0,Education,392800,373900,17.29,12,D,Completed,450400,14,Verified,Mobile App
P2P100201,2024-09-24,Chennai,Business Owner,67000.0,Travel,754100,698700,11.53,12,B,Completed,801500,20,Verified,Mobile App
P2P101116,2024-06-21,Jaipur,Self-employed,36500.0,Vehicle,282400,264500,7.56,36,A,Completed,316100,6,Not Verified,Mobile App
P2P100733,2024-10-29,Jaipur,Self-employed,113300.0,Debt Consolidation,215800,206600,18.57,48,E,Late,83600,5,Not Verified,Web
P2P100541,2025-11-04,Mumbai,Salaried,127700.0,Small Business,210200,197900,9.63,24,A,Completed,231100,7,Verified,Mobile App
P2P100692,2023-10-13,Mumbai,Salaried,89200.0,Medical,67700,64200,10.46,36,B,Active,40200,2,Verified,Mobile App
P2P101467,2025-12-03,Ahmedabad,Business Owner,75200.0,Education,347500,320300,13.27,60,A,Completed,482100,8,Verified,Web
P2P100610,2024-12-07,Delhi,Salaried,100500.0,Debt Consolidation,129100,117200,12.63,24,B,Active,86500,4,Verified,Mobile App
P2P101976,2025-10-19,Bengaluru,Freelancer,78200.0,Wedding,283800,266500,9.12,36,A,Active,204200,7,Verified,Mobile App
P2P100956,2023-07-24,Delhi,Self-employed,73700.0,Small Business,107900,101900,12.44,36,C,Defaulted,18300,2,Verified,Mobile App
P2P100281,2025-08-17,Ahmedabad,Salaried,48700.0,Debt Consolidation,76800,72700,10.17,36,A,Active,63800,2,Verified,Mobile App
P2P100411,2023-03-25,Bengaluru,Salaried,104900.0,Small Business,103000,97600,19.31,48,E,Active,83400,4,Verified,Mobile App
P2P101823,2024-08-13,Delhi,Self-employed,47300.0,Vehicle,183400,175600,12.7,36,B,Defaulted,32100,4,Verified,Mobile App
P2P101706,2021-11-20,Bengaluru,Salaried,107900.0,Wedding,132400,119200,9.38,36,A,Active,87000,4,Verified,Web
P2P101641,2024-04-20,Hyderabad,Salaried,28700.0,Debt Consolidation,819000,777900,7.5,36,A,Completed,944300,28,Verified,Web
P2P101515,2022-06-29,Pune,Salaried,42400.0,Vehicle,237000,232900,14.75,36,C,Completed,293300,9,Verified,Mobile App
P2P100688,2023-01-10,Delhi,Salaried,53600.0,Home Improvement,164700,155000,8.28,24,A,Late,65700,5,Verified,Web
P2P100336,2021-05-05,Kolkata,Salaried,30500.0,Home Improvement,105200,104200,13.11,60,C,Active,72400,3,Verified,Mobile App
P2P100643,2022-08-05,Hyderabad,Business Owner,24500.0,Vehicle,115700,105800,,36,C,Active,94600,3,Not Verified,Mobile App
P2P100315,2025-06-10,Mumbai,Freelancer,89800.0,Travel,83100,77400,16.28,12,C,Active,52400,2,Verified,Web
P2P100783,2022-11-07,Hyderabad,Salaried,47900.0,Travel,537900,530200,9.06,36,A,Completed,640400,11,Verified,Mobile App
P2P101566,2023-10-09,Jaipur,Salaried,79200.0,Small Business,237300,225000,22.37,36,E,Completed,335000,7,Not Verified,Web
P2P101916,2025-01-20,Mumbai,Salaried,21900.0,Home Improvement,37100,36000,9.58,48,A,Completed,46600,1,Not Verified,Web
P2P101911,2023-02-27,Jaipur,Salaried,38600.0,Debt Consolidation,339900,330800,13.01,36,C,Completed,408600,7,Verified,Web
P2P101275,2024-01-20,Hyderabad,Salaried,20900.0,Vehicle,77200,75400,12.55,12,B,Completed,84800,2,Verified,Mobile App
P2P101735,2022-01-27,Bengaluru,Self-employed,27300.0,Debt Consolidation,180500,177200,13.52,24,C,Completed,213000,7,Verified,Web
P2P100093,2025-03-09,Delhi,Salaried,36600.0,Debt Consolidation,127700,117200,12.79,36,C,Late,34700,4,Verified,Mobile App
P2P100835,2024-02-17,Jaipur,Salaried,41000.0,Home Improvement,194100,186500,7.6,36,A,Completed,222900,6,Verified,Mobile App
P2P100593,2022-05-27,Delhi,Salaried,40000.0,Education,106000,104700,12.51,36,B,Completed,129900,3,Verified,Mobile App
P2P101960,2025-04-09,Bengaluru,Business Owner,119200.0,Debt Consolidation,393600,366100,14.56,36,C,Active,301900,13,Verified,Web
P2P101451,2024-02-15,Hyderabad,Salaried,79200.0,Education,109300,106100,12.37,24,B,Completed,129300,3,Verified,Mobile App
P2P100395,2023-05-05,Lucknow,Freelancer,86100.0,Wedding,1010600,1002000,15.83,24,C,Active,445100,32,Verified,Mobile App
P2P101721,2022-02-24,Pune,Salaried,24300.0,Home Improvement,532900,484900,8.15,12,A,Completed,572500,11,Verified,Mobile App
P2P101070,2023-01-24,Mumbai,Salaried,56500.0,Small Business,213000,202700,11.98,36,B,Completed,257200,4,Verified,Web
P2P100576,2025-10-30,Chennai,Salaried,39500.0,Medical,99300,93400,12.9,24,C,Completed,114500,2,Not Verified,Mobile App
P2P100574,2024-08-24,Jaipur,Self-employed,36700.0,Education,177200,176100,11.34,36,B,Active,132400,6,Verified,Mobile App
P2P101840,2022-09-04,Ahmedabad,Self-employed,39500.0,Small Business,358900,340800,12.24,24,C,Completed,424700,13,Not Verified,Mobile App
P2P101303,2021-06-09,Mumbai,Business Owner,63100.0,Education,384100,374900,11.63,60,B,Active,359300,13,Verified,Mobile App
P2P100736,2025-08-01,Pune,Salaried,36200.0,Vehicle,528000,501700,15.91,36,C,Completed,657100,19,Verified,Mobile App
P2P101780,2025-06-17,Hyderabad,Salaried,91800.0,Wedding,94000,93900,11.41,12,B,Completed,99900,2,Verified,Mobile App
P2P100280,2025-04-21,Mumbai,Salaried,61400.0,Debt Consolidation,147200,142700,14.89,24,C,Late,106800,3,Verified,Web
P2P100338,2024-12-27,Mumbai,Business Owner,54000.0,Home Improvement,147400,136800,9.44,36,A,Completed,170500,3,Verified,Mobile App
P2P100228,2023-08-12,Lucknow,Self-employed,38300.0,Medical,164700,163800,9.46,48,A,Completed,199400,4,Verified,Web
P2P100009,2024-07-23,Pune,Self-employed,50600.0,Debt Consolidation,122400,121900,15.98,60,D,Late,103400,3,Verified,Web
P2P101110,2022-03-23,Delhi,Freelancer,57500.0,Medical,122000,118500,9.89,48,B,Active,94800,2,Verified,Mobile App
P2P101722,2022-01-06,Jaipur,Salaried,35900.0,Vehicle,229500,209800,10.91,24,B,Completed,253200,4,Verified,Web
P2P101792,2025-02-08,Mumbai,Self-employed,44100.0,Debt Consolidation,116300,115300,14.19,24,C,Completed,134200,4,Not Verified,Web
P2P100069,2021-08-17,Bengaluru,Self-employed,49000.0,Debt Consolidation,171200,156800,14.18,24,C,Completed,204600,4,Verified,Web
P2P101824,2025-03-26,Chennai,Self-employed,81900.0,Home Improvement,202500,196500,12.91,12,C,Active,110600,6,Verified,Mobile App
P2P101121,2025-08-15,Jaipur,Salaried,33000.0,Debt Consolidation,266000,263500,13.13,36,C,Active,209600,7,Verified,Mobile App
P2P101366,2022-01-29,Delhi,Freelancer,44200.0,Medical,171600,159300,10.32,36,A,Completed,196800,3,Verified,Mobile App
P2P101146,2025-08-03,Chennai,Business Owner,44200.0,Home Improvement,153600,140800,16.21,60,D,Defaulted,12600,4,Not Verified,Web
P2P101181,2025-11-15,Mumbai,Salaried,42800.0,Debt Consolidation,88000,87300,10.97,24,B,Completed,100700,2,Verified,Web
P2P101725,2024-12-09,Jaipur,Salaried,32900.0,Home Improvement,258100,249900,11.33,36,B,Active,134700,9,Verified,Mobile App
P2P101593,2022-01-22,Chennai,Salaried,23000.0,Education,201300,182700,10.14,36,B,Active,139500,5,Verified,Mobile App
P2P100025,2023-12-10,Bengaluru,Self-employed,43600.0,Home Improvement,198300,185500,10.4,36,A,Completed,236900,6,Verified,Web
P2P100634,2024-04-08,Hyderabad,Business Owner,68300.0,Debt Consolidation,213100,208200,14.8,36,C,Active,177500,7,Verified,Web
P2P100471,2021-02-07,Chennai,Business Owner,20300.0,Debt Consolidation,131800,121600,13.51,36,D,Completed,165400,3,Verified,Mobile App
P2P100558,2021-03-30,Bengaluru,Self-employed,,Debt Consolidation,67600,63900,10.47,60,A,Completed,87500,2,Not Verified,Web
P2P100294,2023-06-11,Delhi,Business Owner,100000.0,Education,193400,182500,11.76,36,C,Completed,235700,4,Verified,Web
P2P100773,2022-01-20,Pune,Salaried,76500.0,Vehicle,836400,809200,12.42,36,B,Active,388100,20,Verified,Web
P2P101803,2023-05-29,Lucknow,Salaried,32700.0,Vehicle,125900,123200,13.79,36,C,Completed,161200,4,Verified,Mobile App
P2P101263,2023-03-08,Chennai,Salaried,64800.0,Home Improvement,298600,279400,,36,C,Completed,368400,8,Verified,Mobile App
P2P101895,2024-05-13,Hyderabad,Salaried,73500.0,Small Business,262600,247900,12.88,36,B,Completed,331500,7,Not Verified,Mobile App
P2P101189,2023-02-19,Hyderabad,Freelancer,48800.0,Vehicle,252100,235200,10.22,12,A,Completed,270500,6,Verified,Web
P2P101023,2025-09-28,Lucknow,,68100.0,Small Business,86000,81700,7.5,36,A,Active,42300,2,Verified,Mobile App
P2P100121,2025-05-06,Bengaluru,Salaried,98800.0,Vehicle,149100,146800,12.22,36,B,Completed,186300,4,Verified,Mobile App
P2P100906,2025-08-20,Bengaluru,Salaried,107500.0,Debt Consolidation,66400,66200,15.06,24,C,Defaulted,20600,1,Verified,Mobile App
P2P101307,2025-01-10,Ahmedabad,Salaried,46500.0,Home Improvement,87000,78400,14.04,24,C,Active,37300,3,Verified,Web
P2P101389,2025-11-24,Mumbai,Salaried,66100.0,Debt Consolidation,301500,293400,9.84,60,B,Completed,391100,7,Verified,Mobile App
P2P101335,2025-11-30,Delhi,Freelancer,33600.0,Wedding,209400,192000,10.77,48,A,Active,147900,6,Verified,Mobile App
P2P100511,2024-08-11,Bengaluru,Salaried,37700.0,Debt Consolidation,232500,212200,7.78,48,A,Active,161600,8,Verified,Web
P2P100180,2022-02-12,Delhi,Salaried,22100.0,Education,215400,215100,18.67,60,D,Completed,329900,6,Verified,Web
P2P101094,2024-03-10,Bengaluru,Salaried,24100.0,Vehicle,347200,343800,9.98,24,B,Completed,391200,10,Verified,Mobile App
P2P101927,2024-07-03,Ahmedabad,Business Owner,49200.0,Medical,155600,149200,14.21,24,C,Late,114500,4,Not Verified,Mobile App
P2P101560,2025-08-29,Ahmedabad,Self-employed,58800.0,Education,299100,282600,12.98,24,C,Completed,347300,7,Verified,Web
P2P101184,2025-10-08,Kolkata,Freelancer,41500.0,Debt Consolidation,510600,505600,18.85,36,D,Completed,702300,12,Not Verified,Mobile App
P2P100816,2024-03-19,Bengaluru,Freelancer,46700.0,Small Business,353400,337600,11.4,48,B,Completed,453300,7,Verified,Web
P2P101942,2023-04-23,Chennai,Salaried,100500.0,Wedding,307600,305000,17.95,24,D,Completed,361200,11,Verified,Mobile App
P2P100864,2023-11-11,Bengaluru,Salaried,52200.0,Medical,211100,202400,9.52,24,A,Completed,231200,8,Not Verified,Web
P2P101083,2023-09-28,Hyderabad,Business Owner,49200.0,Debt Consolidation,137500,129300,13.11,36,B,Completed,164900,4,Not Verified,Web
P2P101209,2022-12-28,Delhi,,120600.0,Home Improvement,46500,41900,7.6,12,B,Completed,50200,1,Verified,Mobile App
P2P101989,2023-11-03,Kolkata,Self-employed,52900.0,Home Improvement,115000,104600,10.07,36,B,Completed,137700,4,Not Verified,Mobile App
P2P101290,2021-08-29,Ahmedabad,Self-employed,72300.0,Debt Consolidation,179600,174000,12.02,12,C,Completed,193000,6,Verified,Mobile App
P2P101746,2024-01-22,Pune,Self-employed,40000.0,Debt Consolidation,252100,247600,11.38,36,C,Defaulted,62700,6,Verified,Mobile App
P2P101778,2023-11-05,Kolkata,Salaried,100300.0,Education,111900,107600,12.63,36,C,Active,74200,2,Verified,Web
P2P100381,2021-12-28,Pune,Salaried,75900.0,Vehicle,73500,73300,10.88,48,A,Completed,92300,2,Verified,Web
P2P100605,2022-01-04,Hyderabad,Self-employed,32600.0,Debt Consolidation,354500,323200,14.34,36,C,Completed,430700,8,Verified,Mobile App
P2P101907,2025-11-09,Bengaluru,Salaried,33900.0,Education,221400,217300,8.88,36,A,Active,158400,5,Verified,Mobile App
P2P101742,2025-02-03,Mumbai,Salaried,84200.0,Vehicle,238500,226800,12.33,36,B,Completed,292800,5,Verified,Web
P2P100551,2024-03-21,Delhi,Freelancer,55800.0,Home Improvement,74500,68200,14.5,60,C,Active,61400,2,Verified,Web
P2P101172,2025-12-08,Jaipur,Salaried,97600.0,Debt Consolidation,158200,155700,13.34,48,B,Completed,211400,4,Not Verified,Web
P2P100252,2023-07-28,Mumbai,Salaried,39300.0,Wedding,221100,205500,15.09,12,C,Completed,244400,4,Verified,Web
P2P101855,2025-09-22,Hyderabad,Salaried,59700.0,Small Business,107800,102600,7.5,36,A,Completed,125000,2,Not Verified,Mobile App
P2P101500,2025-07-14,Chennai,Self-employed,40500.0,Small Business,305100,275200,13.56,36,B,Active,158500,6,Not Verified,Mobile App
P2P100213,2024-10-09,Delhi,Salaried,58700.0,Debt Consolidation,166100,152200,14.2,24,C,Active,59700,5,Verified,Web
P2P101465,2025-12-31,Delhi,Salaried,177100.0,Debt Consolidation,403500,399700,13.57,48,C,Completed,528000,8,Verified,Web
P2P101705,2023-11-08,Bengaluru,Business Owner,57600.0,Travel,421600,406400,17.71,36,D,Active,348000,9,Verified,Web
P2P101866,2025-10-15,Lucknow,Salaried,76100.0,Home Improvement,237300,233000,9.26,36,A,Completed,283800,5,Not Verified,Mobile App
P2P100331,2023-06-03,Bengaluru,Salaried,46100.0,Debt Consolidation,589100,557300,13.51,12,C,Completed,656600,16,Not Verified,Mobile App
P2P100433,2024-08-18,Jaipur,Salaried,72500.0,Travel,79300,73700,11.86,36,B,Completed,98400,2,Not Verified,Mobile App
P2P100277,2025-04-25,Mumbai,Salaried,61700.0,Small Business,50800,48100,13.46,48,C,Completed,65300,2,Verified,Web
P2P101779,2022-11-14,Jaipur,Business Owner,40200.0,Small Business,731600,660000,9.87,24,A,Completed,826600,17,Not Verified,Mobile App
P2P101336,2024-10-06,Mumbai,Freelancer,46700.0,Small Business,582100,552800,10.87,36,B,Late,380000,15,Verified,Mobile App
P2P101620,2025-01-30,Hyderabad,Salaried,93200.0,Debt Consolidation,255000,236100,10.28,36,A,Completed,300000,9,Not Verified,Web
P2P100292,2021-04-25,Delhi,Salaried,41600.0,Debt Consolidation,240300,231300,15.34,48,C,Active,200200,5,Not Verified,Mobile App
P2P100902,2021-03-23,Mumbai,,37600.0,Small Business,183100,178500,7.5,24,A,Completed,199800,6,Verified,Mobile App
P2P100449,2023-07-11,Bengaluru,Salaried,82200.0,Debt Consolidation,390100,379400,12.06,48,B,Active,276300,11,Verified,Mobile App
P2P101998,2021-07-31,Hyderabad,Business Owner,87500.0,Home Improvement,293900,274400,14.52,24,C,Active,113600,8,Not Verified,Mobile App
P2P101806,2025-03-26,Bengaluru,Salaried,79500.0,Travel,205200,193200,14.4,60,C,Defaulted,95400,5,Verified,Web
P2P101549,2021-05-13,Ahmedabad,Salaried,135400.0,Home Improvement,145200,134500,11.14,36,B,Completed,174200,5,Not Verified,Web
P2P100146,2021-04-23,Mumbai,Self-employed,44700.0,Vehicle,925100,893400,13.32,60,B,Completed,1273000,20,Verified,Mobile App
P2P100304,2024-09-17,Kolkata,Self-employed,25600.0,Debt Consolidation,460900,448700,14.73,24,C,Completed,557700,13,Verified,Mobile App
P2P101512,2025-01-15,Lucknow,Freelancer,46000.0,Debt Consolidation,455800,417200,19.9,48,E,Active,288800,16,Verified,Mobile App
P2P101709,2024-08-20,Hyderabad,Self-employed,48300.0,Debt Consolidation,400600,364300,12.69,24,C,Active,258400,9,Verified,Web
P2P101873,2024-02-28,Lucknow,Self-employed,44500.0,Debt Consolidation,143100,131700,8.97,24,A,Active,71000,3,Verified,Mobile App
P2P100941,2022-12-29,Ahmedabad,Salaried,37500.0,Debt Consolidation,218100,216800,15.98,24,D,Active,174400,6,Not Verified,Web
P2P100068,2025-04-29,Delhi,Freelancer,45400.0,Debt Consolidation,256500,250100,9.91,24,A,Completed,287400,7,Verified,Mobile App
P2P100020,2023-01-31,,Salaried,54800.0,Small Business,93000,92200,11.08,24,A,Active,32400,2,Not Verified,Mobile App
P2P100325,2025-11-05,Bengaluru,Business Owner,65100.0,Vehicle,176400,171700,17.36,24,D,Active,64300,4,Verified,Mobile App
P2P101285,2023-04-08,Mumbai,Salaried,34500.0,Education,286800,260800,7.5,24,A,Completed,308400,5,Verified,Mobile App
P2P101831,2025-12-07,Mumbai,,62400.0,Home Improvement,126200,118900,7.92,24,A,Completed,141200,3,Verified,Mobile App
P2P101434,2024-11-01,Mumbai,Salaried,25900.0,Home Improvement,200400,195700,8.93,36,A,Completed,231200,6,Verified,Mobile App
P2P101425,2025-12-15,Hyderabad,Salaried,30800.0,Vehicle,220300,215600,11.89,24,B,Completed,252700,5,Verified,Web
P2P101474,2023-09-02,Hyderabad,Self-employed,72100.0,Small Business,617400,564600,10.29,24,B,Completed,690800,18,Verified,Mobile App
P2P100055,2024-07-18,Ahmedabad,Business Owner,144500.0,Vehicle,212000,208800,12.02,24,B,Active,167300,5,Verified,Web
P2P100964,2023-08-05,Chennai,Self-employed,40900.0,Travel,340800,332100,12.87,48,B,Completed,451200,13,Verified,Mobile App
P2P100932,2025-06-09,Bengaluru,Salaried,76300.0,Small Business,201800,189700,13.84,48,B,Completed,262900,4,Verified,Mobile App
P2P101878,2024-03-03,Delhi,Self-employed,49100.0,Vehicle,455100,421100,14.54,36,C,Active,243100,9,Verified,Web
P2P100151,2025-09-08,Pune,Salaried,33600.0,Home Improvement,123700,116200,11.7,12,B,Completed,135500,4,Not Verified,Mobile App
P2P101662,2024-03-14,Pune,Salaried,76600.0,Education,188900,178400,13.69,36,C,Completed,229900,4,Verified,Mobile App
P2P101122,2025-11-06,Bengaluru,Freelancer,87400.0,Debt Consolidation,237100,235000,12.03,12,B,Completed,254000,7,Verified,Web
P2P101671,2023-07-20,Kolkata,Business Owner,41000.0,Debt Consolidation,381100,360600,11.08,36,B,Completed,463700,11,Verified,Mobile App
P2P101131,2025-01-21,Mumbai,Salaried,67700.0,Vehicle,183200,174800,16.75,36,D,Completed,241000,5,Verified,Mobile App
P2P100744,2024-02-23,Ahmedabad,Freelancer,42800.0,Debt Consolidation,83800,83400,10.4,24,B,Active,64200,2,Verified,Web
P2P101693,2023-08-23,Mumbai,Self-employed,40000.0,Small Business,478100,473400,17.37,36,D,Active,235100,19,Verified,Mobile App
P2P100750,2024-08-27,Delhi,,65800.0,Medical,105600,99200,11.23,24,B,Active,65900,3,Verified,Mobile App
P2P100756,2025-04-19,Hyderabad,Business Owner,54300.0,Debt Consolidation,204200,192800,17.22,36,D,Late,117900,7,Not Verified,Mobile App
P2P101049,2025-07-23,Mumbai,Salaried,36400.0,Home Improvement,271700,256900,12.51,60,B,Active,252500,10,Verified,Mobile App
P2P100812,2025-06-14,Bengaluru,Business Owner,35900.0,Medical,178300,164700,18.47,12,D,Completed,203500,4,Verified,Web
P2P100662,2025-12-15,Hyderabad,Self-employed,47200.0,Wedding,189600,183800,10.06,36,A,Active,89400,4,Verified,Mobile App
P2P101558,2023-09-15,Hyderabad,Self-employed,70300.0,Education,836100,803300,15.14,60,C,Active,630200,31,Verified,Web
P2P101830,2023-02-03,Bengaluru,Salaried,71600.0,Debt Consolidation,112200,101800,13.48,24,D,Late,33100,2,Not Verified,Mobile App
P2P101107,2023-08-18,Bengaluru,Salaried,23700.0,Small Business,170800,160500,13.48,12,B,Completed,192700,4,Not Verified,Web
P2P100256,2024-05-16,Pune,Self-employed,90700.0,Medical,888900,859400,7.71,36,A,Active,511900,19,Verified,Web
P2P100935,2022-05-03,Lucknow,Salaried,49000.0,Small Business,311800,301200,11.37,36,B,Completed,385000,10,Verified,Web
P2P100870,2025-10-25,Lucknow,Business Owner,49200.0,Home Improvement,226500,222500,13.82,12,C,Late,81400,5,Verified,Web
P2P101847,2022-01-06,Ahmedabad,Salaried,61900.0,Travel,71300,64600,10.96,60,B,Active,28900,2,Verified,Mobile App
P2P100893,2025-06-03,Jaipur,Self-employed,77000.0,Small Business,114200,110400,10.38,36,B,Completed,135900,2,Verified,Mobile App
P2P100874,2023-09-11,Delhi,Salaried,64700.0,Home Improvement,172100,155300,13.17,36,B,Active,85200,4,Verified,Mobile App
P2P100614,2021-09-08,Bengaluru,Salaried,30800.0,Small Business,291600,264300,10.29,60,B,Active,241200,7,Not Verified,Web
P2P101404,2025-02-07,Delhi,Salaried,48100.0,Home Improvement,130000,118100,17.06,24,D,Late,37400,4,Verified,Mobile App
P2P101101,2021-06-27,Bengaluru,Salaried,52300.0,Debt Consolidation,78400,76700,17.62,36,D,Completed,100700,2,Verified,Web
P2P100389,2025-02-24,Mumbai,Salaried,68100.0,Small Business,306600,281800,12.55,12,C,Completed,329300,11,Verified,Web
P2P100937,2021-02-26,Delhi,Business Owner,36100.0,Vehicle,127600,123200,11.5,12,A,Completed,142300,4,Verified,Mobile App
P2P100407,2023-08-05,Delhi,Freelancer,106200.0,Home Improvement,551800,539600,13.28,48,B,Active,515700,18,Verified,Web
P2P101316,2024-09-26,Lucknow,Salaried,107800.0,Small Business,102700,101700,14.52,24,C,Completed,119900,3,Not Verified,Mobile App
P2P100795,2021-02-25,Hyderabad,Salaried,186300.0,Home Improvement,96800,93500,16.44,60,D,Completed,146700,2,Verified,Web
P2P100716,2025-10-05,Delhi,Salaried,,Debt Consolidation,136500,123300,11.12,48,B,Active,108000,3,Verified,Mobile App
P2P101135,2024-11-26,Hyderabad,Freelancer,38800.0,Debt Consolidation,237000,221500,13.92,24,C,Completed,282400,5,Verified,Mobile App
P2P101649,2025-04-04,Delhi,Self-employed,29100.0,Medical,386700,373600,14.41,48,C,Completed,507800,9,Verified,Web
P2P101024,2025-11-25,Kolkata,Self-employed,75600.0,Home Improvement,278300,257000,13.78,48,C,Late,157700,6,Verified,Mobile App
P2P101056,2023-05-24,Bengaluru,Self-employed,49600.0,Travel,357600,329800,11.52,60,B,Active,204000,12,Verified,Mobile App
P2P101750,2022-02-11,Chennai,Self-employed,32400.0,Wedding,332800,318600,8.86,24,A,Completed,360400,7,Not Verified,Web
P2P100247,2023-10-18,Mumbai,Salaried,65600.0,Debt Consolidation,165800,155700,16.16,24,C,Active,104000,3,Verified,Mobile App
P2P100146,2021-04-23,Mumbai,Self-employed,44700.0,Vehicle,925100,893400,13.32,60,B,Completed,1273000,20,Verified,Mobile App
P2P101863,2022-05-17,Bengaluru,Salaried,24800.0,Home Improvement,44000,42800,10.29,36,C,Completed,51600,1,Verified,Web
P2P101153,2024-12-18,Lucknow,Business Owner,34200.0,Small Business,364700,345500,18.56,12,E,Active,249900,8,Verified,Mobile App
P2P101835,2025-05-11,Bengaluru,Business Owner,36500.0,Education,101300,91700,9.84,12,A,Active,75400,4,Verified,Mobile App
P2P100623,2023-06-30,Hyderabad,Salaried,22000.0,Home Improvement,106300,105000,12.81,36,C,Completed,131800,2,Verified,Mobile App
P2P101966,2024-07-03,Bengaluru,Business Owner,34000.0,Vehicle,202900,187300,12.42,36,B,Active,79700,6,Verified,Web
P2P100461,2021-12-26,Mumbai,Salaried,62900.0,Travel,101700,96300,11.34,24,B,Completed,116200,3,Verified,Mobile App
P2P100487,2021-05-20,Lucknow,Salaried,33500.0,Education,342100,336900,10.6,36,B,Completed,407900,8,Verified,Web
P2P101900,2025-04-07,Jaipur,Salaried,96000.0,Vehicle,252900,248300,10.38,24,A,Completed,294800,9,Verified,Mobile App
P2P100091,2022-01-01,Delhi,Self-employed,26900.0,Small Business,612100,591300,15.94,36,D,Completed,763200,15,Verified,Mobile App
P2P101230,2023-09-12,Delhi,Self-employed,72600.0,Debt Consolidation,490100,474900,16.27,24,C,Defaulted,155300,17,Not Verified,Mobile App
P2P100493,2023-01-05,Delhi,Salaried,50300.0,Small Business,103600,95800,12.95,36,B,Active,72700,2,Verified,Mobile App
P2P100171,2024-11-17,Bengaluru,Salaried,58300.0,Small Business,143400,136600,17.43,24,D,Completed,179200,3,Verified,Mobile App
P2P101646,2025-03-02,Chennai,Salaried,79000.0,Debt Consolidation,147600,143500,13.32,36,C,Defaulted,46600,4,Verified,Web
P2P100057,2021-09-28,Hyderabad,Business Owner,22500.0,Education,152500,151700,14.92,24,C,Completed,184100,4,Verified,Mobile App
P2P100405,2023-03-27,Bengaluru,Freelancer,45700.0,Small Business,251300,243400,10.41,24,B,Late,78100,7,Not Verified,Mobile App
P2P101266,2021-08-10,Bengaluru,Salaried,31700.0,Debt Consolidation,307800,284200,8.82,24,A,Completed,349400,10,Verified,Web
P2P100600,2021-05-06,Pune,Salaried,56400.0,Debt Consolidation,252900,232300,10.56,36,B,Completed,290500,5,Verified,Web
P2P101016,2025-09-30,Ahmedabad,Salaried,96200.0,Home Improvement,115100,115100,21.09,48,E,Defaulted,37300,3,Verified,Mobile App
P2P101371,2025-11-26,Chennai,Salaried,63900.0,Debt Consolidation,112800,108200,11.77,36,C,Completed,141000,3,Verified,Mobile App
P2P100098,2023-10-17,Ahmedabad,Salaried,28900.0,Medical,214700,199600,15.33,12,C,Active,140900,5,Verified,Mobile App
P2P100827,2023-05-16,Mumbai,Self-employed,60000.0,Small Business,318800,305000,15.34,36,D,Completed,398200,6,Verified,Mobile App
P2P101141,2025-05-27,Lucknow,Salaried,57300.0,Home Improvement,116900,110600,12.91,48,B,Completed,155100,3,Verified,Mobile App
P2P101226,2024-09-18,Lucknow,Salaried,45900.0,Wedding,293200,268100,13.19,12,C,Active,205000,8,Verified,Mobile App
P2P101876,2024-04-24,Pune,Salaried,109400.0,Home Improvement,314500,295000,11.92,24,B,Active,218200,8,Verified,Mobile App
P2P100480,2024-03-26,Bengaluru,,55200.0,Vehicle,409500,403800,19.8,24,E,Defaulted,89900,15,Not Verified,Web
P2P100324,2023-01-10,Delhi,Salaried,21900.0,Home Improvement,252400,238200,9.61,36,A,Completed,299500,8,Verified,Web
P2P101218,2024-11-22,Chennai,Self-employed,74400.0,Debt Consolidation,169100,165700,12.94,12,C,Completed,187400,3,Not Verified,Mobile App
P2P101468,2023-09-07,Chennai,Business Owner,93000.0,Small Business,69500,63400,9.32,36,A,Active,42100,2,Not Verified,Mobile App
P2P101796,2021-09-17,Bengaluru,Business Owner,92800.0,Small Business,268300,268000,15.19,36,C,Defaulted,96200,7,Verified,Mobile App
P2P101479,2025-04-24,Ahmedabad,Business Owner,46200.0,Education,163400,158100,9.46,36,A,Active,80600,5,Verified,Web
P2P101553,2025-05-21,Chennai,Freelancer,35100.0,Medical,151900,149900,12.94,36,C,Completed,187400,6,Verified,Mobile App
P2P101785,2024-10-20,Lucknow,Salaried,22500.0,Vehicle,117200,106400,14.03,36,C,Active,90300,2,Verified,Mobile App
P2P101575,2022-08-17,Bengaluru,Self-employed,42100.0,Wedding,754500,726100,10.32,24,A,Completed,880200,17,Verified,Web
P2P100099,2021-03-19,Mumbai,Salaried,63800.0,Vehicle,256100,254300,14.47,60,C,Late,184300,7,Verified,Mobile App
P2P100116,2025-07-25,Chennai,Salaried,106900.0,Debt Consolidation,233700,217500,14.2,12,C,Active,93000,4,Verified,Mobile App
P2P100425,2021-06-26,Hyderabad,Salaried,38200.0,Debt Consolidation,1500000,1469600,15.89,36,D,Completed,1948800,35,Verified,Web
P2P100297,2025-03-20,Delhi,Salaried,24900.0,Debt Consolidation,109800,108300,10.62,24,B,Completed,126800,3,Verified,Mobile App
P2P100738,2025-05-17,Bengaluru,Salaried,38700.0,Education,218900,216700,19.77,36,E,Active,200900,7,Verified,Web
P2P101885,2022-04-06,Bengaluru,Salaried,70700.0,Wedding,95900,89300,8.76,60,A,Active,44000,3,Not Verified,Mobile App
P2P100903,2022-05-26,Bengaluru,Salaried,25100.0,Debt Consolidation,106200,100100,12.77,24,B,Completed,123300,3,Verified,Mobile App
P2P100602,2023-01-07,Pune,Business Owner,44600.0,Debt Consolidation,244200,226200,11.44,36,B,Completed,291700,8,Verified,Mobile App
P2P101000,2023-11-21,Pune,Self-employed,43600.0,Vehicle,381500,381400,15.87,24,D,Completed,449900,9,Verified,Web
P2P101805,2023-05-22,Bengaluru,Salaried,54100.0,Debt Consolidation,317200,298200,14.43,24,C,Completed,383000,7,Verified,Mobile App
P2P100396,2025-10-06,Mumbai,Business Owner,91300.0,Home Improvement,88600,83200,9.62,36,A,Completed,101700,2,Not Verified,Web
P2P100427,2023-11-12,Lucknow,Salaried,34400.0,Debt Consolidation,287800,286700,15.75,24,C,Completed,338600,9,Not Verified,Mobile App
P2P101801,2025-11-07,Bengaluru,Salaried,44300.0,Debt Consolidation,56100,54600,14.44,24,C,Completed,64200,2,Verified,Mobile App
P2P101584,2024-02-14,Bengaluru,Self-employed,68100.0,Vehicle,108000,100600,14.66,36,C,Completed,138900,2,Verified,Web
P2P101550,2024-09-10,Chennai,Salaried,47900.0,Education,198800,186700,12.91,60,C,Late,54800,5,Verified,Mobile App
P2P101556,2022-08-06,Hyderabad,Self-employed,36900.0,Medical,171300,161100,13.96,60,C,Completed,241600,3,Not Verified,Mobile App
P2P101039,2021-07-20,Hyderabad,Self-employed,42000.0,Debt Consolidation,119800,118100,11.87,24,B,Completed,138300,3,Verified,Mobile App
P2P100253,2025-06-29,Delhi,Salaried,48500.0,Small Business,406100,397000,10.35,24,B,Completed,446700,12,Verified,Web
P2P100239,2024-09-29,Ahmedabad,Self-employed,62400.0,Debt Consolidation,178600,166500,17.84,36,D,Completed,234000,5,Verified,Web
P2P101145,2022-12-13,Jaipur,Salaried,78000.0,Debt Consolidation,130800,125000,9.9,36,B,Active,77100,3,Verified,Mobile App
P2P100845,2022-03-11,Jaipur,Salaried,71700.0,Medical,187300,182200,12.34,36,C,Active,72100,5,Verified,Web
P2P101310,2025-05-15,Bengaluru,Business Owner,18000.0,Education,332600,321300,14.75,36,C,Active,186200,7,Verified,Web
P2P100846,2023-09-22,Mumbai,Salaried,18000.0,Home Improvement,161000,160900,10.78,12,B,Completed,170200,4,Verified,Mobile App
P2P100555,2025-07-31,Kolkata,Salaried,58900.0,Debt Consolidation,251800,233900,9.23,36,A,Completed,299000,5,Not Verified,Mobile App
P2P101221,2025-10-31,Lucknow,Salaried,59500.0,Education,408900,371900,17.12,36,D,Defaulted,42400,11,Verified,Web
P2P101370,2022-10-05,Jaipur,Salaried,22200.0,Small Business,283200,282100,15.15,36,C,Active,180700,7,Verified,Mobile App
P2P100546,2023-06-07,Bengaluru,Business Owner,68100.0,Education,238100,218400,10.1,24,B,Active,185700,5,Verified,Mobile App
P2P100251,2023-02-06,Hyderabad,Salaried,65800.0,Debt Consolidation,309900,293300,14.86,36,C,Completed,405100,6,Verified,Mobile App
P2P100740,2023-07-13,Jaipur,Self-employed,,Debt Consolidation,266600,244600,14.56,12,C,Completed,290000,8,Not Verified,Web
P2P100965,2023-01-26,Mumbai,Salaried,81500.0,Vehicle,187400,169000,11.87,24,B,Active,66300,6,Verified,Mobile App
P2P101670,2025-05-18,Delhi,Self-employed,73500.0,Home Improvement,347100,316300,10.75,12,B,Active,239400,10,Verified,Mobile App
P2P100199,2025-08-13,Mumbai,Salaried,95500.0,Education,1121200,1084100,22.04,24,E,Defaulted,90300,35,Verified,Mobile App
P2P101437,2023-03-04,Mumbai,Salaried,60500.0,Debt Consolidation,400900,361100,,24,B,Active,272900,13,Verified,Mobile App
P2P101510,2025-03-14,Jaipur,Salaried,50800.0,Debt Consolidation,139400,129000,11.83,12,B,Late,54200,3,Not Verified,Mobile App
P2P101455,2021-04-04,Ahmedabad,Self-employed,35800.0,Travel,363700,344700,10.84,36,B,Active,232200,13,Verified,Web
P2P100898,2025-08-25,Bengaluru,Salaried,28300.0,Debt Consolidation,163300,161700,17.35,48,D,Active,146400,3,Verified,Web
P2P101771,2023-12-16,Hyderabad,Self-employed,41600.0,Education,418100,385800,15.94,36,D,Active,178300,11,Verified,Web
P2P101743,2025-03-19,Kolkata,Business Owner,84500.0,Small Business,128400,128000,11.82,24,B,Completed,150700,3,Verified,Mobile App
P2P101315,2023-12-03,Bengaluru,Salaried,59200.0,Debt Consolidation,425700,398200,8.67,60,A,Completed,533100,8,Not Verified,Web
P2P100990,2025-05-20,Bengaluru,Business Owner,41200.0,Vehicle,273800,267500,12.06,48,A,Active,119700,10,Verified,Mobile App
P2P101041,2024-04-20,Kolkata,Business Owner,80700.0,Debt Consolidation,545400,544600,11.51,60,B,Completed,722600,16,Verified,Web
P2P101183,2024-09-09,Kolkata,Salaried,47200.0,Home Improvement,83400,82200,8.61,36,A,Completed,97100,3,Verified,Mobile App
P2P100244,2023-06-30,Kolkata,Salaried,46600.0,Travel,769500,767600,14.96,60,C,Active,633700,19,Verified,Web
P2P100067,2022-02-20,Hyderabad,Salaried,38000.0,Debt Consolidation,633200,631200,11.92,60,C,Completed,873500,14,Not Verified,Web
P2P101917,2025-08-12,Chennai,Freelancer,49800.0,Small Business,476000,455100,16.32,36,D,Completed,605600,17,Not Verified,Mobile App
P2P100934,2024-03-29,Bengaluru,Salaried,98100.0,Education,93700,85000,18.02,24,D,Late,65200,2,Verified,Web
P2P100360,2024-06-14,Chennai,Salaried,41400.0,Debt Consolidation,88600,87300,9.46,36,A,Completed,103000,2,Verified,Web
P2P100096,2024-02-10,Kolkata,Salaried,30800.0,Vehicle,245500,244600,11.98,12,B,Active,183200,7,Verified,Mobile App
P2P101656,2025-10-14,Kolkata,Salaried,145300.0,Debt Consolidation,112300,106500,9.8,24,B,Active,41800,3,Verified,Web
P2P101529,2025-04-30,,Salaried,50400.0,Travel,113500,110900,12.77,24,B,Active,72400,3,Not Verified,Mobile App
P2P101497,2024-08-20,Bengaluru,Salaried,58700.0,Vehicle,204100,200700,13.1,48,C,Active,143000,5,Verified,Mobile App
P2P101955,2025-12-29,Jaipur,Salaried,91100.0,Debt Consolidation,343600,328900,11.65,24,B,Completed,399100,10,Verified,Web
P2P101602,2023-04-02,Mumbai,Salaried,32400.0,Medical,214100,197700,11.74,36,B,Completed,254500,7,Not Verified,Mobile App
P2P101972,2025-06-05,Pune,Salaried,46200.0,Education,405200,401700,9.11,36,A,Active,148700,12,Not Verified,Mobile App
P2P100522,2023-07-20,Mumbai,Salaried,70700.0,Debt Consolidation,144300,141500,10.38,36,A,Completed,175200,3,Not Verified,Web
P2P101862,2024-10-15,Mumbai,Salaried,54500.0,Medical,205900,205400,12.45,24,B,Completed,240100,5,Verified,Web
P2P101555,2022-09-13,Pune,Business Owner,32000.0,Debt Consolidation,126000,116200,9.33,60,A,Active,97600,4,Verified,Mobile App
P2P101433,2024-02-02,Mumbai,Self-employed,58000.0,Small Business,531700,498700,13.87,24,C,Completed,636300,15,Verified,Mobile App
P2P100975,2021-04-06,Pune,Salaried,34200.0,Home Improvement,166900,150900,20.66,60,E,Active,120500,4,Not Verified,Mobile App
P2P100666,2022-03-20,Kolkata,Self-employed,53100.0,Debt Consolidation,266800,250400,8.94,24,A,Completed,297700,9,Verified,Mobile App
P2P100362,2024-09-26,Hyderabad,Self-employed,18000.0,Home Improvement,648900,642900,8.39,36,A,Completed,740700,20,Verified,Mobile App
P2P101457,2024-12-05,Pune,Salaried,29200.0,Education,202600,190500,,24,B,Completed,228100,6,Verified,Mobile App
P2P101456,2025-10-07,Lucknow,Salaried,156100.0,Debt Consolidation,159400,151600,9.82,24,A,Completed,179600,4,Verified,Web
P2P100485,2024-06-27,Mumbai,Salaried,85300.0,Education,331200,311800,14.22,48,C,Active,302400,11,Verified,Mobile App
P2P101176,2024-04-20,Hyderabad,Business Owner,60100.0,Debt Consolidation,618700,557500,16.68,24,C,Completed,761000,13,Verified,Web
P2P101352,2024-06-19,Bengaluru,Freelancer,68300.0,Home Improvement,590300,568900,9.5,36,A,Completed,694500,12,Verified,Mobile App
P2P101281,2024-08-18,Pune,Freelancer,54300.0,Education,81200,78600,20.95,36,E,Defaulted,22900,3,Verified,Mobile App
P2P100312,2021-08-29,Hyderabad,,147800.0,Vehicle,197400,186500,15.22,36,D,Defaulted,42500,7,Not Verified,Web
P2P101784,2024-09-16,Bengaluru,Salaried,61100.0,Vehicle,246600,235300,9.41,12,A,Completed,256700,5,Verified,Mobile App
P2P101329,2024-10-19,Mumbai,Salaried,89100.0,Debt Consolidation,809600,795800,15.2,48,C,Completed,1085100,16,Verified,Mobile App
P2P100843,2022-05-18,Bengaluru,Salaried,63200.0,Wedding,166500,150700,13.77,24,C,Completed,189700,5,Verified,Mobile App
P2P100414,2024-06-11,Delhi,Self-employed,67700.0,Debt Consolidation,318000,301300,11.56,48,B,Completed,418500,8,Verified,Mobile App
P2P101158,2025-08-05,Hyderabad,Self-employed,30000.0,Debt Consolidation,193000,180100,14.61,36,C,Active,110000,4,Verified,Web
P2P100032,2022-05-01,Delhi,Salaried,48300.0,Education,349600,334600,8.3,36,A,Completed,404400,12,Verified,Mobile App
P2P100766,2024-06-05,Jaipur,Freelancer,50100.0,Travel,319400,291700,16.05,24,C,Completed,393200,9,Verified,Web
P2P100459,2021-06-22,Bengaluru,Salaried,79500.0,Education,413700,405500,18.72,24,E,Defaulted,118700,14,Verified,Web
P2P101186,2025-10-14,Jaipur,Freelancer,67700.0,Education,478400,451900,15.57,12,D,Active,296000,12,Verified,Mobile App
P2P100340,2021-10-27,Mumbai,Salaried,123400.0,Home Improvement,133300,131800,12.82,24,B,Completed,149700,4,Verified,Mobile App
P2P100287,2023-12-28,Ahmedabad,Business Owner,37000.0,Travel,139600,139100,22.31,24,E,Active,87800,3,Verified,Web
P2P101273,2025-04-02,Chennai,Salaried,39500.0,Small Business,286300,260800,9.2,36,A,Active,194800,8,Verified,Web
P2P101981,2022-06-06,Mumbai,Self-employed,79100.0,Vehicle,433100,432200,12.01,12,B,Completed,469700,14,Verified,Mobile App
P2P100950,2024-07-17,Bengaluru,Business Owner,39500.0,Wedding,654500,603400,10.79,36,B,Late,421800,13,Verified,Mobile App
P2P101604,2023-06-01,Jaipur,Self-employed,53300.0,Debt Consolidation,97100,89600,20.97,24,E,Late,29900,3,Verified,Mobile App
P2P100140,2025-11-26,Kolkata,Salaried,51900.0,Vehicle,546300,545700,10.13,12,A,Completed,569400,16,Verified,Web
P2P100849,2024-02-22,Pune,Business Owner,74900.0,Education,337600,324200,9.58,36,A,Active,117000,10,Not Verified,Mobile App
P2P101688,2024-01-30,Delhi,Business Owner,71400.0,Home Improvement,133300,127200,11.54,60,B,Active,65500,3,Verified,Mobile App
P2P101026,2024-01-11,Hyderabad,Salaried,66100.0,Home Improvement,442300,404800,9.06,24,A,Completed,482700,16,Not Verified,Web
P2P101761,2023-12-06,Pune,Business Owner,28000.0,Debt Consolidation,391200,369200,14.59,60,C,Completed,574700,9,Verified,Mobile App
P2P101232,2022-09-17,Hyderabad,Salaried,45100.0,Medical,149200,145400,13.04,24,C,Completed,168100,4,Verified,Mobile App
P2P101654,2023-06-11,Ahmedabad,Salaried,141500.0,Debt Consolidation,346100,342800,12.46,24,C,Completed,388200,11,Not Verified,Mobile App
P2P101139,2024-01-20,Chennai,Self-employed,121700.0,Education,70200,66500,15.82,12,D,Completed,77800,2,Not Verified,Web
P2P100901,2022-07-27,Mumbai,Salaried,79300.0,Debt Consolidation,159900,157800,13.18,12,C,Late,86600,6,Verified,Mobile App
P2P100732,2025-05-15,Mumbai,Salaried,35300.0,Education,102200,98500,14.75,48,D,Completed,142000,3,Verified,Web
P2P101844,2024-08-10,Hyderabad,Salaried,54400.0,Home Improvement,455000,440200,12.18,48,B,Active,207500,14,Not Verified,Web
P2P100265,2025-08-01,Ahmedabad,Self-employed,106800.0,Medical,489500,447400,13.25,36,C,Defaulted,47000,10,Not Verified,Web
P2P100275,2024-03-08,Pune,Self-employed,41800.0,Travel,222400,211500,10.95,24,A,Active,148300,7,Verified,Web
P2P101095,2022-09-19,Delhi,Salaried,102700.0,Debt Consolidation,332800,314600,11.89,24,B,Completed,393700,9,Verified,Mobile App
P2P101665,2025-12-22,Delhi,Self-employed,87400.0,Education,160300,148300,19.18,36,D,Active,104100,4,Verified,Mobile App
P2P100445,2025-05-13,Pune,Salaried,35800.0,Home Improvement,206200,196300,17.85,36,D,Active,158800,7,Verified,Mobile App
P2P100040,2023-11-09,Ahmedabad,Salaried,52300.0,Debt Consolidation,217700,211900,12.46,24,B,Active,147400,7,Verified,Mobile App
P2P101123,2025-07-13,Hyderabad,Salaried,24500.0,Debt Consolidation,387000,350400,10.72,36,B,Active,321300,10,Verified,Mobile App
P2P101265,2021-02-05,Kolkata,Freelancer,46800.0,Vehicle,115900,111900,9.96,12,B,Completed,123300,2,Verified,Mobile App
P2P100022,2022-02-17,Ahmedabad,Salaried,99000.0,Education,639400,630500,11.57,60,B,Active,257100,23,Verified,Mobile App
P2P100706,2025-12-19,Ahmedabad,Salaried,101100.0,Vehicle,416000,404000,9.2,36,A,Completed,487600,11,Verified,Mobile App
P2P101439,2022-07-13,Mumbai,Salaried,75700.0,Wedding,129600,119500,12.22,12,B,Active,60500,3,Verified,Web
P2P100518,2025-05-10,Chennai,Business Owner,43100.0,Education,261800,240100,17.1,36,D,Active,210300,6,Verified,Web
P2P101174,2022-11-26,Kolkata,Salaried,119800.0,Debt Consolidation,224600,214200,14.74,12,C,Active,146100,5,Verified,Mobile App
P2P101672,2025-08-02,Pune,Salaried,43700.0,Debt Consolidation,325700,299000,16.41,24,D,Completed,393400,8,Verified,Mobile App
P2P100355,2021-08-05,Jaipur,Salaried,31100.0,Small Business,174600,173400,11.63,36,B,Active,84900,4,Verified,Web
P2P100298,2022-08-15,Bengaluru,Salaried,120400.0,Debt Consolidation,275400,252800,8.01,24,A,Completed,313400,7,Verified,Web
P2P101077,2023-07-27,Pune,Self-employed,71200.0,Travel,169700,155600,11.88,60,B,Completed,222900,5,Verified,Web
P2P100840,2024-09-09,Lucknow,Salaried,65700.0,Home Improvement,196100,186600,9.08,36,B,Active,75200,5,Verified,Mobile App
P2P101223,2023-10-26,Bengaluru,Salaried,53200.0,Debt Consolidation,120800,114300,8.97,36,A,Active,100200,2,Not Verified,Mobile App
P2P100925,2023-10-12,Pune,Salaried,53600.0,Home Improvement,159800,149400,10.63,60,B,Active,64000,4,Verified,Mobile App
P2P100123,2023-03-23,Bengaluru,Self-employed,42900.0,Travel,327800,320700,10.77,24,B,Active,188000,8,Verified,Mobile App
P2P101228,2022-12-30,Bengaluru,Business Owner,21900.0,Home Improvement,199300,197400,10.5,24,B,Active,141400,6,Verified,Web
P2P101092,2024-10-05,Jaipur,Salaried,47100.0,Travel,215600,199500,8.4,36,A,Completed,245300,6,Verified,Web
P2P101248,2021-04-10,Ahmedabad,Business Owner,117100.0,Home Improvement,57900,52700,10.66,24,A,Completed,67100,1,Verified,Web
P2P101152,2025-06-12,Bengaluru,Salaried,87100.0,Debt Consolidation,255500,245600,15.03,48,C,Completed,352200,6,Not Verified,Web
P2P101680,2024-12-14,Bengaluru,Salaried,43800.0,Home Improvement,158600,143700,11.21,12,B,Active,56600,4,Verified,Web
P2P101164,2025-02-15,Chennai,Salaried,37300.0,Education,97700,94700,11.31,36,A,Active,72300,2,Verified,Mobile App
P2P100418,2023-04-12,Jaipur,Salaried,81000.0,Debt Consolidation,130700,128100,11.63,24,B,Active,101800,5,Verified,Web
P2P100967,2025-01-16,Ahmedabad,Freelancer,59700.0,Small Business,703000,663400,10.47,36,B,Active,564100,14,Verified,Web
P2P101243,2025-03-22,Bengaluru,Salaried,88500.0,Education,549600,499800,10.94,24,A,Active,307100,12,Verified,Mobile App
P2P101571,2024-07-01,Delhi,Freelancer,199700.0,Home Improvement,178700,175100,10.67,36,B,Completed,213900,5,Verified,Mobile App
P2P100158,2025-03-10,Chennai,Business Owner,58200.0,Home Improvement,618200,572500,,24,B,Completed,693600,14,Verified,Web
P2P101119,2022-12-09,Chennai,Self-employed,45400.0,Debt Consolidation,266000,245300,10.12,12,B,Completed,283800,7,Not Verified,Mobile App
P2P101280,2024-02-17,Pune,Salaried,74300.0,Vehicle,88000,84600,19.76,12,D,Active,53700,2,Verified,Web
P2P101616,2024-11-05,Hyderabad,Business Owner,44800.0,Debt Consolidation,155000,153500,9.55,36,A,Completed,181400,5,Verified,Web
P2P101668,2025-10-06,Chennai,Business Owner,91600.0,Debt Consolidation,137000,132300,10.85,12,B,Completed,143300,3,Verified,Web
P2P101763,2021-10-28,Delhi,Freelancer,37000.0,Education,90600,82400,20.24,12,D,Active,53500,2,Verified,Mobile App
P2P101064,2023-09-28,Kolkata,Salaried,77600.0,Medical,82900,75300,10.1,24,B,Completed,94700,3,Not Verified,Web
P2P101155,2024-08-19,Mumbai,Self-employed,36500.0,Home Improvement,365600,361500,15.6,24,C,Active,199500,14,Verified,Web
P2P101996,2024-10-16,Mumbai,Self-employed,65200.0,Home Improvement,612200,608000,9.04,36,A,Completed,715500,18,Verified,Mobile App
P2P100190,2022-10-15,Bengaluru,Self-employed,36600.0,Small Business,117000,116000,14.45,24,C,Completed,133200,4,Verified,Mobile App
P2P101952,2022-08-26,Bengaluru,Salaried,34700.0,Vehicle,133500,132900,9.36,24,A,Active,79900,3,Verified,Mobile App
P2P100590,2022-03-18,Kolkata,Self-employed,269200.0,Small Business,310700,294500,10.41,12,B,Completed,331600,7,Not Verified,Mobile App
P2P101427,2021-01-16,Bengaluru,Freelancer,65000.0,Education,162900,149900,14.11,36,C,Late,50200,3,Verified,Web
P2P100761,2022-03-18,Mumbai,Salaried,39900.0,Debt Consolidation,285400,282400,12.59,60,C,Active,211500,6,Verified,Mobile App
P2P101063,2025-03-18,Chennai,Salaried,87700.0,Medical,452900,440800,14.02,36,C,Completed,569700,11,Not Verified,Web
P2P100243,2025-09-17,Pune,,57100.0,Medical,228900,223800,10.7,36,B,Active,161400,7,Not Verified,Web
P2P100885,2025-04-27,Lucknow,Salaried,21700.0,Debt Consolidation,72400,66800,9.89,12,A,Completed,76200,2,Verified,Mobile App
P2P101378,2024-03-13,Delhi,Salaried,37100.0,Debt Consolidation,219000,206000,12.08,24,B,Completed,253100,6,Not Verified,Web
P2P100621,2022-06-02,Bengaluru,Business Owner,66800.0,Vehicle,108500,99100,12.3,36,B,Active,87300,2,Verified,Web
P2P100651,2021-09-24,Bengaluru,Salaried,28400.0,Debt Consolidation,119500,118600,12.32,36,B,Completed,144900,3,Verified,Mobile App
P2P101559,2025-06-15,Hyderabad,Salaried,138600.0,Debt Consolidation,326100,319000,10.6,24,B,Completed,367100,8,Not Verified,Mobile App
P2P100504,2025-05-14,Bengaluru,Salaried,52000.0,Travel,59400,57000,14.68,36,C,Completed,73900,1,Verified,Mobile App
P2P100923,2025-08-22,Mumbai,Self-employed,54700.0,Vehicle,83300,79000,15.74,36,C,Completed,109900,2,Verified,Mobile App
P2P100160,2025-01-27,Ahmedabad,Salaried,31100.0,Small Business,54000,51600,12.45,36,B,Active,22300,2,Verified,Web
P2P101419,2023-12-02,Bengaluru,Salaried,50900.0,Debt Consolidation,178100,177900,10.61,60,A,Completed,230400,4,Not Verified,Mobile App
P2P100883,2021-03-02,Delhi,Business Owner,56100.0,Debt Consolidation,196800,193200,11.1,36,A,Completed,232600,4,Verified,Mobile App
P2P100538,2022-10-28,Jaipur,Self-employed,49000.0,Debt Consolidation,323300,303800,13.92,36,C,Completed,416000,6,Verified,Web
P2P101720,2022-10-08,Lucknow,Salaried,42600.0,Debt Consolidation,325800,316600,16.08,48,D,Completed,465100,11,Verified,Mobile App
P2P100241,2025-10-18,Jaipur,Self-employed,25000.0,Vehicle,141100,132100,18.09,36,D,Active,92000,4,Verified,Web
P2P100014,2022-08-07,Hyderabad,Salaried,75900.0,Debt Consolidation,362700,356800,13.94,36,C,Active,173800,10,Verified,Mobile App
P2P101682,2025-12-01,Hyderabad,Salaried,128700.0,Debt Consolidation,257800,252600,14.32,24,C,Completed,312400,6,Verified,Web
P2P100476,2025-12-23,Jaipur,Salaried,63600.0,Vehicle,462200,455500,11.89,60,B,Completed,605900,14,Verified,Web
P2P101905,2025-02-18,Bengaluru,Salaried,72400.0,Vehicle,589400,572600,16.53,12,D,Active,234700,14,Verified,Mobile App
P2P101871,2025-05-19,Ahmedabad,Salaried,61900.0,Home Improvement,333500,301500,18.81,36,D,Completed,443100,8,Verified,Mobile App
P2P100929,2024-09-11,Chennai,Self-employed,34500.0,Small Business,212600,201000,17.9,24,D,Active,81900,4,Verified,Web
P2P101339,2021-08-10,Chennai,Business Owner,21700.0,Medical,72800,70400,10.15,60,A,Completed,92800,2,Verified,Web
P2P101386,2023-04-06,Delhi,Salaried,70200.0,Vehicle,81700,75800,13.2,12,C,Completed,92000,2,Verified,Mobile App
P2P101615,2023-04-20,Mumbai,Salaried,48600.0,Home Improvement,517500,477200,15.9,36,C,Completed,646300,13,Verified,Web
P2P101345,2025-02-14,Hyderabad,Freelancer,23700.0,Education,304900,278400,9.8,48,A,Active,241800,6,Verified,Web
P2P100796,2025-07-25,Mumbai,Salaried,53400.0,Medical,98900,91400,11.28,48,B,Completed,127400,2,Verified,Mobile App
P2P101450,2024-11-26,Bengaluru,Salaried,63400.0,Debt Consolidation,241500,222200,10.21,36,A,Completed,279600,6,Verified,Web
P2P101697,2021-03-21,Delhi,Salaried,115700.0,Travel,303600,302000,11.93,48,C,Late,176800,9,Verified,Mobile App
P2P101589,2023-10-18,Hyderabad,Freelancer,59300.0,Debt Consolidation,496400,476400,8.3,48,A,Active,217800,10,Verified,Web
P2P100356,2024-09-24,Lucknow,Self-employed,109800.0,Debt Consolidation,642100,613200,11.92,36,C,Active,462000,14,Verified,Web
P2P101059,2024-01-19,Jaipur,Salaried,39100.0,Debt Consolidation,555100,502900,14.65,36,C,Completed,699700,16,Verified,Web
P2P100335,2021-05-21,Mumbai,Salaried,65300.0,Debt Consolidation,503800,455900,19.77,48,D,Completed,741000,15,Verified,Web
P2P100689,2025-03-20,Pune,Salaried,71700.0,Education,622900,595500,14.19,24,C,Active,300100,22,Verified,Web
P2P101401,2022-04-23,Bengaluru,Salaried,40900.0,Debt Consolidation,322200,290100,10.31,12,A,Completed,343700,6,Verified,Mobile App
P2P100185,2022-11-21,Bengaluru,Salaried,49600.0,Small Business,288500,288000,8.6,24,A,Active,176500,7,Verified,Web
P2P100824,2023-08-22,Lucknow,Salaried,23000.0,Debt Consolidation,229400,209900,8.5,36,A,Active,107500,7,Verified,Web
P2P101448,2025-06-13,Mumbai,Self-employed,102900.0,Small Business,465300,460200,9.55,24,B,Active,256100,10,Verified,Mobile App
P2P101879,2023-02-12,Chennai,Salaried,18000.0,Education,87400,82600,13.44,36,C,Defaulted,34700,3,Verified,Mobile App
P2P101350,2021-05-03,Lucknow,Self-employed,46300.0,Debt Consolidation,341600,327400,11.72,48,B,Completed,437900,11,Verified,Web
P2P101002,2024-04-23,Mumbai,Salaried,64100.0,Vehicle,69700,64300,15.95,12,D,Completed,75100,1,Not Verified,Mobile App
P2P100188,2024-05-14,Mumbai,Salaried,99700.0,Small Business,137500,124100,16.97,24,D,Completed,163000,3,Verified,Web
P2P100942,2024-05-12,Ahmedabad,Salaried,41200.0,Medical,107200,103000,13.3,24,C,Active,72500,2,Verified,Mobile App
P2P100285,2024-06-18,Mumbai,Salaried,104700.0,Debt Consolidation,739000,715500,14.33,36,C,Active,607700,21,Not Verified,Mobile App
P2P101416,2025-10-14,Pune,Salaried,93500.0,Education,110000,109200,13.55,12,C,Late,61700,4,Verified,Web
P2P100900,2021-09-19,Delhi,Business Owner,56600.0,Debt Consolidation,161400,149900,11.21,24,B,Active,71300,6,Verified,Mobile App
P2P101965,2024-06-08,Pune,Salaried,80100.0,Debt Consolidation,166700,158500,11.49,24,B,Active,57200,4,Verified,Mobile App
P2P100166,2025-06-10,Hyderabad,Salaried,44300.0,Travel,547100,535100,13.02,48,C,Completed,730900,21,Verified,Web
P2P100348,2021-05-19,Lucknow,Salaried,60200.0,Home Improvement,105900,104300,17.25,24,D,Late,76700,3,Verified,Web
P2P100299,2024-08-25,Chennai,Salaried,30800.0,Debt Consolidation,171400,170600,13.43,48,C,Active,127000,4,Verified,Mobile App
P2P100536,2025-10-24,Mumbai,Self-employed,24800.0,Vehicle,91500,91200,13.32,36,C,Late,39200,4,Not Verified,Web
P2P100230,2024-09-07,Delhi,Salaried,67700.0,Debt Consolidation,86100,84300,15.04,24,C,Active,40300,2,Verified,Mobile App
P2P101884,2025-03-09,Jaipur,Freelancer,30300.0,Debt Consolidation,1462300,1442900,17.94,24,D,Active,1168500,32,Not Verified,Web
P2P101852,2025-05-17,Chennai,Freelancer,27800.0,Debt Consolidation,88100,86700,14.12,36,C,Completed,107400,3,Verified,Mobile App
P2P101719,2025-12-11,Delhi,Salaried,18800.0,Home Improvement,600500,543800,10.16,36,A,Completed,721100,12,Verified,Mobile App
P2P101880,2024-05-29,Bengaluru,Salaried,62900.0,Debt Consolidation,254500,245300,8.83,48,A,Active,159100,6,Not Verified,Mobile App
P2P100042,2024-02-12,Bengaluru,Salaried,51100.0,Education,92700,84400,9.54,36,A,Completed,108400,2,Verified,Mobile App
P2P100869,2025-07-13,Pune,Self-employed,44200.0,Debt Consolidation,107700,103200,17.97,48,D,Active,79800,2,Verified,Mobile App
P2P100749,2025-09-06,Lucknow,Salaried,85000.0,Vehicle,289500,271500,12.64,24,C,Completed,336300,6,Verified,Mobile App
P2P101931,2024-06-21,Ahmedabad,Salaried,21900.0,Wedding,123100,122200,15.39,24,C,Active,89800,4,Not Verified,Mobile App
P2P101887,2021-01-29,Mumbai,Salaried,74800.0,Wedding,256100,241900,11.32,12,A,Late,104800,7,Verified,Mobile App
P2P101612,2024-10-07,Mumbai,Self-employed,70200.0,Debt Consolidation,369100,342900,14.51,36,D,Active,146200,11,Verified,Mobile App
P2P101568,2021-10-20,Bengaluru,Self-employed,76200.0,Small Business,179700,164900,12.88,36,B,Late,113300,4,Verified,Mobile App
P2P100447,2025-12-14,Lucknow,Salaried,43800.0,Debt Consolidation,61800,58000,11.38,24,B,Completed,71700,2,Verified,Web
P2P101472,2025-02-09,Bengaluru,Salaried,67200.0,Small Business,191600,184500,13.73,24,B,Active,140800,6,Verified,Mobile App
P2P100350,2024-08-30,Chennai,Self-employed,47100.0,Debt Consolidation,316900,311100,14.55,24,C,Completed,382900,6,Verified,Mobile App
P2P100046,2024-10-25,Kolkata,Salaried,97500.0,Small Business,270200,247500,10.41,60,A,Active,184600,6,Verified,Web
P2P101941,2021-06-29,Delhi,Salaried,50900.0,Small Business,161200,148800,18.64,60,E,Late,51200,4,Verified,Web
P2P101971,2021-03-16,Lucknow,Business Owner,43300.0,Travel,791000,742600,13.0,60,C,Active,395000,23,Not Verified,Web
P2P100109,2022-09-14,Mumbai,Business Owner,67000.0,Debt Consolidation,200000,181100,12.19,24,C,Completed,229500,4,Verified,Mobile App
P2P101642,2025-06-18,Delhi,Business Owner,67200.0,Wedding,723300,677700,17.88,12,D,Completed,832700,19,Not Verified,Mobile App
P2P101686,2025-07-13,Kolkata,Self-employed,46900.0,Education,69400,67600,8.12,36,A,Completed,78100,2,Verified,Mobile App
P2P100030,2021-05-23,Bengaluru,Salaried,29800.0,Small Business,462600,425300,11.98,48,B,Completed,610500,10,Verified,Mobile App
P2P100182,2021-12-14,Mumbai,Self-employed,47400.0,Debt Consolidation,93000,87900,22.19,48,E,Completed,141100,3,Not Verified,Mobile App
P2P100622,2022-07-31,Delhi,Business Owner,39800.0,Wedding,203000,197800,10.37,36,B,Active,145500,6,Verified,Mobile App
P2P101444,2023-11-16,Chennai,Freelancer,38200.0,Travel,335900,327500,13.36,24,C,Active,285100,8,Verified,Mobile App
P2P100635,2021-11-25,Pune,Salaried,105500.0,Small Business,115700,114100,10.64,24,B,Active,61300,3,Verified,Mobile App
P2P101975,2023-02-14,Hyderabad,Salaried,166400.0,Debt Consolidation,237600,236800,12.37,36,B,Completed,294400,7,Verified,Web
P2P100105,2025-09-08,Bengaluru,Salaried,53000.0,Vehicle,835000,794700,14.95,60,C,Completed,1245100,18,Not Verified,Mobile App
P2P100061,2023-08-04,Delhi,Salaried,43700.0,Debt Consolidation,93100,89800,10.56,24,A,Completed,105100,2,Verified,Mobile App
P2P100659,2024-09-30,Bengaluru,Salaried,90900.0,Debt Consolidation,296800,295000,10.62,60,B,Completed,393200,7,Verified,Mobile App
P2P101108,2025-03-06,Mumbai,Salaried,93500.0,Debt Consolidation,531100,526900,18.03,24,D,Completed,647100,18,Not Verified,Mobile App
P2P100491,2023-12-09,Pune,Salaried,82100.0,Debt Consolidation,229200,218400,15.76,24,D,Active,87900,8,Verified,Mobile App
P2P100316,2024-12-15,Jaipur,Salaried,159500.0,Debt Consolidation,352800,326100,17.41,60,D,Completed,526700,9,Verified,Web
P2P101475,2023-04-09,Delhi,Salaried,87800.0,Vehicle,285300,272400,11.33,36,B,Completed,338900,8,Verified,Web
P2P100382,2024-12-16,Hyderabad,Salaried,53700.0,Vehicle,377600,377100,13.63,36,C,Completed,464800,9,Not Verified,Mobile App
P2P100423,2021-10-07,Bengaluru,Self-employed,43900.0,Small Business,201100,188500,14.8,36,C,Active,134100,4,Not Verified,Web
P2P101521,2021-07-04,Delhi,Business Owner,44000.0,Debt Consolidation,130200,128400,14.02,36,C,Completed,159300,4,Verified,Mobile App
P2P101948,2022-03-08,Chennai,Salaried,74600.0,Medical,220900,212900,20.08,48,E,Completed,326100,6,Verified,Mobile App
P2P101764,2024-02-01,Chennai,Salaried,57300.0,Debt Consolidation,212600,210300,20.41,36,E,Defaulted,90200,8,Not Verified,Mobile App
P2P101548,2024-05-06,Mumbai,Salaried,47500.0,Education,343500,340000,11.79,12,B,Defaulted,42800,7,Verified,Mobile App
P2P100446,2025-10-27,Hyderabad,Freelancer,69400.0,Home Improvement,184300,168800,10.65,36,A,Active,73700,6,Verified,Web
P2P100664,2022-10-04,,Business Owner,70000.0,Small Business,80600,72900,8.83,12,B,Completed,85300,2,Verified,Mobile App
P2P101025,2025-10-23,Pune,Freelancer,93500.0,Debt Consolidation,131000,129400,10.65,60,A,Active,88000,4,Verified,Mobile App
P2P100780,2024-09-22,Bengaluru,Salaried,96200.0,Debt Consolidation,624700,619700,19.04,24,D,Active,272400,18,Verified,Mobile App
P2P101530,2024-04-19,,Salaried,76900.0,Home Improvement,129600,121300,9.1,60,A,Active,76800,3,Verified,Mobile App
P2P100627,2023-12-22,Kolkata,Salaried,53400.0,Debt Consolidation,114500,111400,12.86,48,C,Completed,152100,2,Verified,Web
P2P101482,2022-01-03,Bengaluru,Salaried,177800.0,Medical,271400,265000,12.22,24,B,Late,152800,9,Verified,Mobile App
P2P101513,2025-11-06,Bengaluru,Business Owner,58000.0,Travel,201700,189500,16.23,24,D,Defaulted,41800,5,Not Verified,Mobile App
P2P101113,2022-09-03,Delhi,Self-employed,154100.0,Small Business,99300,97000,12.85,36,C,Completed,123600,2,Verified,Mobile App
P2P101508,2024-04-11,Delhi,,23200.0,Education,192600,182200,8.59,36,A,Completed,229800,4,Verified,Web
P2P101485,2023-04-04,Delhi,Self-employed,57700.0,Medical,249400,237100,14.42,24,B,Active,216200,5,Verified,Mobile App
P2P101102,2025-11-23,Mumbai,Salaried,50600.0,Small Business,192300,189900,20.49,36,E,Completed,257300,7,Verified,Mobile App
P2P100269,2023-06-10,Delhi,Business Owner,51800.0,Debt Consolidation,137700,132900,20.12,24,E,Completed,172500,5,Verified,Web
P2P100930,2022-11-21,Pune,Business Owner,117500.0,Home Improvement,336400,306400,10.44,36,A,Completed,411600,9,Verified,Mobile App
P2P101148,2024-10-19,Mumbai,,49000.0,Small Business,355900,351200,14.07,36,C,Active,222900,8,Verified,Mobile App
P2P101322,2022-04-05,Hyderabad,Salaried,39600.0,Debt Consolidation,392800,369600,13.88,48,B,Defaulted,31300,14,Not Verified,Mobile App
P2P101906,2022-07-15,Lucknow,Self-employed,27300.0,Education,82600,78800,15.93,24,D,Completed,98200,2,Verified,Web
P2P101120,2022-01-25,Pune,Salaried,54700.0,Debt Consolidation,264000,252100,13.7,12,C,Active,135500,9,Verified,Web
P2P101758,2024-02-01,Jaipur,Salaried,35200.0,Home Improvement,86300,82700,17.8,36,D,Active,72800,3,Verified,Mobile App
P2P100012,2025-11-24,Ahmedabad,Salaried,72300.0,Debt Consolidation,126500,114800,17.03,36,D,Completed,160900,2,Verified,Web
P2P100115,2024-09-10,Mumbai,Self-employed,30900.0,Small Business,210900,208800,11.56,24,B,Active,176700,7,Verified,Mobile App
P2P100844,2025-11-13,Bengaluru,Salaried,68100.0,Travel,72600,71900,11.03,48,A,Completed,89200,3,Not Verified,Mobile App
P2P101453,2025-07-21,Mumbai,Salaried,56400.0,Small Business,163400,155900,9.34,36,A,Completed,184900,6,Verified,Web
P2P101282,2024-12-25,Bengaluru,Salaried,101600.0,Debt Consolidation,262100,254100,14.44,36,C,Completed,340200,8,Verified,Mobile App
P2P101756,2025-04-29,Kolkata,Salaried,48300.0,Debt Consolidation,73700,68000,10.41,24,A,Completed,84500,2,Verified,Web
P2P101789,2021-07-24,Bengaluru,Freelancer,34300.0,Debt Consolidation,165400,162900,15.03,36,C,Active,87800,6,Verified,Mobile App
P2P100353,2024-10-19,Bengaluru,Salaried,43000.0,Medical,365300,354000,18.78,12,D,Active,184400,14,Verified,Mobile App
P2P101984,2024-01-24,Mumbai,Salaried,84100.0,Debt Consolidation,269800,267500,12.93,48,B,Completed,342000,10,Verified,Mobile App
P2P100774,2023-08-20,Mumbai,Business Owner,96700.0,Education,599700,567700,15.72,24,C,Completed,700800,22,Verified,Web
P2P100691,2023-04-03,Kolkata,Salaried,84200.0,Education,199000,196800,17.53,60,D,Completed,312000,5,Verified,Web
P2P101947,2023-11-10,Pune,Salaried,251400.0,Small Business,369800,333000,18.01,36,D,Active,205100,9,Verified,Web
P2P100791,2022-03-22,Ahmedabad,Salaried,28500.0,Small Business,103700,95100,11.92,36,B,Active,76500,3,Verified,Mobile App
P2P100532,2025-12-31,Jaipur,Salaried,57800.0,Vehicle,406200,397200,9.9,36,A,Completed,467700,10,Verified,Web
P2P100868,2022-05-27,Mumbai,Salaried,56000.0,Small Business,274800,274000,11.22,24,B,Active,204800,7,Verified,Mobile App
P2P100170,2024-07-07,Bengaluru,Salaried,47700.0,Home Improvement,597700,561400,11.66,24,B,Completed,692700,18,Verified,Mobile App
P2P100240,2022-05-16,Jaipur,Salaried,18000.0,Debt Consolidation,90800,84500,18.77,12,D,Active,44500,3,Verified,Mobile App
P2P101302,2025-10-13,Hyderabad,Salaried,37500.0,Travel,171900,159800,11.1,60,C,Completed,224500,4,Verified,Mobile App
P2P101185,2021-11-10,Mumbai,Self-employed,95600.0,Education,198000,188100,8.66,36,A,Active,112000,4,Verified,Web
P2P100074,2025-05-16,Hyderabad,Self-employed,90200.0,Vehicle,192400,189300,13.32,36,C,Completed,232900,4,Verified,Web
P2P101554,2025-08-09,Hyderabad,Self-employed,37400.0,Education,323200,309400,9.32,48,A,Completed,393500,10,Not Verified,Web
P2P101087,2024-08-11,Chennai,Business Owner,67000.0,Home Improvement,428900,415000,18.08,36,D,Active,279000,9,Not Verified,Mobile App
P2P100762,2023-03-11,Bengaluru,Freelancer,58000.0,Debt Consolidation,131800,130600,11.35,36,B,Completed,157800,5,Verified,Mobile App
P2P101517,2024-10-02,,Business Owner,44900.0,Debt Consolidation,108400,105400,14.34,36,C,Active,97300,2,Verified,Mobile App
P2P100741,2023-12-22,Mumbai,Self-employed,67700.0,Home Improvement,285900,269100,12.03,24,B,Completed,338100,6,Verified,Web
P2P100751,2021-12-24,Mumbai,Salaried,88200.0,Home Improvement,210100,198800,9.67,36,A,Completed,255000,4,Verified,Mobile App
P2P100742,2023-02-19,Bengaluru,Salaried,27700.0,Debt Consolidation,67200,65700,11.29,24,B,Active,50700,2,Verified,Mobile App
P2P100831,2022-09-04,Jaipur,Business Owner,71800.0,Education,257800,248600,14.73,36,C,Completed,334500,6,Verified,Web
P2P101820,2023-07-22,Pune,Salaried,32300.0,Education,160600,150000,13.7,36,B,Active,143500,4,Verified,Web
P2P100048,2024-03-21,Hyderabad,Salaried,39800.0,Small Business,506900,468400,11.4,24,B,Active,325300,16,Not Verified,Mobile App
P2P100763,2022-10-30,Mumbai,Self-employed,61200.0,Medical,296000,288300,10.5,36,B,Completed,348800,10,Not Verified,Mobile App
P2P100592,2024-09-22,Delhi,Salaried,67300.0,Vehicle,109300,106500,13.54,36,C,Completed,133600,4,Verified,Web
P2P100808,2025-09-30,Delhi,Freelancer,64500.0,Debt Consolidation,289200,278300,12.52,12,B,Completed,313600,6,Verified,Mobile App
P2P101084,2025-08-03,Hyderabad,Salaried,63400.0,Medical,279200,265000,10.75,36,B,Active,197200,7,Verified,Mobile App
P2P100506,2022-04-12,Kolkata,Salaried,75200.0,Debt Consolidation,215800,207400,11.92,36,B,Completed,257100,4,Verified,Web
P2P101045,2025-08-12,Jaipur,Self-employed,38000.0,Small Business,272800,265900,14.55,36,C,Completed,340700,9,Verified,Mobile App
P2P101449,2025-10-24,Chennai,Salaried,55500.0,Medical,160600,160000,8.6,48,A,Completed,189000,3,Not Verified,Mobile App
P2P100653,2024-07-01,Delhi,Salaried,35100.0,Home Improvement,183100,179200,11.41,36,B,Completed,216300,5,Not Verified,Mobile App
P2P100193,2025-08-30,Kolkata,Salaried,34700.0,Small Business,115800,112700,11.51,36,A,Completed,138300,4,Verified,Web
P2P101667,2022-07-29,Chennai,Self-employed,45800.0,Vehicle,229300,209500,13.62,24,C,Completed,275200,8,Verified,Web
P2P101240,2022-06-05,Hyderabad,Salaried,54000.0,Education,151500,142400,14.72,36,C,Completed,192000,4,Verified,Mobile App
P2P100245,2021-02-17,Kolkata,Salaried,27000.0,Vehicle,231900,224800,16.36,48,C,Completed,328700,7,Verified,Web
P2P101388,2022-01-28,Lucknow,Freelancer,50400.0,Education,266200,259900,14.57,12,C,Active,170700,7,Not Verified,Mobile App
P2P100060,2023-04-06,Ahmedabad,Freelancer,91200.0,Education,260000,251400,11.12,24,A,Completed,296500,9,Verified,Mobile App
P2P101246,2024-08-30,Bengaluru,Self-employed,35400.0,Debt Consolidation,357300,328400,14.19,48,C,Active,239300,7,Not Verified,Mobile App
P2P100177,2024-12-07,Pune,Self-employed,49300.0,Debt Consolidation,927900,872600,12.22,48,B,Completed,1191000,19,Verified,Mobile App
P2P100450,2021-09-13,Pune,Self-employed,39000.0,Home Improvement,312600,301200,10.18,24,A,Completed,353200,9,Verified,Web
P2P100056,2025-09-25,Hyderabad,Salaried,27400.0,Small Business,123300,111300,11.78,12,B,Completed,135400,4,Verified,Web
P2P101828,2025-11-22,Delhi,Salaried,62400.0,Education,104200,99600,15.1,24,C,Completed,121700,2,Verified,Web
P2P101279,2022-02-24,Kolkata,Freelancer,93900.0,Home Improvement,570700,538500,16.59,12,D,Completed,626300,13,Not Verified,Mobile App
P2P100920,2022-02-19,Delhi,Salaried,19800.0,Home Improvement,194600,182200,15.44,36,C,Completed,247400,4,Verified,Mobile App
P2P101410,2025-07-21,Pune,Salaried,30200.0,Debt Consolidation,341800,313900,9.64,24,A,Completed,375700,12,Verified,Web
P2P101973,2022-12-27,Mumbai,Business Owner,33200.0,Debt Consolidation,134200,125400,11.12,48,B,Active,62000,4,Not Verified,Mobile App
P2P101222,2022-03-16,Mumbai,Salaried,67400.0,Debt Consolidation,902600,855000,16.61,48,C,Active,516400,25,Not Verified,Web
P2P101093,2024-08-02,Chennai,Business Owner,56100.0,Home Improvement,245700,231600,7.71,36,A,Active,118600,8,Verified,Web
P2P101747,2021-02-28,Mumbai,Self-employed,30700.0,Small Business,296200,282700,17.14,12,D,Defaulted,18100,7,Not Verified,Mobile App
P2P101769,2023-07-11,Bengaluru,Salaried,84200.0,Debt Consolidation,165200,160700,14.44,24,C,Completed,190200,4,Verified,Mobile App
P2P101738,2022-06-26,Mumbai,Salaried,151700.0,Small Business,799800,753300,10.34,48,B,Completed,965600,21,Verified,Web
P2P101193,2023-05-15,Hyderabad,Business Owner,34100.0,Travel,120500,112000,13.2,60,C,Completed,167100,4,Verified,Mobile App
P2P101210,2025-12-28,Kolkata,Salaried,162300.0,Medical,113400,111200,14.03,48,B,Completed,149300,2,Verified,Web
P2P101060,2024-09-01,Jaipur,Salaried,74100.0,Travel,551500,522400,9.11,36,A,Completed,648300,18,Verified,Mobile App
P2P100642,2023-03-31,Kolkata,Salaried,84700.0,Debt Consolidation,275700,272800,12.48,36,C,Completed,339100,9,Verified,Mobile App
